"Account Name","Parent Account","Account Number","Parent Account Number","Is Group","Account Type","Root Type","Account Currency"
"Assets - Aktiva - 资产","","","","1","","Asset","CZK"
"Liabilities - Pasiva - 负债","","","","1","","Liability","CZK"
"Equity - Vlastní kapitál - 权益","","","","1","","Equity","CZK"
"Expenses - Náklady - 费用","","","","1","Expense Account","Expense","CZK"
"Income - Výnosy - 收入","","","","1","Income Account","Income","CZK"
"A. - Stálá aktiva / 固定资产 / Инвестиционные активы","Assets - Aktiva - 资产","","","1","","Asset","CZK"
"B. - Oběžná aktiva / 流动资产 / Оборотные активы","Assets - Aktiva - 资产","","","1","","Asset","CZK"
"C. - Vlastní kapitál / 所有者权益 / Собственный капитал","Equity - Vlastní kapitál - 权益","","","1","","Equity","CZK"
"D. - Cizí zdroje / 负债 / Обязательства","Liabilities - Pasiva - 负债","","","1","","Liability","CZK"
"A. - NÁKLADY CELKEM / 总费用 / Общие расходы","Expenses - Náklady - 费用","","","1","","Expense","CZK"
"B. - VÝNOSY CELKEM / 总收入 / Общие доходы","Income - Výnosy - 收入","","","1","","Income","CZK"
"C. - VÝSLEDEK HOSPODAŘENÍ / 经营成果 / Результат хозяйствования","Income - Výnosy - 收入","","","1","","Income","CZK"
"A.I. - Dlouhodobý nehmotný majetek / 长期无形资产 / Долгосрочные нематериальные активы","A. - Stálá aktiva / 固定资产 / Инвестиционные активы","","","1","","Asset","CZK"
"B.I. - Zásoby / 存货 / Запасы","B. - Oběžná aktiva / 流动资产 / Оборотные активы","","","1","","Asset","CZK"
"C.I. - Jmění účetní jednotky a upravující položky / 会计单位净资产及调整项目 / Имущество бухгалтерской единицы и корректирующие статьи","C. - Vlastní kapitál / 所有者权益 / Собственный капитал","","","1","","Equity","CZK"
"D.I. - Rezervy / 预计负债 / Резервы","D. - Cizí zdroje / 负债 / Обязательства","","","1","","Liability","CZK"
"A.I. - Náklady z činnosti / 经营活动费用 / Расходы от деятельности","A. - NÁKLADY CELKEM / 总费用 / Общие расходы","","","1","","Expense","CZK"
"A.V. - Daň z příjmů / 所得税 / Налог на доходы","A. - NÁKLADY CELKEM / 总费用 / Общие расходы","","","1","","Expense","CZK"
"B.I. - Výnosy z činnosti / 经营活动收入 / Доходы от деятельности","B. - VÝNOSY CELKEM / 总收入 / Общие доходы","","","1","","Income","CZK"
"B.V. - Výnosy ze sdílených daní a poplatků / 共享税及费用收入 / Доходы от совместных налогов и сборов","B. - VÝNOSY CELKEM / 总收入 / Общие доходы","","","1","","Income","CZK"
"C.1. - Výsledek hospodaření před zdaněním / 税前经营成果 / Результат хозяйствования до налогообложения","C. - VÝSLEDEK HOSPODAŘENÍ / 经营成果 / Результат хозяйствования","","","1","","Income","CZK"
"C.2. - Výsledek hospodaření běžného účetního období / 当前财政年度经营成果 / Результат управления текущего отчетного периода","C. - VÝSLEDEK HOSPODAŘENÍ / 经营成果 / Результат хозяйствования","","","1","","Income","CZK"
"A.II. - Dlouhodobý hmotný majetek / 长期有形资产 / Долгосрочные материальные активы","A. - Stálá aktiva / 固定资产 / Инвестиционные активы","","","1","","Asset","CZK"
"A.IV. - Dlouhodobé pohledávky / 长期应收款 / Долгосрочные дебиторские задолженности","A. - Stálá aktiva / 固定资产 / Инвестиционные активы","","","1","","Asset","CZK"
"B.II. - Krátkodobé pohledávky / 短期应收款项 / Краткосрочные дебиторские задолженности","B. - Oběžná aktiva / 流动资产 / Оборотные активы","","","1","","Asset","CZK"
"C.II. - Fondy účetní jednotky / 会计单位基金 / Фонды учетной единицы","C. - Vlastní kapitál / 所有者权益 / Собственный капитал","","","1","","Equity","CZK"
"C.IV. - Příjmový a výdajový účet rozpočtového hospodaření / 预算收支账户 / Доходно-расходный счет бюджетного управления","C. - Vlastní kapitál / 所有者权益 / Собственный капитал","","","1","","Equity","CZK"
"D.II. - Dlouhodobé závazky / 长期负债 / Долгосрочные обязательства","D. - Cizí zdroje / 负债 / Обязательства","","","1","","Liability","CZK"
"A.II. - Finanční náklady / 财务费用 / Финансовые расходы","A. - NÁKLADY CELKEM / 总费用 / Общие расходы","","","1","","Expense","CZK"
"A.IV. - Náklady ze sdílených daní a poplatků / 共享税和费用 / Расходы из совместно используемых налогов и сборов","A. - NÁKLADY CELKEM / 总费用 / Общие расходы","","","1","","Expense","CZK"
"B.II. - Finanční výnosy / 财务收入 / Финансовые доходы","B. - VÝNOSY CELKEM / 总收入 / Общие доходы","","","1","","Income","CZK"
"B.IV. - Výnosy z transferů / 转移收入 / Доходы от трансфертов","B. - VÝNOSY CELKEM / 总收入 / Общие доходы","","","1","","Income","CZK"
"A.I.1. - Nehmotné výsledky výzkumu a vývoje / 无形资产 - 研发 / Нематериальные результаты исследований и разработок","A.I. - Dlouhodobý nehmotný majetek / 长期无形资产 / Долгосрочные нематериальные активы","","","1","","Asset","CZK"
"012 - Nehmotné výsledky výzkumu a vývoje / 无形资产 - 研发 / Нематериальные результаты исследований и разработок","A.I.1. - Nehmotné výsledky výzkumu a vývoje / 无形资产 - 研发 / Нематериальные результаты исследований и разработок","012","","0","","Asset","CZK"
"A.I.2. - Software / 软件 / Программное обеспечение","A.I. - Dlouhodobý nehmotný majetek / 长期无形资产 / Долгосрочные нематериальные активы","","","1","","Asset","CZK"
"013 - Software / 软件 / Программное обеспечение","A.I.2. - Software / 软件 / Программное обеспечение","013","","0","","Asset","CZK"
"A.I.3. - Ocenitelná práva / 可评估权利 / Оценочные права","A.I. - Dlouhodobý nehmotný majetek / 长期无形资产 / Долгосрочные нематериальные активы","","","1","","Asset","CZK"
"014 - Ocenitelná práva / 可评估权利 / Оценочные права","A.I.3. - Ocenitelná práva / 可评估权利 / Оценочные права","014","","0","","Asset","CZK"
"A.I.4. - Povolenky na emise a preferenční limity / 排放许可和优先限额 / Лимиты на эмиссии и предпочтительные лимиты","A.I. - Dlouhodobý nehmotný majetek / 长期无形资产 / Долгосрочные нематериальные активы","","","1","","Asset","CZK"
"015 - Povolenky na emise a preferenční limity / 排放许可和优先限额 / Лимиты на эмиссии и предпочтительные лимиты","A.I.4. - Povolenky na emise a preferenční limity / 排放许可和优先限额 / Лимиты на эмиссии и предпочтительные лимиты","015","","0","","Asset","CZK"
"A.I.5. - Drobný dlouhodobý nehmotný majetek / 小额长期无形资产 / Мелкие долгосрочные нематериальные активы","A.I. - Dlouhodobý nehmotný majetek / 长期无形资产 / Долгосрочные нематериальные активы","","","1","","Asset","CZK"
"018 - Drobný dlouhodobý nehmotný majetek / 小额长期无形资产 / Мелкие долгосрочные нематериальные активы","A.I.5. - Drobný dlouhodobý nehmotný majetek / 小额长期无形资产 / Мелкие долгосрочные нематериальные активы","018","","0","","Asset","CZK"
"A.I.6. - Ostatní dlouhodobý nehmotný majetek / 其他长期无形资产 / Прочие долгосрочные нематериальные активы","A.I. - Dlouhodobý nehmotný majetek / 长期无形资产 / Долгосрочные нематериальные активы","","","1","","Asset","CZK"
"019 - Ostatní dlouhodobý nehmotný majetek / 其他长期无形资产 / Прочие долгосрочные нематериальные активы","A.I.6. - Ostatní dlouhodobý nehmotný majetek / 其他长期无形资产 / Прочие долгосрочные нематериальные активы","019","","0","","Asset","CZK"
"A.I.7. - Nedokončený dlouhodobý nehmotný majetek / 未完成的长期无形资产 / Незавершенные долгосрочные нематериальные активы","A.I. - Dlouhodobý nehmotný majetek / 长期无形资产 / Долгосрочные нематериальные активы","","","1","","Asset","CZK"
"041 - Nedokončený dlouhodobý nehmotný majetek / 未完成的长期无形资产 / Незавершенные долгосрочные нематериальные активы","A.I.7. - Nedokončený dlouhodobý nehmotný majetek / 未完成的长期无形资产 / Незавершенные долгосрочные нематериальные активы","041","","0","","Asset","CZK"
"A.I.8. - Poskytnuté zálohy na dlouhodobý nehmotný majetek / 长期无形资产预付款 / Предоплаты по долгосрочным нематериальным активам","A.I. - Dlouhodobý nehmotný majetek / 长期无形资产 / Долгосрочные нематериальные активы","","","1","","Asset","CZK"
"051 - Poskytnuté zálohy na dlouhodobý nehmotný majetek / 长期无形资产预付款 / Предоплаты по долгосрочным нематериальным активам","A.I.8. - Poskytnuté zálohy na dlouhodobý nehmotný majetek / 长期无形资产预付款 / Предоплаты по долгосрочным нематериальным активам","051","","0","","Asset","CZK"
"A.I.9. - Dlouhodobý nehmotný majetek určený k prodeji / 待售的长期无形资产 / Долгосрочные нематериальные активы, предназначенные для продажи","A.I. - Dlouhodobý nehmotný majetek / 长期无形资产 / Долгосрочные нематериальные активы","","","1","","Asset","CZK"
"035 - Dlouhodobý nehmotný majetek určený k prodeji / 待售的长期无形资产 / Долгосрочные нематериальные активы, предназначенные для продажи","A.I.9. - Dlouhodobý nehmotný majetek určený k prodeji / 待售的长期无形资产 / Долгосрочные нематериальные активы, предназначенные для продажи","035","","0","","Asset","CZK"
"A.III. - Dlouhodobý finanční majetek / 长期金融资产 / Долгосрочные финансовые активы","A. - Stálá aktiva / 固定资产 / Инвестиционные активы","","","1","","Asset","CZK"
"AKTIVA - Aktiva celkem / 总资产 / Общие активы","Assets - Aktiva - 资产","","","1","","Asset","CZK"
"B.I.1. - Pořízení materiálu / 材料采购 / Приобретение материалов","B.I. - Zásoby / 存货 / Запасы","","","1","","Asset","CZK"
"111 - Pořízení materiálu / 材料采购 / Приобретение материалов","B.I.1. - Pořízení materiálu / 材料采购 / Приобретение материалов","111","","0","","Asset","CZK"
"B.I.2. - Materiál na skladě / 库存材料 / Материал на складе","B.I. - Zásoby / 存货 / Запасы","","","1","","Asset","CZK"
"112 - Materiál na skladě / 库存材料 / Материал на складе","B.I.2. - Materiál na skladě / 库存材料 / Материал на складе","112","","0","","Asset","CZK"
"B.I.3. - Materiál na cestě / 在途材料 / Материал в пути","B.I. - Zásoby / 存货 / Запасы","","","1","","Asset","CZK"
"119 - Materiál na cestě / 在途材料 / Материал в пути","B.I.3. - Materiál na cestě / 在途材料 / Материал в пути","119","","0","","Asset","CZK"
"B.I.4. - Nedokončená výroba / 在产品 / Незавершенное производство","B.I. - Zásoby / 存货 / Запасы","","","1","","Asset","CZK"
"121 - Nedokončená výroba / 在产品 / Незавершенное производство","B.I.4. - Nedokončená výroba / 在产品 / Незавершенное производство","121","","0","","Asset","CZK"
"B.I.5. - Polotovary vlastní výroby / 自制半成品 / Полуфабрикаты собственного производства","B.I. - Zásoby / 存货 / Запасы","","","1","","Asset","CZK"
"122 - Polotovary vlastní výroby / 自制半成品 / Полуфабрикаты собственного производства","B.I.5. - Polotovary vlastní výroby / 自制半成品 / Полуфабрикаты собственного производства","122","","0","","Asset","CZK"
"B.I.6. - Výrobky / 库存 - 成品 / Производимая продукция","B.I. - Zásoby / 存货 / Запасы","","","1","","Asset","CZK"
"123 - Výrobky / 库存 - 成品 / Производимая продукция","B.I.6. - Výrobky / 库存 - 成品 / Производимая продукция","123","","0","","Asset","CZK"
"B.I.7. - Pořízení zboží / 库存 - 外购商品 / Приобретение товаров","B.I. - Zásoby / 存货 / Запасы","","","1","","Asset","CZK"
"131 - Pořízení zboží / 库存 - 外购商品 / Приобретение товаров","B.I.7. - Pořízení zboží / 库存 - 外购商品 / Приобретение товаров","131","","0","","Asset","CZK"
"B.I.8. - Zboží na skladě / 库存 - 仓储商品 / Товары на складе","B.I. - Zásoby / 存货 / Запасы","","","1","","Asset","CZK"
"132 - Zboží na skladě / 库存 - 仓储商品 / Товары на складе","B.I.8. - Zboží na skladě / 库存 - 仓储商品 / Товары на складе","132","","0","","Asset","CZK"
"B.I.9. - Zboží na cestě / 库存 - 在途商品 / Товары в пути","B.I. - Zásoby / 存货 / Запасы","","","1","","Asset","CZK"
"138 - Zboží na cestě / 库存 - 在途商品 / Товары в пути","B.I.9. - Zboží na cestě / 库存 - 在途商品 / Товары в пути","138","","0","","Asset","CZK"
"B.III. - Krátkodobý finanční majetek / 短期金融资产 / Краткосрочные финансовые активы","B. - Oběžná aktiva / 流动资产 / Оборотные активы","","","1","","Asset","CZK"
"C.I.1. - Jmění účetní jednotky / 会计单位净资产 / Имущество бухгалтерской единицы","C.I. - Jmění účetní jednotky a upravující položky / 会计单位净资产及调整项目 / Имущество бухгалтерской единицы и корректирующие статьи","","","1","","Equity","CZK"
"401 - Jmění účetní jednotky / 会计单位净资产 / Имущество бухгалтерской единицы","C.I.1. - Jmění účetní jednotky / 会计单位净资产 / Имущество бухгалтерской единицы","401","","0","","Equity","CZK"
"C.I.2. - Fond privatizace / 私有化基金 / Фонд приватизации","C.I. - Jmění účetní jednotky a upravující položky / 会计单位净资产及调整项目 / Имущество бухгалтерской единицы и корректирующие статьи","","","1","","Equity","CZK"
"402 - Fond privatizace / 私有化基金 / Фонд приватизации","C.I.2. - Fond privatizace / 私有化基金 / Фонд приватизации","402","","0","","Equity","CZK"
"C.I.3. - Transfery na pořízení dlouhodobého majetku / 长期资产购置转移 / Переводы на приобретение долгосрочных активов","C.I. - Jmění účetní jednotky a upravující položky / 会计单位净资产及调整项目 / Имущество бухгалтерской единицы и корректирующие статьи","","","1","","Equity","CZK"
"403 - Transfery na pořízení dlouhodobého majetku / 长期资产购置转移 / Переводы на приобретение долгосрочных активов","C.I.3. - Transfery na pořízení dlouhodobého majetku / 长期资产购置转移 / Переводы на приобретение долгосрочных активов","403","","0","","Equity","CZK"
"C.I.4. - Kurzové rozdíly / 汇兑差额 / Валютные разницы","C.I. - Jmění účetní jednotky a upravující položky / 会计单位净资产及调整项目 / Имущество бухгалтерской единицы и корректирующие статьи","","","1","","Equity","CZK"
"405 - Kurzové rozdíly / 汇兑差额 / Валютные разницы","C.I.4. - Kurzové rozdíly / 汇兑差额 / Валютные разницы","405","","0","","Equity","CZK"
"C.I.5. - Oceňovací rozdíly při prvotním použití metody / 首次应用方法时的重估差异 / Оценочные разницы при первом применении метода","C.I. - Jmění účetní jednotky a upravující položky / 会计单位净资产及调整项目 / Имущество бухгалтерской единицы и корректирующие статьи","","","1","","Equity","CZK"
"406 - Oceňovací rozdíly při prvotním použití metody / 首次应用方法时的重估差异 / Оценочные разницы при первом применении метода","C.I.5. - Oceňovací rozdíly při prvotním použití metody / 首次应用方法时的重估差异 / Оценочные разницы при первом применении метода","406","","0","","Equity","CZK"
"C.I.6. - Jiné oceňovací rozdíly / 其他评估差异 / Другие оценочные разницы","C.I. - Jmění účetní jednotky a upravující položky / 会计单位净资产及调整项目 / Имущество бухгалтерской единицы и корректирующие статьи","","","1","","Equity","CZK"
"407 - Jiné oceňovací rozdíly / 其他评估差异 / Другие оценочные разницы","C.I.6. - Jiné oceňovací rozdíly / 其他评估差异 / Другие оценочные разницы","407","","0","","Equity","CZK"
"C.I.7. - Opravy předcházejících účetních období / 前期调整 / Исправления за предыдущие отчетные периоды","C.I. - Jmění účetní jednotky a upravující položky / 会计单位净资产及调整项目 / Имущество бухгалтерской единицы и корректирующие статьи","","","1","","Equity","CZK"
"408 - Opravy předcházejících účetních období / 前期调整 / Исправления за предыдущие отчетные периоды","C.I.7. - Opravy předcházejících účetních období / 前期调整 / Исправления за предыдущие отчетные периоды","408","","0","","Equity","CZK"
"C.III. - Výsledek hospodaření / 经营成果 / Результат управления","C. - Vlastní kapitál / 所有者权益 / Собственный капитал","","","1","","Equity","CZK"
"D.I.1. - Rezervy / 预计负债 / Резервы","D.I. - Rezervy / 预计负债 / Резервы","","","1","","Liability","CZK"
"441 - Rezervy / 预计负债 / Резервы","D.I.1. - Rezervy / 预计负债 / Резервы","441","","0","","Liability","CZK"
"D.III. - Krátkodobé závazky / 短期负债 / Краткосрочные обязательства","D. - Cizí zdroje / 负债 / Обязательства","","","1","","Liability","CZK"
"PASIVA - Pasiva celkem / 总负债 / Общие пассивы","Liabilities - Pasiva - 负债","","","1","","Liability","CZK"
"A.I.1. - Spotřeba materiálu / 材料消耗 / Потребление материалов","A.I. - Náklady z činnosti / 经营活动费用 / Расходы от деятельности","","","1","","Expense","CZK"
"501 - Spotřeba materiálu / 材料消耗 / Потребление материалов","A.I.1. - Spotřeba materiálu / 材料消耗 / Потребление материалов","501","","0","","Expense","CZK"
"A.I.2. - Spotřeba energie / 能源消耗 / Потребление энергии","A.I. - Náklady z činnosti / 经营活动费用 / Расходы от деятельности","","","1","","Expense","CZK"
"502 - Spotřeba energie / 能源消耗 / Потребление энергии","A.I.2. - Spotřeba energie / 能源消耗 / Потребление энергии","502","","0","","Expense","CZK"
"A.I.3. - Spotřeba jiných neskladovatelných dodávek / 消耗其他非库存物资 / Потребление других нематериальных поставок","A.I. - Náklady z činnosti / 经营活动费用 / Расходы от деятельности","","","1","","Expense","CZK"
"503 - Spotřeba jiných neskladovatelných dodávek / 消耗其他非库存物资 / Потребление других нематериальных поставок","A.I.3. - Spotřeba jiných neskladovatelných dodávek / 消耗其他非库存物资 / Потребление других нематериальных поставок","503","","0","","Expense","CZK"
"A.I.4. - Prodané zboží / 已售商品成本 / Проданное товарное запасы","A.I. - Náklady z činnosti / 经营活动费用 / Расходы от деятельности","","","1","","Expense","CZK"
"504 - Prodané zboží / 已售商品成本 / Проданное товарное запасы","A.I.4. - Prodané zboží / 已售商品成本 / Проданное товарное запасы","504","","0","","Expense","CZK"
"A.I.5. - Aktivace dlouhodobého majetku / 长期资产的资本化 / Капитализация долгосрочного имущества","A.I. - Náklady z činnosti / 经营活动费用 / Расходы от деятельности","","","1","","Expense","CZK"
"506 - Aktivace dlouhodobého majetku / 长期资产的资本化 / Капитализация долгосрочного имущества","A.I.5. - Aktivace dlouhodobého majetku / 长期资产的资本化 / Капитализация долгосрочного имущества","506","","0","","Expense","CZK"
"A.I.6. - Aktivace oběžného majetku / 流动资产的资本化 / Капитализация оборотных активов","A.I. - Náklady z činnosti / 经营活动费用 / Расходы от деятельности","","","1","","Expense","CZK"
"507 - Aktivace oběžného majetku / 流动资产的资本化 / Капитализация оборотных активов","A.I.6. - Aktivace oběžného majetku / 流动资产的资本化 / Капитализация оборотных активов","507","","0","","Expense","CZK"
"A.I.7. - Změna stavu zásob vlastní výroby / 自产存货变动 / Изменение запасов собственного производства","A.I. - Náklady z činnosti / 经营活动费用 / Расходы от деятельности","","","1","","Expense","CZK"
"508 - Změna stavu zásob vlastní výroby / 自产存货变动 / Изменение запасов собственного производства","A.I.7. - Změna stavu zásob vlastní výroby / 自产存货变动 / Изменение запасов собственного производства","508","","0","","Expense","CZK"
"A.I.8. - Opravy a udržování / 修理和维护 / Ремонт и обслуживание","A.I. - Náklady z činnosti / 经营活动费用 / Расходы от деятельности","","","1","","Expense","CZK"
"511 - Opravy a udržování / 修理和维护 / Ремонт и обслуживание","A.I.8. - Opravy a udržování / 修理和维护 / Ремонт и обслуживание","511","","0","","Expense","CZK"
"A.I.9. - Cestovné / 差旅费 / Расходы на командировки","A.I. - Náklady z činnosti / 经营活动费用 / Расходы от деятельности","","","1","","Expense","CZK"
"512 - Cestovné / 差旅费 / Расходы на командировки","A.I.9. - Cestovné / 差旅费 / Расходы на командировки","512","","0","","Expense","CZK"
"A.III. - Náklady na transfery / 转移成本 / Расходы на переводы","A. - NÁKLADY CELKEM / 总费用 / Общие расходы","","","1","","Expense","CZK"
"A.V.1. - Daň z příjmů / 所得税 / Налог на доходы","A.V. - Daň z příjmů / 所得税 / Налог на доходы","","","1","","Expense","CZK"
"591 - Daň z příjmů / 所得税 / Налог на доходы","A.V.1. - Daň z příjmů / 所得税 / Налог на доходы","591","","0","","Expense","CZK"
"A.V.2. - Dodatečné odvody daně z příjmů / 额外所得税扣除 / Дополнительные удержания подоходного налога","A.V. - Daň z příjmů / 所得税 / Налог на доходы","","","1","","Expense","CZK"
"595 - Dodatečné odvody daně z příjmů / 额外所得税扣除 / Дополнительные удержания подоходного налога","A.V.2. - Dodatečné odvody daně z příjmů / 额外所得税扣除 / Дополнительные удержания подоходного налога","595","","0","","Expense","CZK"
"B.I.1. - Výnosy z prodeje vlastních výrobků / 销售自产产品收入 / Доходы от продажи собственной продукции","B.I. - Výnosy z činnosti / 经营活动收入 / Доходы от деятельности","","","1","","Income","CZK"
"601 - Výnosy z prodeje vlastních výrobků / 销售自产产品收入 / Доходы от продажи собственной продукции","B.I.1. - Výnosy z prodeje vlastních výrobků / 销售自产产品收入 / Доходы от продажи собственной продукции","601","","0","","Income","CZK"
"B.I.2. - Výnosy z prodeje služeb / 服务销售收入 / Доходы от продажи услуг","B.I. - Výnosy z činnosti / 经营活动收入 / Доходы от деятельности","","","1","","Income","CZK"
"602 - Výnosy z prodeje služeb / 服务销售收入 / Доходы от продажи услуг","B.I.2. - Výnosy z prodeje služeb / 服务销售收入 / Доходы от продажи услуг","602","","0","","Income","CZK"
"B.I.3. - Výnosy z pronájmu / 租金收入 / Доходы от аренды","B.I. - Výnosy z činnosti / 经营活动收入 / Доходы от деятельности","","","1","","Income","CZK"
"603 - Výnosy z pronájmu / 租金收入 / Доходы от аренды","B.I.3. - Výnosy z pronájmu / 租金收入 / Доходы от аренды","603","","0","","Income","CZK"
"B.I.4. - Výnosy z prodaného zboží / 销售商品收入 / Доходы от продажи товаров","B.I. - Výnosy z činnosti / 经营活动收入 / Доходы от деятельности","","","1","","Income","CZK"
"604 - Výnosy z prodaného zboží / 销售商品收入 / Доходы от продажи товаров","B.I.4. - Výnosy z prodaného zboží / 销售商品收入 / Доходы от продажи товаров","604","","0","","Income","CZK"
"B.I.5. - Výnosy ze správních poplatků / 行政费用收入 / Доходы от административных сборов","B.I. - Výnosy z činnosti / 经营活动收入 / Доходы от деятельности","","","1","","Income","CZK"
"605 - Výnosy ze správních poplatků / 行政费用收入 / Доходы от административных сборов","B.I.5. - Výnosy ze správních poplatků / 行政费用收入 / Доходы от административных сборов","605","","0","","Income","CZK"
"B.I.6. - Výnosy z místních poplatků / 地方费用收入 / Доходы от местных сборов","B.I. - Výnosy z činnosti / 经营活动收入 / Доходы от деятельности","","","1","","Income","CZK"
"606 - Výnosy z místních poplatků / 地方费用收入 / Доходы от местных сборов","B.I.6. - Výnosy z místních poplatků / 地方费用收入 / Доходы от местных сборов","606","","0","","Income","CZK"
"B.I.7. - Výnosy ze soudních poplatků / 法院费用收入 / Доходы от судебных сборов","B.I. - Výnosy z činnosti / 经营活动收入 / Доходы от деятельности","","","1","","Income","CZK"
"607 - Výnosy ze soudních poplatků / 法院费用收入 / Доходы от судебных сборов","B.I.7. - Výnosy ze soudních poplatků / 法院费用收入 / Доходы от судебных сборов","607","","0","","Income","CZK"
"B.I.8. - Jiné výnosy z vlastních výkonů / 其他自身活动收入 / Прочие доходы от собственной деятельности","B.I. - Výnosy z činnosti / 经营活动收入 / Доходы от деятельности","","","1","","Income","CZK"
"609 - Jiné výnosy z vlastních výkonů / 其他自身活动收入 / Прочие доходы от собственной деятельности","B.I.8. - Jiné výnosy z vlastních výkonů / 其他自身活动收入 / Прочие доходы от собственной деятельности","609","","0","","Income","CZK"
"B.I.9. - Smluvní pokuty a úroky z prodlení / 合同罚金和迟延利息 / Штрафы по договорам и проценты за просрочку","B.I. - Výnosy z činnosti / 经营活动收入 / Доходы от деятельности","","","1","","Income","CZK"
"641 - Smluvní pokuty a úroky z prodlení / 合同罚金和迟延利息 / Штрафы по договорам и проценты за просрочку","B.I.9. - Smluvní pokuty a úroky z prodlení / 合同罚金和迟延利息 / Штрафы по договорам и проценты за просрочку","641","","0","","Income","CZK"
"B.III. - Výnosy z daní a poplatků / 税收和费用收入 / Доходы от налогов и сборов","B. - VÝNOSY CELKEM / 总收入 / Общие доходы","","","1","","Income","CZK"
"B.V.1. - Výnosy ze sdílené daně z příjmů fyzických osob / 共享个人所得税收入 / Доходы от общей подоходной налога физических лиц","B.V. - Výnosy ze sdílených daní a poplatků / 共享税及费用收入 / Доходы от совместных налогов и сборов","","","1","","Income","CZK"
"681 - Výnosy ze sdílené daně z příjmů fyzických osob / 共享个人所得税收入 / Доходы от общей подоходной налога физических лиц","B.V.1. - Výnosy ze sdílené daně z příjmů fyzických osob / 共享个人所得税收入 / Доходы от общей подоходной налога физических лиц","681","","0","","Income","CZK"
"B.V.2. - Výnosy ze sdílené daně z příjmů právnických osob / 共享企业所得税收入 / Доходы от общей подоходной налога юридических лиц","B.V. - Výnosy ze sdílených daní a poplatků / 共享税及费用收入 / Доходы от совместных налогов и сборов","","","1","","Income","CZK"
"682 - Výnosy ze sdílené daně z příjmů právnických osob / 共享企业所得税收入 / Доходы от общей подоходной налога юридических лиц","B.V.2. - Výnosy ze sdílené daně z příjmů právnických osob / 共享企业所得税收入 / Доходы от общей подоходной налога юридических лиц","682","","0","","Income","CZK"
"B.V.3. - Výnosy ze sdílené daně z přidané hodnoty / 共享增值税收入 / Доходы от общей налога на добавленную стоимость","B.V. - Výnosy ze sdílených daní a poplatků / 共享税及费用收入 / Доходы от совместных налогов и сборов","","","1","","Income","CZK"
"684 - Výnosy ze sdílené daně z přidané hodnoty / 共享增值税收入 / Доходы от общей налога на добавленную стоимость","B.V.3. - Výnosy ze sdílené daně z přidané hodnoty / 共享增值税收入 / Доходы от общей налога на добавленную стоимость","684","","0","","Income","CZK"
"B.V.4. - Výnosy ze sdílených spotřebních daní / 共享消费税收入 / Доходы от общих потребительских налогов","B.V. - Výnosy ze sdílených daní a poplatků / 共享税及费用收入 / Доходы от совместных налогов и сборов","","","1","","Income","CZK"
"685 - Výnosy ze sdílených spotřebních daní / 共享消费税收入 / Доходы от общих потребительских налогов","B.V.4. - Výnosy ze sdílených spotřebních daní / 共享消费税收入 / Доходы от общих потребительских налогов","685","","0","","Income","CZK"
"B.V.5. - Výnosy ze sdílených majetkových daní / 共享财产税收入 / Доходы от общих имущественных налогов","B.V. - Výnosy ze sdílených daní a poplatků / 共享税及费用收入 / Доходы от совместных налогов и сборов","","","1","","Income","CZK"
"686 - Výnosy ze sdílených majetkových daní / 共享财产税收入 / Доходы от общих имущественных налогов","B.V.5. - Výnosy ze sdílených majetkových daní / 共享财产税收入 / Доходы от общих имущественных налогов","686","","0","","Income","CZK"
"B.V.6. - Výnosy z ostatních sdílených daní a poplatků / 其他共享税和费用收入 / Доходы от других общих налогов и сборов","B.V. - Výnosy ze sdílených daní a poplatků / 共享税及费用收入 / Доходы от совместных налогов и сборов","","","1","","Income","CZK"
"688 - Výnosy z ostatních sdílených daní a poplatků / 其他共享税和费用收入 / Доходы от других общих налогов и сборов","B.V.6. - Výnosy z ostatních sdílených daní a poplatků / 其他共享税和费用收入 / Доходы от других общих налогов и сборов","688","","0","","Income","CZK"
"A.II.1. - Pozemky / 土地 / Земельные участки","A.II. - Dlouhodobý hmotný majetek / 长期有形资产 / Долгосрочные материальные активы","","","1","","Asset","CZK"
"031 - Pozemky / 土地 / Земельные участки","A.II.1. - Pozemky / 土地 / Земельные участки","031","","0","","Asset","CZK"
"A.II.2. - Kulturní předměty / 文化资产 / Культурные объекты","A.II. - Dlouhodobý hmotný majetek / 长期有形资产 / Долгосрочные материальные активы","","","1","","Asset","CZK"
"032 - Kulturní předměty / 文化资产 / Культурные объекты","A.II.2. - Kulturní předměty / 文化资产 / Культурные объекты","032","","0","","Asset","CZK"
"A.II.3. - Stavby / 建筑物 / Здания","A.II. - Dlouhodobý hmotný majetek / 长期有形资产 / Долгосрочные материальные активы","","","1","","Asset","CZK"
"021 - Stavby / 建筑物 / Здания","A.II.3. - Stavby / 建筑物 / Здания","021","","0","","Asset","CZK"
"A.II.4. - Samostatné hmotné movité věci a soubory hmotných movitých věcí / 有形动产及有形动产集合 / Отд. движ. мат. активы/группы","A.II. - Dlouhodobý hmotný majetek / 长期有形资产 / Долгосрочные материальные активы","","","1","","Asset","CZK"
"022 - Samostatné hmotné movité věci a soubory hmotných movitých věcí / 有形动产及有形动产集合 / Отд. движ. мат. активы/группы","A.II.4. - Samostatné hmotné movité věci a soubory hmotných movitých věcí / 有形动产及有形动产集合 / Отд. движ. мат. активы/группы","022","","0","","Asset","CZK"
"A.II.5. - Pěstitelské celky trvalých porostů / 多年生作物种植园 / Посадочные комплексы долгосрочных насаждений","A.II. - Dlouhodobý hmotný majetek / 长期有形资产 / Долгосрочные материальные активы","","","1","","Asset","CZK"
"025 - Pěstitelské celky trvalých porostů / 多年生作物种植园 / Посадочные комплексы долгосрочных насаждений","A.II.5. - Pěstitelské celky trvalých porostů / 多年生作物种植园 / Посадочные комплексы долгосрочных насаждений","025","","0","","Asset","CZK"
"A.II.6. - Drobný dlouhodobý hmotný majetek / 小额长期有形资产 / Мелкий долгосрочный материальный актив","A.II. - Dlouhodobý hmotný majetek / 长期有形资产 / Долгосрочные материальные активы","","","1","","Asset","CZK"
"028 - Drobný dlouhodobý hmotný majetek / 小额长期有形资产 / Мелкий долгосрочный материальный актив","A.II.6. - Drobný dlouhodobý hmotný majetek / 小额长期有形资产 / Мелкий долгосрочный материальный актив","028","","0","","Asset","CZK"
"A.II.7. - Ostatní dlouhodobý hmotný majetek / 其他长期有形资产 / Прочие долгосрочные материальные активы","A.II. - Dlouhodobý hmotný majetek / 长期有形资产 / Долгосрочные материальные активы","","","1","","Asset","CZK"
"029 - Ostatní dlouhodobý hmotný majetek / 其他长期有形资产 / Прочие долгосрочные материальные активы","A.II.7. - Ostatní dlouhodobý hmotný majetek / 其他长期有形资产 / Прочие долгосрочные материальные активы","029","","0","","Asset","CZK"
"A.II.8. - Nedokončený dlouhodobý hmotný majetek / 未完成长期有形资产 / Незавершенные долгосрочные материальные активы","A.II. - Dlouhodobý hmotný majetek / 长期有形资产 / Долгосрочные материальные активы","","","1","","Asset","CZK"
"042 - Nedokončený dlouhodobý hmotný majetek / 未完成长期有形资产 / Незавершенные долгосрочные материальные активы","A.II.8. - Nedokončený dlouhodobý hmotný majetek / 未完成长期有形资产 / Незавершенные долгосрочные материальные активы","042","","0","","Asset","CZK"
"A.II.9. - Poskytnuté zálohy na dlouhodobý hmotný majetek / 长期有形资产预付款 / Предоплаты по долгосрочным материальным активам","A.II. - Dlouhodobý hmotný majetek / 长期有形资产 / Долгосрочные материальные активы","","","1","","Asset","CZK"
"052 - Poskytnuté zálohy na dlouhodobý hmotný majetek / 长期有形资产预付款 / Предоплаты по долгосрочным материальным активам","A.II.9. - Poskytnuté zálohy na dlouhodobý hmotný majetek / 长期有形资产预付款 / Предоплаты по долгосрочным материальным активам","052","","0","","Asset","CZK"
"A.IV.1. - Poskytnuté návratné finanční výpomoci dlouhodobé / 长期可偿还财务援助 / Долгосрочная возвращаемая финансовая помощь","A.IV. - Dlouhodobé pohledávky / 长期应收款 / Долгосрочные дебиторские задолженности","","","1","","Asset","CZK"
"462 - Poskytnuté návratné finanční výpomoci dlouhodobé / 长期可偿还财务援助 / Долгосрочная возвращаемая финансовая помощь","A.IV.1. - Poskytnuté návratné finanční výpomoci dlouhodobé / 长期可偿还财务援助 / Долгосрочная возвращаемая финансовая помощь","462","","0","","Asset","CZK"
"A.IV.2. - Dlouhodobé pohledávky z postoupených úvěrů / 长期转让贷款债权 / Долгосрочные требования по переданным кредитам","A.IV. - Dlouhodobé pohledávky / 长期应收款 / Долгосрочные дебиторские задолженности","","","1","","Asset","CZK"
"464 - Dlouhodobé pohledávky z postoupených úvěrů / 长期转让贷款债权 / Долгосрочные требования по переданным кредитам","A.IV.2. - Dlouhodobé pohledávky z postoupených úvěrů / 长期转让贷款债权 / Долгосрочные требования по переданным кредитам","464","","0","","Asset","CZK"
"A.IV.3. - Dlouhodobé poskytnuté zálohy / 长期预付款 / Долгосрочные авансы, предоставленные","A.IV. - Dlouhodobé pohledávky / 长期应收款 / Долгосрочные дебиторские задолженности","","","1","","Asset","CZK"
"465 - Dlouhodobé poskytnuté zálohy / 长期预付款 / Долгосрочные авансы, предоставленные","A.IV.3. - Dlouhodobé poskytnuté zálohy / 长期预付款 / Долгосрочные авансы, предоставленные","465","","0","","Asset","CZK"
"A.IV.4. - Dlouhodobé pohledávky z ručení / 长期担保债权 / Долгосрочные требования по гарантиям","A.IV. - Dlouhodobé pohledávky / 长期应收款 / Долгосрочные дебиторские задолженности","","","1","","Asset","CZK"
"466 - Dlouhodobé pohledávky z ručení / 长期担保债权 / Долгосрочные требования по гарантиям","A.IV.4. - Dlouhodobé pohledávky z ručení / 长期担保债权 / Долгосрочные требования по гарантиям","466","","0","","Asset","CZK"
"A.IV.5. - Ostatní dlouhodobé pohledávky / 其他长期债权 / Прочие долгосрочные требования","A.IV. - Dlouhodobé pohledávky / 长期应收款 / Долгосрочные дебиторские задолженности","","","1","","Asset","CZK"
"469 - Ostatní dlouhodobé pohledávky / 其他长期债权 / Прочие долгосрочные требования","A.IV.5. - Ostatní dlouhodobé pohledávky / 其他长期债权 / Прочие долгосрочные требования","469","","0","","Asset","CZK"
"A.IV.6. - Dlouhodobé poskytnuté zálohy na transfery / 长期转移预付款 / Долгосрочные авансы, предоставленные на трансферы","A.IV. - Dlouhodobé pohledávky / 长期应收款 / Долгосрочные дебиторские задолженности","","","1","","Asset","CZK"
"471 - Dlouhodobé poskytnuté zálohy na transfery / 长期转移预付款 / Долгосрочные авансы, предоставленные на трансферы","A.IV.6. - Dlouhodobé poskytnuté zálohy na transfery / 长期转移预付款 / Долгосрочные авансы, предоставленные на трансферы","471","","0","","Asset","CZK"
"A.IV.7. - Dlouhodobé zprostředkování transferů / 长期转移中介 / Долгосрочное посредничество в трансферах","A.IV. - Dlouhodobé pohledávky / 长期应收款 / Долгосрочные дебиторские задолженности","","","1","","Asset","CZK"
"475 - Dlouhodobé zprostředkování transferů / 长期转移中介 / Долгосрочное посредничество в трансферах","A.IV.7. - Dlouhodobé zprostředkování transferů / 长期转移中介 / Долгосрочное посредничество в трансферах","475","","0","","Asset","CZK"
"B.I.10. - Ostatní zásoby / 其他存货 / Прочие запасы","B.I. - Zásoby / 存货 / Запасы","","","1","","Asset","CZK"
"139 - Ostatní zásoby / 其他存货 / Прочие запасы","B.I.10. - Ostatní zásoby / 其他存货 / Прочие запасы","139","","0","","Asset","CZK"
"B.II.1. - Odběratelé / 应收账款 - 客户 / Дебиторы: покупатели","B.II. - Krátkodobé pohledávky / 短期应收款项 / Краткосрочные дебиторские задолженности","","","1","","Asset","CZK"
"311 - Odběratelé / 应收账款 - 客户 / Дебиторы: покупатели","B.II.1. - Odběratelé / 应收账款 - 客户 / Дебиторы: покупатели","311","","0","","Asset","CZK"
"B.II.2. - Směnky k inkasu / 应收票据 / Векселя к погашению","B.II. - Krátkodobé pohledávky / 短期应收款项 / Краткосрочные дебиторские задолженности","","","1","","Asset","CZK"
"312 - Směnky k inkasu / 应收票据 / Векселя к погашению","B.II.2. - Směnky k inkasu / 应收票据 / Векселя к погашению","312","","0","","Asset","CZK"
"B.II.3. - Pohledávky za eskontované cenné papíry / 贴现有价证券应收款项 / Дебиторская задолженность по эсконтированным ценным бумагам","B.II. - Krátkodobé pohledávky / 短期应收款项 / Краткосрочные дебиторские задолженности","","","1","","Asset","CZK"
"313 - Pohledávky za eskontované cenné papíry / 贴现有价证券应收款项 / Дебиторская задолженность по эсконтированным ценным бумагам","B.II.3. - Pohledávky za eskontované cenné papíry / 贴现有价证券应收款项 / Дебиторская задолженность по эсконтированным ценным бумагам","313","","0","","Asset","CZK"
"B.II.4. - Krátkodobé poskytnuté zálohy / 提供的短期预付款 / Краткосрочные авансы, предоставленные","B.II. - Krátkodobé pohledávky / 短期应收款项 / Краткосрочные дебиторские задолженности","","","1","","Asset","CZK"
"314 - Krátkodobé poskytnuté zálohy / 提供的短期预付款 / Краткосрочные авансы, предоставленные","B.II.4. - Krátkodobé poskytnuté zálohy / 提供的短期预付款 / Краткосрочные авансы, предоставленные","314","","0","","Asset","CZK"
"B.II.5. - Jiné pohledávky z hlavní činnosti / 其他主营业务应收款项 / Прочие дебиторская задолженность от основной деятельности","B.II. - Krátkodobé pohledávky / 短期应收款项 / Краткосрочные дебиторские задолженности","","","1","","Asset","CZK"
"315 - Jiné pohledávky z hlavní činnosti / 其他主营业务应收款项 / Прочие дебиторская задолженность от основной деятельности","B.II.5. - Jiné pohledávky z hlavní činnosti / 其他主营业务应收款项 / Прочие дебиторская задолженность от основной деятельности","315","","0","","Asset","CZK"
"B.II.6. - Poskytnuté návratné finanční výpomoci krátkodobé / 提供的短期可偿还财务援助 / Краткосрочные возвратные финансовые субсидии","B.II. - Krátkodobé pohledávky / 短期应收款项 / Краткосрочные дебиторские задолженности","","","1","","Asset","CZK"
"316 - Poskytnuté návratné finanční výpomoci krátkodobé / 提供的短期可偿还财务援助 / Краткосрочные возвратные финансовые субсидии","B.II.6. - Poskytnuté návratné finanční výpomoci krátkodobé / 提供的短期可偿还财务援助 / Краткосрочные возвратные финансовые субсидии","316","","0","","Asset","CZK"
"B.II.7. - Krátkodobé pohledávky z postoupených úvěrů / 来自已转让贷款的短期应收款项 / Краткосрочные требования по переданным кредитам","B.II. - Krátkodobé pohledávky / 短期应收款项 / Краткосрочные дебиторские задолженности","","","1","","Asset","CZK"
"317 - Krátkodobé pohledávky z postoupených úvěrů / 来自已转让贷款的短期应收款项 / Краткосрочные требования по переданным кредитам","B.II.7. - Krátkodobé pohledávky z postoupených úvěrů / 来自已转让贷款的短期应收款项 / Краткосрочные требования по переданным кредитам","317","","0","","Asset","CZK"
"B.II.8. - Pohledávky z přerozdělovaných daní / 来自再分配税的应收款项 / Требования по перераспределенным налогам","B.II. - Krátkodobé pohledávky / 短期应收款项 / Краткосрочные дебиторские задолженности","","","1","","Asset","CZK"
"319 - Pohledávky z přerozdělovaných daní / 来自再分配税的应收款项 / Требования по перераспределенным налогам","B.II.8. - Pohledávky z přerozdělovaných daní / 来自再分配税的应收款项 / Требования по перераспределенным налогам","319","","0","","Asset","CZK"
"B.II.9. - Pohledávky za zaměstnanci / 来自员工的应收款项 / Требования к сотрудникам","B.II. - Krátkodobé pohledávky / 短期应收款项 / Краткосрочные дебиторские задолженности","","","1","","Asset","CZK"
"335 - Pohledávky za zaměstnanci / 来自员工的应收款项 / Требования к сотрудникам","B.II.9. - Pohledávky za zaměstnanci / 来自员工的应收款项 / Требования к сотрудникам","335","","0","","Asset","CZK"
"C.II.1. - Fond odměn / 薪酬基金 / Фонд вознаграждений","C.II. - Fondy účetní jednotky / 会计单位基金 / Фонды учетной единицы","","","1","","Equity","CZK"
"411 - Fond odměn / 薪酬基金 / Фонд вознаграждений","C.II.1. - Fond odměn / 薪酬基金 / Фонд вознаграждений","411","","0","","Equity","CZK"
"C.II.2. - Fond kulturních a sociálních potřeb / 文化和社会需求基金 / Фонд культурных и социальных нужд","C.II. - Fondy účetní jednotky / 会计单位基金 / Фонды учетной единицы","","","1","","Equity","CZK"
"412 - Fond kulturních a sociálních potřeb / 文化和社会需求基金 / Фонд культурных и социальных нужд","C.II.2. - Fond kulturních a sociálních potřeb / 文化和社会需求基金 / Фонд культурных и социальных нужд","412","","0","","Equity","CZK"
"C.II.3. - Rezervní fond tvořený ze zlepšeného výsledku hospodaření / 经营改善准备金 / Рез. фонд улучш. фин. рез.","C.II. - Fondy účetní jednotky / 会计单位基金 / Фонды учетной единицы","","","1","","Equity","CZK"
"413 - Rezervní fond tvořený ze zlepšeného výsledku hospodaření / 经营改善准备金 / Рез. фонд улучш. фин. рез.","C.II.3. - Rezervní fond tvořený ze zlepšeného výsledku hospodaření / 经营改善准备金 / Рез. фонд улучш. фин. рез.","413","","0","","Equity","CZK"
"C.II.4. - Rezervní fond z ostatních titulů / 其他标题的预计负债基金 / Резервный фонд из других источников","C.II. - Fondy účetní jednotky / 会计单位基金 / Фонды учетной единицы","","","1","","Equity","CZK"
"414 - Rezervní fond z ostatních titulů / 其他标题的预计负债基金 / Резервный фонд из других источников","C.II.4. - Rezervní fond z ostatních titulů / 其他标题的预计负债基金 / Резервный фонд из других источников","414","","0","","Equity","CZK"
"C.II.5. - Fond reprodukce majetku, fond investic / 资产再生产基金、投资基金 / Фонд воспроизводства имущества, инвестиционный фонд","C.II. - Fondy účetní jednotky / 会计单位基金 / Фонды учетной единицы","","","1","","Equity","CZK"
"416 - Fond reprodukce majetku, fond investic / 资产再生产基金、投资基金 / Фонд воспроизводства имущества, инвестиционный фонд","C.II.5. - Fond reprodukce majetku, fond investic / 资产再生产基金、投资基金 / Фонд воспроизводства имущества, инвестиционный фонд","416","","0","","Equity","CZK"
"C.II.6. - Ostatní fondy / 其他基金 / Прочие фонды","C.II. - Fondy účetní jednotky / 会计单位基金 / Фонды учетной единицы","","","1","","Equity","CZK"
"419 - Ostatní fondy / 其他基金 / Прочие фонды","C.II.6. - Ostatní fondy / 其他基金 / Прочие фонды","419","","0","","Equity","CZK"
"C.IV.1. - Příjmový účet organizačních složek státu / 国家组织单位收入账户 / Доходный счет организационных структур государства","C.IV. - Příjmový a výdajový účet rozpočtového hospodaření / 预算收支账户 / Доходно-расходный счет бюджетного управления","","","1","","Equity","CZK"
"222 - Příjmový účet organizačních složek státu / 国家组织单位收入账户 / Доходный счет организационных структур государства","C.IV.1. - Příjmový účet organizačních složek státu / 国家组织单位收入账户 / Доходный счет организационных структур государства","222","","0","","Equity","CZK"
"C.IV.2. - Zvláštní výdajový účet / 特别支出账户 / Специальный расходный счет","C.IV. - Příjmový a výdajový účet rozpočtového hospodaření / 预算收支账户 / Доходно-расходный счет бюджетного управления","","","1","","Equity","CZK"
"223 - Zvláštní výdajový účet / 特别支出账户 / Специальный расходный счет","C.IV.2. - Zvláštní výdajový účet / 特别支出账户 / Специальный расходный счет","223","","0","","Equity","CZK"
"C.IV.3. - Účet hospodaření státního rozpočtu / 国家预算管理账户 / Счет управления государственного бюджета","C.IV. - Příjmový a výdajový účet rozpočtového hospodaření / 预算收支账户 / Доходно-расходный счет бюджетного управления","","","1","","Equity","CZK"
"227 - Účet hospodaření státního rozpočtu / 国家预算管理账户 / Счет управления государственного бюджета","C.IV.3. - Účet hospodaření státního rozpočtu / 国家预算管理账户 / Счет управления государственного бюджета","227","","0","","Equity","CZK"
"C.IV.4. - Agregované příjmy a výdaje předcházejících účetních období / 前期会计期间的汇总收入和支出 / Агр. д. и р. пр. п.","C.IV. - Příjmový a výdajový účet rozpočtového hospodaření / 预算收支账户 / Доходно-расходный счет бюджетного управления","","","1","","Equity","CZK"
"404 - Agregované příjmy a výdaje předcházejících účetních období / 前期会计期间的汇总收入和支出 / Агр. д. и р. пр. п.","C.IV.4. - Agregované příjmy a výdaje předcházejících účetních období / 前期会计期间的汇总收入和支出 / Агр. д. и р. пр. п.","404","","0","","Equity","CZK"
"D.II.1. - Dlouhodobé úvěry / 长期借款 / Долгосрочные кредиты","D.II. - Dlouhodobé závazky / 长期负债 / Долгосрочные обязательства","","","1","","Liability","CZK"
"451 - Dlouhodobé úvěry / 长期借款 / Долгосрочные кредиты","D.II.1. - Dlouhodobé úvěry / 长期借款 / Долгосрочные кредиты","451","","0","","Liability","CZK"
"D.II.2. - Přijaté návratné finanční výpomoci dlouhodobé / 收到的长期可偿还财务援助 / Долгосрочные полученные возвратные финансовые субсидии","D.II. - Dlouhodobé závazky / 长期负债 / Долгосрочные обязательства","","","1","","Liability","CZK"
"452 - Přijaté návratné finanční výpomoci dlouhodobé / 收到的长期可偿还财务援助 / Долгосрочные полученные возвратные финансовые субсидии","D.II.2. - Přijaté návratné finanční výpomoci dlouhodobé / 收到的长期可偿还财务援助 / Долгосрочные полученные возвратные финансовые субсидии","452","","0","","Liability","CZK"
"D.II.3. - Dlouhodobé závazky z vydaných dluhopisů / 长期负债-发行债券 / Долгосрочные обязательства по выпущенным облигациям","D.II. - Dlouhodobé závazky / 长期负债 / Долгосрочные обязательства","","","1","","Liability","CZK"
"453 - Dlouhodobé závazky z vydaných dluhopisů / 长期负债-发行债券 / Долгосрочные обязательства по выпущенным облигациям","D.II.3. - Dlouhodobé závazky z vydaných dluhopisů / 长期负债-发行债券 / Долгосрочные обязательства по выпущенным облигациям","453","","0","","Liability","CZK"
"D.II.4. - Dlouhodobé přijaté zálohy / 长期预收款 / Долгосрочные полученные авансы","D.II. - Dlouhodobé závazky / 长期负债 / Долгосрочные обязательства","","","1","","Liability","CZK"
"455 - Dlouhodobé přijaté zálohy / 长期预收款 / Долгосрочные полученные авансы","D.II.4. - Dlouhodobé přijaté zálohy / 长期预收款 / Долгосрочные полученные авансы","455","","0","","Liability","CZK"
"D.II.5. - Dlouhodobé závazky z ručení / 长期负债-担保 / Долгосрочные обязательства по гарантиям","D.II. - Dlouhodobé závazky / 长期负债 / Долгосрочные обязательства","","","1","","Liability","CZK"
"456 - Dlouhodobé závazky z ručení / 长期负债-担保 / Долгосрочные обязательства по гарантиям","D.II.5. - Dlouhodobé závazky z ručení / 长期负债-担保 / Долгосрочные обязательства по гарантиям","456","","0","","Liability","CZK"
"D.II.6. - Dlouhodobé směnky k úhradě / 长期应付票据 / Долгосрочные векселя к оплате","D.II. - Dlouhodobé závazky / 长期负债 / Долгосрочные обязательства","","","1","","Liability","CZK"
"457 - Dlouhodobé směnky k úhradě / 长期应付票据 / Долгосрочные векселя к оплате","D.II.6. - Dlouhodobé směnky k úhradě / 长期应付票据 / Долгосрочные векселя к оплате","457","","0","","Liability","CZK"
"D.II.7. - Ostatní dlouhodobé závazky / 其他长期负债 / Прочие долгосрочные обязательства","D.II. - Dlouhodobé závazky / 长期负债 / Долгосрочные обязательства","","","1","","Liability","CZK"
"459 - Ostatní dlouhodobé závazky / 其他长期负债 / Прочие долгосрочные обязательства","D.II.7. - Ostatní dlouhodobé závazky / 其他长期负债 / Прочие долгосрочные обязательства","459","","0","","Liability","CZK"
"D.II.8. - Dlouhodobé přijaté zálohy na transfery / 长期预收款-转移 / Долгосрочные полученные авансы на трансферы","D.II. - Dlouhodobé závazky / 长期负债 / Долгосрочные обязательства","","","1","","Liability","CZK"
"472 - Dlouhodobé přijaté zálohy na transfery / 长期预收款-转移 / Долгосрочные полученные авансы на трансферы","D.II.8. - Dlouhodobé přijaté zálohy na transfery / 长期预收款-转移 / Долгосрочные полученные авансы на трансферы","472","","0","","Liability","CZK"
"D.II.9. - Dlouhodobé zprostředkování transferů / 长期转移中介 / Долгосрочное посредничество в трансферах","D.II. - Dlouhodobé závazky / 长期负债 / Долгосрочные обязательства","","","1","","Liability","CZK"
"475-L - Dlouhodobé zprostředkování transferů / 长期转移中介 / Долгосрочное посредничество в трансферах","D.II.9. - Dlouhodobé zprostředkování transferů / 长期转移中介 / Долгосрочное посредничество в трансферах","475-L","","0","","Liability","CZK"
"A.I.10. - Náklady na reprezentaci / 代表费用 / Расходы на представительские цели","A.I. - Náklady z činnosti / 经营活动费用 / Расходы от деятельности","","","1","","Expense","CZK"
"513 - Náklady na reprezentaci / 代表费用 / Расходы на представительские цели","A.I.10. - Náklady na reprezentaci / 代表费用 / Расходы на представительские цели","513","","0","","Expense","CZK"
"A.I.11. - Aktivace vnitroorganizačních služeb / 内部服务激活 / Активизация внутренних услуг","A.I. - Náklady z činnosti / 经营活动费用 / Расходы от деятельности","","","1","","Expense","CZK"
"516 - Aktivace vnitroorganizačních služeb / 内部服务激活 / Активизация внутренних услуг","A.I.11. - Aktivace vnitroorganizačních služeb / 内部服务激活 / Активизация внутренних услуг","516","","0","","Expense","CZK"
"A.I.12. - Ostatní služby / 其他服务 / Прочие услуги","A.I. - Náklady z činnosti / 经营活动费用 / Расходы от деятельности","","","1","","Expense","CZK"
"518 - Ostatní služby / 其他服务 / Прочие услуги","A.I.12. - Ostatní služby / 其他服务 / Прочие услуги","518","","0","","Expense","CZK"
"A.I.13. - Mzdové náklady / 工资和薪金 / Затраты на оплату труда","A.I. - Náklady z činnosti / 经营活动费用 / Расходы от деятельности","","","1","","Expense","CZK"
"521 - Mzdové náklady / 工资和薪金 / Затраты на оплату труда","A.I.13. - Mzdové náklady / 工资和薪金 / Затраты на оплату труда","521","","0","","Expense","CZK"
"A.I.14. - Zákonné sociální pojištění / 法定社会保险 / Обязательные страховые взносы","A.I. - Náklady z činnosti / 经营活动费用 / Расходы от деятельности","","","1","","Expense","CZK"
"524 - Zákonné sociální pojištění / 法定社会保险 / Обязательные страховые взносы","A.I.14. - Zákonné sociální pojištění / 法定社会保险 / Обязательные страховые взносы","524","","0","","Expense","CZK"
"A.I.15. - Jiné sociální pojištění / 其他社会保险 / Прочие страховые взносы","A.I. - Náklady z činnosti / 经营活动费用 / Расходы от деятельности","","","1","","Expense","CZK"
"525 - Jiné sociální pojištění / 其他社会保险 / Прочие страховые взносы","A.I.15. - Jiné sociální pojištění / 其他社会保险 / Прочие страховые взносы","525","","0","","Expense","CZK"
"A.I.16. - Zákonné sociální náklady / 法定社会费用 / Обязательные социальные расходы","A.I. - Náklady z činnosti / 经营活动费用 / Расходы от деятельности","","","1","","Expense","CZK"
"527 - Zákonné sociální náklady / 法定社会费用 / Обязательные социальные расходы","A.I.16. - Zákonné sociální náklady / 法定社会费用 / Обязательные социальные расходы","527","","0","","Expense","CZK"
"A.I.17. - Jiné sociální náklady / 其他社会费用 / Прочие социальные расходы","A.I. - Náklady z činnosti / 经营活动费用 / Расходы от деятельности","","","1","","Expense","CZK"
"528 - Jiné sociální náklady / 其他社会费用 / Прочие социальные расходы","A.I.17. - Jiné sociální náklady / 其他社会费用 / Прочие социальные расходы","528","","0","","Expense","CZK"
"A.I.18. - Daň silniční / 道路税 / Транспортный налог","A.I. - Náklady z činnosti / 经营活动费用 / Расходы от деятельности","","","1","","Expense","CZK"
"531 - Daň silniční / 道路税 / Транспортный налог","A.I.18. - Daň silniční / 道路税 / Транспортный налог","531","","0","","Expense","CZK"
"A.I.19. - Daň z nemovitostí / 财产税 / Налог на недвижимость","A.I. - Náklady z činnosti / 经营活动费用 / Расходы от деятельности","","","1","","Expense","CZK"
"532 - Daň z nemovitostí / 财产税 / Налог на недвижимость","A.I.19. - Daň z nemovitostí / 财产税 / Налог на недвижимость","532","","0","","Expense","CZK"
"A.I.20. - Jiné daně a poplatky / 其他税和费用 / Другие налоги и сборы","A.I. - Náklady z činnosti / 经营活动费用 / Расходы от деятельности","","","1","","Expense","CZK"
"538 - Jiné daně a poplatky / 其他税和费用 / Другие налоги и сборы","A.I.20. - Jiné daně a poplatky / 其他税和费用 / Другие налоги и сборы","538","","0","","Expense","CZK"
"A.I.21. - Vratky nepřímých daní / 间接税退税 / Возврат косвенных налогов","A.I. - Náklady z činnosti / 经营活动费用 / Расходы от деятельности","","","1","","Expense","CZK"
"539 - Vratky nepřímých daní / 间接税退税 / Возврат косвенных налогов","A.I.21. - Vratky nepřímých daní / 间接税退税 / Возврат косвенных налогов","539","","0","","Expense","CZK"
"A.I.22. - Smluvní pokuty a úroky z prodlení / 合同罚金和迟延利息 / Штрафы по договорам и проценты за просрочку","A.I. - Náklady z činnosti / 经营活动费用 / Расходы от деятельности","","","1","","Expense","CZK"
"541 - Smluvní pokuty a úroky z prodlení / 合同罚金和迟延利息 / Штрафы по договорам и проценты за просрочку","A.I.22. - Smluvní pokuty a úroky z prodlení / 合同罚金和迟延利息 / Штрафы по договорам и проценты за просрочку","541","","0","","Expense","CZK"
"A.I.23. - Jiné pokuty a penále / 其他罚金和罚款 / Другие штрафы и пени","A.I. - Náklady z činnosti / 经营活动费用 / Расходы от деятельности","","","1","","Expense","CZK"
"542 - Jiné pokuty a penále / 其他罚金和罚款 / Другие штрафы и пени","A.I.23. - Jiné pokuty a penále / 其他罚金和罚款 / Другие штрафы и пени","542","","0","","Expense","CZK"
"A.I.24. - Dary a jiná bezúplatná předání / 捐赠和其他无偿转让 / Дары и другие безвозмездные передачи","A.I. - Náklady z činnosti / 经营活动费用 / Расходы от деятельности","","","1","","Expense","CZK"
"543 - Dary a jiná bezúplatná předání / 捐赠和其他无偿转让 / Дары и другие безвозмездные передачи","A.I.24. - Dary a jiná bezúplatná předání / 捐赠和其他无偿转让 / Дары и другие безвозмездные передачи","543","","0","","Expense","CZK"
"A.I.25. - Prodaný materiál / 销售材料 / Проданные материалы","A.I. - Náklady z činnosti / 经营活动费用 / Расходы от деятельности","","","1","","Expense","CZK"
"544 - Prodaný materiál / 销售材料 / Проданные материалы","A.I.25. - Prodaný materiál / 销售材料 / Проданные материалы","544","","0","","Expense","CZK"
"A.I.26. - Manka a škody / 短缺和损失 / Недостачи и убытки","A.I. - Náklady z činnosti / 经营活动费用 / Расходы от деятельности","","","1","","Expense","CZK"
"547 - Manka a škody / 短缺和损失 / Недостачи и убытки","A.I.26. - Manka a škody / 短缺和损失 / Недостачи и убытки","547","","0","","Expense","CZK"
"A.I.27. - Tvorba fondů / 基金设立 / Создание фондов","A.I. - Náklady z činnosti / 经营活动费用 / Расходы от деятельности","","","1","","Expense","CZK"
"548 - Tvorba fondů / 基金设立 / Создание фондов","A.I.27. - Tvorba fondů / 基金设立 / Создание фондов","548","","0","","Expense","CZK"
"A.I.28. - Odpisy dlouhodobého majetku / 长期资产减值 / Амортизация долгосрочных активов","A.I. - Náklady z činnosti / 经营活动费用 / Расходы от деятельности","","","1","","Expense","CZK"
"551 - Odpisy dlouhodobého majetku / 长期资产减值 / Амортизация долгосрочных активов","A.I.28. - Odpisy dlouhodobého majetku / 长期资产减值 / Амортизация долгосрочных активов","551","","0","","Expense","CZK"
"A.I.29. - Prodaný dlouhodobý nehmotný majetek / 销售长期无形资产 / Продажа долгосрочных нематериальных активов","A.I. - Náklady z činnosti / 经营活动费用 / Расходы от деятельности","","","1","","Expense","CZK"
"552 - Prodaný dlouhodobý nehmotný majetek / 销售长期无形资产 / Продажа долгосрочных нематериальных активов","A.I.29. - Prodaný dlouhodobý nehmotný majetek / 销售长期无形资产 / Продажа долгосрочных нематериальных активов","552","","0","","Expense","CZK"
"A.I.30. - Prodaný dlouhodobý hmotný majetek / 销售长期有形资产 / Продажа долгосрочных материальных активов","A.I. - Náklady z činnosti / 经营活动费用 / Расходы от деятельности","","","1","","Expense","CZK"
"553 - Prodaný dlouhodobý hmotný majetek / 销售长期有形资产 / Продажа долгосрочных материальных активов","A.I.30. - Prodaný dlouhodobý hmotný majetek / 销售长期有形资产 / Продажа долгосрочных материальных активов","553","","0","","Expense","CZK"
"A.I.31. - Prodané pozemky / 销售土地 / Продажа земельных участков","A.I. - Náklady z činnosti / 经营活动费用 / Расходы от деятельности","","","1","","Expense","CZK"
"554 - Prodané pozemky / 销售土地 / Продажа земельных участков","A.I.31. - Prodané pozemky / 销售土地 / Продажа земельных участков","554","","0","","Expense","CZK"
"A.I.32. - Tvorba a zúčtování rezerv / 预计负债的形成与结算 / Создание и списание резервов","A.I. - Náklady z činnosti / 经营活动费用 / Расходы от деятельности","","","1","","Expense","CZK"
"555 - Tvorba a zúčtování rezerv / 预计负债的形成与结算 / Создание и списание резервов","A.I.32. - Tvorba a zúčtování rezerv / 预计负债的形成与结算 / Создание и списание резервов","555","","0","","Expense","CZK"
"A.I.33. - Tvorba a zúčtování opravných položek / 调整项目的形成与结算 / Создание и списание корректирующих записей","A.I. - Náklady z činnosti / 经营活动费用 / Расходы от деятельности","","","1","","Expense","CZK"
"556 - Tvorba a zúčtování opravných položek / 调整项目的形成与结算 / Создание и списание корректирующих записей","A.I.33. - Tvorba a zúčtování opravných položek / 调整项目的形成与结算 / Создание и списание корректирующих записей","556","","0","","Expense","CZK"
"A.I.34. - Náklady z vyřazených pohledávek / 已注销应收账款的成本 / Расходы по выбытию дебиторской задолженности","A.I. - Náklady z činnosti / 经营活动费用 / Расходы от деятельности","","","1","","Expense","CZK"
"557 - Náklady z vyřazených pohledávek / 已注销应收账款的成本 / Расходы по выбытию дебиторской задолженности","A.I.34. - Náklady z vyřazených pohledávek / 已注销应收账款的成本 / Расходы по выбытию дебиторской задолженности","557","","0","","Expense","CZK"
"A.I.35. - Náklady z drobného dlouhodobého majetku / 小额长期资产的成本 / Расходы по мелкому долгосрочному имуществу","A.I. - Náklady z činnosti / 经营活动费用 / Расходы от деятельности","","","1","","Expense","CZK"
"558 - Náklady z drobného dlouhodobého majetku / 小额长期资产的成本 / Расходы по мелкому долгосрочному имуществу","A.I.35. - Náklady z drobného dlouhodobého majetku / 小额长期资产的成本 / Расходы по мелкому долгосрочному имуществу","558","","0","","Expense","CZK"
"A.I.36. - Ostatní náklady z činnosti / 其他运营成本 / Прочие операционные расходы","A.I. - Náklady z činnosti / 经营活动费用 / Расходы от деятельности","","","1","","Expense","CZK"
"549 - Ostatní náklady z činnosti / 其他运营成本 / Прочие операционные расходы","A.I.36. - Ostatní náklady z činnosti / 其他运营成本 / Прочие операционные расходы","549","","0","","Expense","CZK"
"A.II.1. - Prodané cenné papíry a podíly / 处置金融工具和股权投资 / Проданные ценные бумаги и доли","A.II. - Finanční náklady / 财务费用 / Финансовые расходы","","","1","","Expense","CZK"
"561 - Prodané cenné papíry a podíly / 处置金融工具和股权投资 / Проданные ценные бумаги и доли","A.II.1. - Prodané cenné papíry a podíly / 处置金融工具和股权投资 / Проданные ценные бумаги и доли","561","","0","","Expense","CZK"
"A.II.2. - Úroky / 利息收入 / Проценты","A.II. - Finanční náklady / 财务费用 / Финансовые расходы","","","1","","Expense","CZK"
"562 - Úroky / 利息收入 / Проценты","A.II.2. - Úroky / 利息收入 / Проценты","562","","0","","Expense","CZK"
"A.II.3. - Kurzové ztráty / 汇兑损失 / Валютные убытки","A.II. - Finanční náklady / 财务费用 / Финансовые расходы","","","1","","Expense","CZK"
"563 - Kurzové ztráty / 汇兑损失 / Валютные убытки","A.II.3. - Kurzové ztráty / 汇兑损失 / Валютные убытки","563","","0","","Expense","CZK"
"A.II.4. - Náklady z přecenění reálnou hodnotou / 按公允价值重新计量的成本 / Расходы на переоценку до реальной стоимости","A.II. - Finanční náklady / 财务费用 / Финансовые расходы","","","1","","Expense","CZK"
"564 - Náklady z přecenění reálnou hodnotou / 按公允价值重新计量的成本 / Расходы на переоценку до реальной стоимости","A.II.4. - Náklady z přecenění reálnou hodnotou / 按公允价值重新计量的成本 / Расходы на переоценку до реальной стоимости","564","","0","","Expense","CZK"
"A.II.5. - Ostatní finanční náklady / 其他财务费用 / Прочие финансовые расходы","A.II. - Finanční náklady / 财务费用 / Финансовые расходы","","","1","","Expense","CZK"
"569 - Ostatní finanční náklady / 其他财务费用 / Прочие финансовые расходы","A.II.5. - Ostatní finanční náklady / 其他财务费用 / Прочие финансовые расходы","569","","0","","Expense","CZK"
"A.IV.1. - Náklady ze sdílené daně z příjmů fyzických osob / 共享个人所得税 / Расх. из совм. налога на доходы физ. лиц","A.IV. - Náklady ze sdílených daní a poplatků / 共享税和费用 / Расходы из совместно используемых налогов и сборов","","","1","","Expense","CZK"
"581 - Náklady ze sdílené daně z příjmů fyzických osob / 共享个人所得税 / Расх. из совм. налога на доходы физ. лиц","A.IV.1. - Náklady ze sdílené daně z příjmů fyzických osob / 共享个人所得税 / Расх. из совм. налога на доходы физ. лиц","581","","0","","Expense","CZK"
"A.IV.2. - Náklady ze sdílené daně z příjmů právnických osob / 共享法人所得税费用 / Расх. из совм. налога на доходы юр. лиц","A.IV. - Náklady ze sdílených daní a poplatků / 共享税和费用 / Расходы из совместно используемых налогов и сборов","","","1","","Expense","CZK"
"582 - Náklady ze sdílené daně z příjmů právnických osob / 共享法人所得税费用 / Расх. из совм. налога на доходы юр. лиц","A.IV.2. - Náklady ze sdílené daně z příjmů právnických osob / 共享法人所得税费用 / Расх. из совм. налога на доходы юр. лиц","582","","0","","Expense","CZK"
"A.IV.3. - Náklady ze sdílené daně z přidané hodnoty / 共享增值税费用 / Расходы из совместно используемого налога на добавленную стоимость","A.IV. - Náklady ze sdílených daní a poplatků / 共享税和费用 / Расходы из совместно используемых налогов и сборов","","","1","","Expense","CZK"
"584 - Náklady ze sdílené daně z přidané hodnoty / 共享增值税费用 / Расходы из совместно используемого налога на добавленную стоимость","A.IV.3. - Náklady ze sdílené daně z přidané hodnoty / 共享增值税费用 / Расходы из совместно используемого налога на добавленную стоимость","584","","0","","Expense","CZK"
"A.IV.4. - Náklady ze sdílených spotřebních daní / 共享消费税费用 / Расходы из совместно используемых потребительских налогов","A.IV. - Náklady ze sdílených daní a poplatků / 共享税和费用 / Расходы из совместно используемых налогов и сборов","","","1","","Expense","CZK"
"585 - Náklady ze sdílených spotřebních daní / 共享消费税费用 / Расходы из совместно используемых потребительских налогов","A.IV.4. - Náklady ze sdílených spotřebních daní / 共享消费税费用 / Расходы из совместно используемых потребительских налогов","585","","0","","Expense","CZK"
"A.IV.5. - Náklady z ostatních sdílených daní a poplatků / 其他共享税费费用 / Расходы по другим делящимся налогам и сборам","A.IV. - Náklady ze sdílených daní a poplatků / 共享税和费用 / Расходы из совместно используемых налогов и сборов","","","1","","Expense","CZK"
"586 - Náklady z ostatních sdílených daní a poplatků / 其他共享税费费用 / Расходы по другим делящимся налогам и сборам","A.IV.5. - Náklady z ostatních sdílených daní a poplatků / 其他共享税费费用 / Расходы по другим делящимся налогам и сборам","586","","0","","Expense","CZK"
"B.I.10. - Jiné pokuty a penále / 其他罚金和罚款 / Другие штрафы и пени","B.I. - Výnosy z činnosti / 经营活动收入 / Доходы от деятельности","","","1","","Income","CZK"
"642 - Jiné pokuty a penále / 其他罚金和罚款 / Другие штрафы и пени","B.I.10. - Jiné pokuty a penále / 其他罚金和罚款 / Другие штрафы и пени","642","","0","","Income","CZK"
"B.I.11. - Výnosy z vyřazených pohledávek / 已注销应收账款的收回 / Доходы от списания дебиторской задолженности","B.I. - Výnosy z činnosti / 经营活动收入 / Доходы от деятельности","","","1","","Income","CZK"
"643 - Výnosy z vyřazených pohledávek / 已注销应收账款的收回 / Доходы от списания дебиторской задолженности","B.I.11. - Výnosy z vyřazených pohledávek / 已注销应收账款的收回 / Доходы от списания дебиторской задолженности","643","","0","","Income","CZK"
"B.I.12. - Výnosy z prodeje materiálu / 材料销售收入 / Доходы от продажи материалов","B.I. - Výnosy z činnosti / 经营活动收入 / Доходы от деятельности","","","1","","Income","CZK"
"644 - Výnosy z prodeje materiálu / 材料销售收入 / Доходы от продажи материалов","B.I.12. - Výnosy z prodeje materiálu / 材料销售收入 / Доходы от продажи материалов","644","","0","","Income","CZK"
"B.I.13. - Výnosy z prodeje dlouhodobého nehmotného majetku / 长期无形资产销售收入 / Доходы от продажи долгосрочных нематериальных активов","B.I. - Výnosy z činnosti / 经营活动收入 / Доходы от деятельности","","","1","","Income","CZK"
"645 - Výnosy z prodeje dlouhodobého nehmotného majetku / 长期无形资产销售收入 / Доходы от продажи долгосрочных нематериальных активов","B.I.13. - Výnosy z prodeje dlouhodobého nehmotného majetku / 长期无形资产销售收入 / Доходы от продажи долгосрочных нематериальных активов","645","","0","","Income","CZK"
"B.I.14. - Výnosy z prodeje dlouhodobého hmotného majetku kromě pozemků / 长期有形资产销售收入（不含土地） / Дох. прод. долг. мат. акт. кр. зем.","B.I. - Výnosy z činnosti / 经营活动收入 / Доходы от деятельности","","","1","","Income","CZK"
"646 - Výnosy z prodeje dlouhodobého hmotného majetku kromě pozemků / 长期有形资产销售收入（不含土地） / Дох. прод. долг. мат. акт. кр. зем.","B.I.14. - Výnosy z prodeje dlouhodobého hmotného majetku kromě pozemků / 长期有形资产销售收入（不含土地） / Дох. прод. долг. мат. акт. кр. зем.","646","","0","","Income","CZK"
"B.I.15. - Výnosy z prodeje pozemků / 土地销售收入 / Доходы от продажи земель","B.I. - Výnosy z činnosti / 经营活动收入 / Доходы от деятельности","","","1","","Income","CZK"
"647 - Výnosy z prodeje pozemků / 土地销售收入 / Доходы от продажи земель","B.I.15. - Výnosy z prodeje pozemků / 土地销售收入 / Доходы от продажи земель","647","","0","","Income","CZK"
"B.I.16. - Čerpání fondů / 基金使用 / Использование фондов","B.I. - Výnosy z činnosti / 经营活动收入 / Доходы от деятельности","","","1","","Income","CZK"
"648 - Čerpání fondů / 基金使用 / Использование фондов","B.I.16. - Čerpání fondů / 基金使用 / Использование фондов","648","","0","","Income","CZK"
"B.I.17. - Ostatní výnosy z činnosti / 其他业务收入 / Прочие доходы от деятельности","B.I. - Výnosy z činnosti / 经营活动收入 / Доходы от деятельности","","","1","","Income","CZK"
"649 - Ostatní výnosy z činnosti / 其他业务收入 / Прочие доходы от деятельности","B.I.17. - Ostatní výnosy z činnosti / 其他业务收入 / Прочие доходы от деятельности","649","","0","","Income","CZK"
"B.II.1. - Výnosy z prodeje cenných papírů a podílů / 出售证券和股份收入 / Доходы от продажи ценных бумаг и долей","B.II. - Finanční výnosy / 财务收入 / Финансовые доходы","","","1","","Income","CZK"
"661 - Výnosy z prodeje cenných papírů a podílů / 出售证券和股份收入 / Доходы от продажи ценных бумаг и долей","B.II.1. - Výnosy z prodeje cenných papírů a podílů / 出售证券和股份收入 / Доходы от продажи ценных бумаг и долей","661","","0","","Income","CZK"
"B.II.2. - Úroky / 利息收入 / Проценты","B.II. - Finanční výnosy / 财务收入 / Финансовые доходы","","","1","","Income","CZK"
"662 - Úroky / 利息收入 / Проценты","B.II.2. - Úroky / 利息收入 / Проценты","662","","0","","Income","CZK"
"B.II.3. - Kurzové zisky / 外汇收益 / Валютные доходы","B.II. - Finanční výnosy / 财务收入 / Финансовые доходы","","","1","","Income","CZK"
"663 - Kurzové zisky / 外汇收益 / Валютные доходы","B.II.3. - Kurzové zisky / 外汇收益 / Валютные доходы","663","","0","","Income","CZK"
"B.II.4. - Výnosy z přecenění reálnou hodnotou / 公允价值重估收益 / Доходы от переоценки по справедливой стоимости","B.II. - Finanční výnosy / 财务收入 / Финансовые доходы","","","1","","Income","CZK"
"664 - Výnosy z přecenění reálnou hodnotou / 公允价值重估收益 / Доходы от переоценки по справедливой стоимости","B.II.4. - Výnosy z přecenění reálnou hodnotou / 公允价值重估收益 / Доходы от переоценки по справедливой стоимости","664","","0","","Income","CZK"
"B.II.5. - Výnosy z dlouhodobého finančního majetku / 长期金融资产收益 / Доходы от долгосрочных финансовых активов","B.II. - Finanční výnosy / 财务收入 / Финансовые доходы","","","1","","Income","CZK"
"665 - Výnosy z dlouhodobého finančního majetku / 长期金融资产收益 / Доходы от долгосрочных финансовых активов","B.II.5. - Výnosy z dlouhodobého finančního majetku / 长期金融资产收益 / Доходы от долгосрочных финансовых активов","665","","0","","Income","CZK"
"B.II.6. - Ostatní finanční výnosy / 其他金融收益 / Прочие финансовые доходы","B.II. - Finanční výnosy / 财务收入 / Финансовые доходы","","","1","","Income","CZK"
"669 - Ostatní finanční výnosy / 其他金融收益 / Прочие финансовые доходы","B.II.6. - Ostatní finanční výnosy / 其他金融收益 / Прочие финансовые доходы","669","","0","","Income","CZK"
"B.IV.1. - Výnosy vybraných ústředních vládních institucí z transferů / 对选定中央政府机构的转移收入 / ДохТрансЦентрГос","B.IV. - Výnosy z transferů / 转移收入 / Доходы от трансфертов","","","1","","Income","CZK"
"671 - Výnosy vybraných ústředních vládních institucí z transferů / 对选定中央政府机构的转移收入 / ДохТрансЦентрГос","B.IV.1. - Výnosy vybraných ústředních vládních institucí z transferů / 对选定中央政府机构的转移收入 / ДохТрансЦентрГос","671","","0","","Income","CZK"
"B.IV.2. - Výnosy vybraných místních vládních institucí z transferů / 地方预算单位转移收入 / ДохТрансМестнГос","B.IV. - Výnosy z transferů / 转移收入 / Доходы от трансфертов","","","1","","Income","CZK"
"672 - Výnosy vybraných místních vládních institucí z transferů / 地方预算单位转移收入 / ДохТрансМестнГос","B.IV.2. - Výnosy vybraných místních vládních institucí z transferů / 地方预算单位转移收入 / ДохТрансМестнГос","672","","0","","Income","CZK"
"B.IV.3. - Výnosy vybraných ústředních vládních institucí z předfinancování transferů / 中央预算单位预拨转移收入 / ДохПрефинТрансЦентрГос","B.IV. - Výnosy z transferů / 转移收入 / Доходы от трансфертов","","","1","","Income","CZK"
"675 - Výnosy vybraných ústředních vládních institucí z předfinancování transferů / 中央预算单位预拨转移收入 / ДохПрефинТрансЦентрГос","B.IV.3. - Výnosy vybraných ústředních vládních institucí z předfinancování transferů / 中央预算单位预拨转移收入 / ДохПрефинТрансЦентрГос","675","","0","","Income","CZK"
"A.II.10. - Dlouhodobý hmotný majetek určený k prodeji / 待售的长期有形资产 / Долгосрочные материальные активы, предназначенные для продажи","A.II. - Dlouhodobý hmotný majetek / 长期有形资产 / Долгосрочные материальные активы","","","1","","Asset","CZK"
"036 - Dlouhodobý hmotný majetek určený k prodeji / 待售的长期有形资产 / Долгосрочные материальные активы, предназначенные для продажи","A.II.10. - Dlouhodobý hmotný majetek určený k prodeji / 待售的长期有形资产 / Долгосрочные материальные активы, предназначенные для продажи","036","","0","","Asset","CZK"
"A.III.1. - Majetkové účasti v osobách s rozhodujícím vlivem / 对具有决定性影响的联营企业的投资 / Инвестиции в лица с решающим влиянием","A.III. - Dlouhodobý finanční majetek / 长期金融资产 / Долгосрочные финансовые активы","","","1","","Asset","CZK"
"061 - Majetkové účasti v osobách s rozhodujícím vlivem / 对具有决定性影响的联营企业的投资 / Инвестиции в лица с решающим влиянием","A.III.1. - Majetkové účasti v osobách s rozhodujícím vlivem / 对具有决定性影响的联营企业的投资 / Инвестиции в лица с решающим влиянием","061","","0","","Asset","CZK"
"A.III.2. - Majetkové účasti v osobách s podstatným vlivem / 对具有重大影响的联营企业的投资 / Участие в лицах с существенным влиянием","A.III. - Dlouhodobý finanční majetek / 长期金融资产 / Долгосрочные финансовые активы","","","1","","Asset","CZK"
"062 - Majetkové účasti v osobách s podstatným vlivem / 对具有重大影响的联营企业的投资 / Участие в лицах с существенным влиянием","A.III.2. - Majetkové účasti v osobách s podstatným vlivem / 对具有重大影响的联营企业的投资 / Участие в лицах с существенным влиянием","062","","0","","Asset","CZK"
"A.III.3. - Dluhové cenné papíry držené do splatnosti / 持有至到期的债务证券 / Облигации, удерживаемые до погашения","A.III. - Dlouhodobý finanční majetek / 长期金融资产 / Долгосрочные финансовые активы","","","1","","Asset","CZK"
"063 - Dluhové cenné papíry držené do splatnosti / 持有至到期的债务证券 / Облигации, удерживаемые до погашения","A.III.3. - Dluhové cenné papíry držené do splatnosti / 持有至到期的债务证券 / Облигации, удерживаемые до погашения","063","","0","","Asset","CZK"
"A.III.4. - Dlouhodobé půjčky / 长期贷款 / Долгосрочные займы","A.III. - Dlouhodobý finanční majetek / 长期金融资产 / Долгосрочные финансовые активы","","","1","","Asset","CZK"
"067 - Dlouhodobé půjčky / 长期贷款 / Долгосрочные займы","A.III.4. - Dlouhodobé půjčky / 长期贷款 / Долгосрочные займы","067","","0","","Asset","CZK"
"A.III.5. - Termínované vklady dlouhodobé / 长期定期存款 / Долгосрочные срочные вклады","A.III. - Dlouhodobý finanční majetek / 长期金融资产 / Долгосрочные финансовые активы","","","1","","Asset","CZK"
"068 - Termínované vklady dlouhodobé / 长期定期存款 / Долгосрочные срочные вклады","A.III.5. - Termínované vklady dlouhodobé / 长期定期存款 / Долгосрочные срочные вклады","068","","0","","Asset","CZK"
"A.III.6. - Ostatní dlouhodobý finanční majetek / 其他长期金融资产 / Прочие долгосрочные финансовые активы","A.III. - Dlouhodobý finanční majetek / 长期金融资产 / Долгосрочные финансовые активы","","","1","","Asset","CZK"
"069 - Ostatní dlouhodobý finanční majetek / 其他长期金融资产 / Прочие долгосрочные финансовые активы","A.III.6. - Ostatní dlouhodobý finanční majetek / 其他长期金融资产 / Прочие долгосрочные финансовые активы","069","","0","","Asset","CZK"
"A.III.7. - Pořizovaný dlouhodobý finanční majetek / 购置长期金融资产 / Приобретаемые долгосрочные финансовые активы","A.III. - Dlouhodobý finanční majetek / 长期金融资产 / Долгосрочные финансовые активы","","","1","","Asset","CZK"
"043 - Pořizovaný dlouhodobý finanční majetek / 购置长期金融资产 / Приобретаемые долгосрочные финансовые активы","A.III.7. - Pořizovaný dlouhodobý finanční majetek / 购置长期金融资产 / Приобретаемые долгосрочные финансовые активы","043","","0","","Asset","CZK"
"A.III.8. - Poskytnuté zálohy na dlouhodobý finanční majetek / 长期金融资产预付款 / Авансовые платежи за долгосрочные финансовые активы","A.III. - Dlouhodobý finanční majetek / 长期金融资产 / Долгосрочные финансовые активы","","","1","","Asset","CZK"
"053 - Poskytnuté zálohy na dlouhodobý finanční majetek / 长期金融资产预付款 / Авансовые платежи за долгосрочные финансовые активы","A.III.8. - Poskytnuté zálohy na dlouhodobý finanční majetek / 长期金融资产预付款 / Авансовые платежи за долгосрочные финансовые активы","053","","0","","Asset","CZK"
"B.II.10. - Sociální zabezpečení / 社会保险费 / Социальное обеспечение","B.II. - Krátkodobé pohledávky / 短期应收款项 / Краткосрочные дебиторские задолженности","","","1","","Asset","CZK"
"336 - Sociální zabezpečení / 社会保险费 / Социальное обеспечение","B.II.10. - Sociální zabezpečení / 社会保险费 / Социальное обеспечение","336","","0","","Asset","CZK"
"B.II.11. - Zdravotní pojištění / 医疗保险费 / Страхование здоровья","B.II. - Krátkodobé pohledávky / 短期应收款项 / Краткосрочные дебиторские задолженности","","","1","","Asset","CZK"
"337 - Zdravotní pojištění / 医疗保险费 / Страхование здоровья","B.II.11. - Zdravotní pojištění / 医疗保险费 / Страхование здоровья","337","","0","","Asset","CZK"
"B.II.12. - Důchodové spoření / 养老金储蓄 / Пенсионные накопления","B.II. - Krátkodobé pohledávky / 短期应收款项 / Краткосрочные дебиторские задолженности","","","1","","Asset","CZK"
"338 - Důchodové spoření / 养老金储蓄 / Пенсионные накопления","B.II.12. - Důchodové spoření / 养老金储蓄 / Пенсионные накопления","338","","0","","Asset","CZK"
"B.II.13. - Daň z příjmů / 所得税 / Налог на доходы","B.II. - Krátkodobé pohledávky / 短期应收款项 / Краткосрочные дебиторские задолженности","","","1","","Asset","CZK"
"341 - Daň z příjmů / 所得税 / Налог на доходы","B.II.13. - Daň z příjmů / 所得税 / Налог на доходы","341","","0","","Asset","CZK"
"B.II.14. - Ostatní daně, poplatky a jiná obdobná peněžitá plnění / 其他税、费及类似现金支付 / ДНС","B.II. - Krátkodobé pohledávky / 短期应收款项 / Краткосрочные дебиторские задолженности","","","1","","Asset","CZK"
"342 - Ostatní daně, poplatky a jiná obdobná peněžitá plnění / 其他税、费及类似现金支付 / Другие налоги, сборы и аналогичные денежные платежи","B.II.14. - Ostatní daně, poplatky a jiná obdobná peněžitá plnění / 其他税、费及类似现金支付 / ДНС","342","","0","","Asset","CZK"
"B.II.15. - Daň z přidané hodnoty / 增值税 / Налог на добавленную стоимость","B.II. - Krátkodobé pohledávky / 短期应收款项 / Краткосрочные дебиторские задолженности","","","1","","Asset","CZK"
"343 - Daň z přidané hodnoty / 增值税 / Налог на добавленную стоимость","B.II.15. - Daň z přidané hodnoty / 增值税 / Налог на добавленную стоимость","343","","0","","Asset","CZK"
"B.II.16. - Pohledávky za osobami mimo vybrané vládní instituce / 对非选定政府机构人员的应收账款 / ЗЛВ","B.II. - Krátkodobé pohledávky / 短期应收款项 / Краткосрочные дебиторские задолженности","","","1","","Asset","CZK"
"344 - Pohledávky za osobami mimo vybrané vládní instituce / 对非选定政府机构人员的应收账款 / ЗЛВ","B.II.16. - Pohledávky za osobami mimo vybrané vládní instituce / 对非选定政府机构人员的应收账款 / ЗЛВ","344","","0","","Asset","CZK"
"B.II.17. - Pohledávky za vybranými ústředními vládními institucemi / 对选定中央政府机构的应收账款 / ЗЦГ","B.II. - Krátkodobé pohledávky / 短期应收款项 / Краткосрочные дебиторские задолженности","","","1","","Asset","CZK"
"346 - Pohledávky za vybranými ústředními vládními institucemi / 对选定中央政府机构的应收账款 / ЗЦГ","B.II.17. - Pohledávky za vybranými ústředními vládními institucemi / 对选定中央政府机构的应收账款 / ЗЦГ","346","","0","","Asset","CZK"
"B.II.18. - Pohledávky za vybranými místními vládními institucemi / 对选定地方政府机构的应收账款 / ЗМГ","B.II. - Krátkodobé pohledávky / 短期应收款项 / Краткосрочные дебиторские задолженности","","","1","","Asset","CZK"
"348 - Pohledávky za vybranými místními vládními institucemi / 对选定地方政府机构的应收账款 / ЗМГ","B.II.18. - Pohledávky za vybranými místními vládními institucemi / 对选定地方政府机构的应收账款 / ЗМГ","348","","0","","Asset","CZK"
"B.II.19. - Pohledávky ze správy daní / 税务管理应收账款 / Задолженность по налоговой администрации","B.II. - Krátkodobé pohledávky / 短期应收款项 / Краткосрочные дебиторские задолженности","","","1","","Asset","CZK"
"352 - Pohledávky ze správy daní / 税务管理应收账款 / Задолженность по налоговой администрации","B.II.19. - Pohledávky ze správy daní / 税务管理应收账款 / Задолженность по налоговой администрации","352","","0","","Asset","CZK"
"B.II.20. - Zúčtování z přerozdělování daní / 税收再分配结算 / Расчеты по перераспределению налогов","B.II. - Krátkodobé pohledávky / 短期应收款项 / Краткосрочные дебиторские задолженности","","","1","","Asset","CZK"
"355 - Zúčtování z přerozdělování daní / 税收再分配结算 / Расчеты по перераспределению налогов","B.II.20. - Zúčtování z přerozdělování daní / 税收再分配结算 / Расчеты по перераспределению налогов","355","","0","","Asset","CZK"
"B.II.21. - Pohledávky z exekuce a ostatního nakládání s cizím majetkem / 执行及管理外来资产应收款项 / Деб. зад. по исп. произ. и упр. чуж. им.","B.II. - Krátkodobé pohledávky / 短期应收款项 / Краткосрочные дебиторские задолженности","","","1","","Asset","CZK"
"356 - Pohledávky z exekuce a ostatního nakládání s cizím majetkem / 执行及管理外来资产应收款项 / Деб. зад. по исп. произ. и упр. чуж. им.","B.II.21. - Pohledávky z exekuce a ostatního nakládání s cizím majetkem / 执行及管理外来资产应收款项 / Деб. зад. по исп. произ. и упр. чуж. им.","356","","0","","Asset","CZK"
"B.II.22. - Ostatní pohledávky ze správy daní / 其他税收债权 / Прочая дебиторская задолженность по налоговой администрации","B.II. - Krátkodobé pohledávky / 短期应收款项 / Краткосрочные дебиторские задолженности","","","1","","Asset","CZK"
"358 - Ostatní pohledávky ze správy daní / 其他税收债权 / Прочая дебиторская задолженность по налоговой администрации","B.II.22. - Ostatní pohledávky ze správy daní / 其他税收债权 / Прочая дебиторская задолженность по налоговой администрации","358","","0","","Asset","CZK"
"B.II.23. - Krátkodobé pohledávky z ručení / 短期担保应收款项 / Краткосрочная дебиторская задолженность по гарантиям","B.II. - Krátkodobé pohledávky / 短期应收款项 / Краткосрочные дебиторские задолженности","","","1","","Asset","CZK"
"361 - Krátkodobé pohledávky z ručení / 短期担保应收款项 / Краткосрочная дебиторская задолженность по гарантиям","B.II.23. - Krátkodobé pohledávky z ručení / 短期担保应收款项 / Краткосрочная дебиторская задолженность по гарантиям","361","","0","","Asset","CZK"
"B.II.24. - Pevné termínové operace a opce / 固定期限衍生工具和期权 / Форвардные сделки и опционы","B.II. - Krátkodobé pohledávky / 短期应收款项 / Краткосрочные дебиторские задолженности","","","1","","Asset","CZK"
"363 - Pevné termínové operace a opce / 固定期限衍生工具和期权 / Форвардные сделки и опционы","B.II.24. - Pevné termínové operace a opce / 固定期限衍生工具和期权 / Форвардные сделки и опционы","363","","0","","Asset","CZK"
"B.II.25. - Pohledávky z neukončených finančních operací / 未完成金融业务的应收账款 / Деб. зад. по незав. фин. оп.","B.II. - Krátkodobé pohledávky / 短期应收款项 / Краткосрочные дебиторские задолженности","","","1","","Asset","CZK"
"369 - Pohledávky z neukončených finančních operací / 未完成金融业务的应收账款 / Дебиторская задолженность по незавершенным финансовым операциям","B.II.25. - Pohledávky z neukončených finančních operací / 未完成金融业务的应收账款 / Деб. зад. по незав. фин. оп.","369","","0","","Asset","CZK"
"B.II.26. - Pohledávky z finančního zajištění / 金融担保应收款 / Дебиторская задолженность по финансовому обеспечению","B.II. - Krátkodobé pohledávky / 短期应收款项 / Краткосрочные дебиторские задолженности","","","1","","Asset","CZK"
"365 - Pohledávky z finančního zajištění / 金融担保应收款 / Дебиторская задолженность по финансовому обеспечению","B.II.26. - Pohledávky z finančního zajištění / 金融担保应收款 / Дебиторская задолженность по финансовому обеспечению","365","","0","","Asset","CZK"
"B.II.27. - Pohledávky z vydaných dluhopisů / 发行债券应收款项 / Дебиторская задолженность по выпущенным облигациям","B.II. - Krátkodobé pohledávky / 短期应收款项 / Краткосрочные дебиторские задолженности","","","1","","Asset","CZK"
"367 - Pohledávky z vydaných dluhopisů / 发行债券应收款项 / Дебиторская задолженность по выпущенным облигациям","B.II.27. - Pohledávky z vydaných dluhopisů / 发行债券应收款项 / Дебиторская задолженность по выпущенным облигациям","367","","0","","Asset","CZK"
"B.II.28. - Krátkodobé poskytnuté zálohy na transfery / 短期预付转移款项 / Краткосрочные авансы на трансферы","B.II. - Krátkodobé pohledávky / 短期应收款项 / Краткосрочные дебиторские задолженности","","","1","","Asset","CZK"
"373 - Krátkodobé poskytnuté zálohy na transfery / 短期预付转移款项 / Краткосрочные авансы на трансферы","B.II.28. - Krátkodobé poskytnuté zálohy na transfery / 短期预付转移款项 / Краткосрочные авансы на трансферы","373","","0","","Asset","CZK"
"B.II.29. - Krátkodobé zprostředkování transferů / 短期转移中介 / Краткосрочное посредничество в трансферах","B.II. - Krátkodobé pohledávky / 短期应收款项 / Краткосрочные дебиторские задолженности","","","1","","Asset","CZK"
"375 - Krátkodobé zprostředkování transferů / 短期转移中介 / Краткосрочное посредничество в трансферах","B.II.29. - Krátkodobé zprostředkování transferů / 短期转移中介 / Краткосрочное посредничество в трансферах","375","","0","","Asset","CZK"
"B.II.30. - Náklady příštích období / 预付费用 / Расходы будущих периодов","B.II. - Krátkodobé pohledávky / 短期应收款项 / Краткосрочные дебиторские задолженности","","","1","","Asset","CZK"
"381 - Náklady příštích období / 预付费用 / Расходы будущих периодов","B.II.30. - Náklady příštích období / 预付费用 / Расходы будущих периодов","381","","0","","Asset","CZK"
"B.II.31. - Příjmy příštích období / 递延收入 / Доходы будущих периодов","B.II. - Krátkodobé pohledávky / 短期应收款项 / Краткосрочные дебиторские задолженности","","","1","","Asset","CZK"
"385 - Příjmy příštích období / 递延收入 / Доходы будущих периодов","B.II.31. - Příjmy příštích období / 递延收入 / Доходы будущих периодов","385","","0","","Asset","CZK"
"B.II.32. - Dohadné účty aktivní / 或有账户（主动） / Оценочные счета активные","B.II. - Krátkodobé pohledávky / 短期应收款项 / Краткосрочные дебиторские задолженности","","","1","","Asset","CZK"
"388 - Dohadné účty aktivní / 或有账户（主动） / Оценочные счета активные","B.II.32. - Dohadné účty aktivní / 或有账户（主动） / Оценочные счета активные","388","","0","","Asset","CZK"
"B.II.33. - Ostatní krátkodobé pohledávky / 其他短期应收款项 / Прочая краткосрочная дебиторская задолженность","B.II. - Krátkodobé pohledávky / 短期应收款项 / Краткосрочные дебиторские задолженности","","","1","","Asset","CZK"
"377 - Ostatní krátkodobé pohledávky / 其他短期应收款项 / Прочая краткосрочная дебиторская задолженность","B.II.33. - Ostatní krátkodobé pohledávky / 其他短期应收款项 / Прочая краткосрочная дебиторская задолженность","377","","0","","Asset","CZK"
"B.III.1. - Majetkové cenné papíry k obchodování / 交易性金融资产 / Торговые ценные бумаги","B.III. - Krátkodobý finanční majetek / 短期金融资产 / Краткосрочные финансовые активы","","","1","","Asset","CZK"
"251 - Majetkové cenné papíry k obchodování / 交易性金融资产 / Торговые ценные бумаги","B.III.1. - Majetkové cenné papíry k obchodování / 交易性金融资产 / Торговые ценные бумаги","251","","0","","Asset","CZK"
"B.III.2. - Dluhové cenné papíry k obchodování / 交易性债务证券 / Облигации для торговли","B.III. - Krátkodobý finanční majetek / 短期金融资产 / Краткосрочные финансовые активы","","","1","","Asset","CZK"
"253 - Dluhové cenné papíry k obchodování / 交易性债务证券 / Облигации для торговли","B.III.2. - Dluhové cenné papíry k obchodování / 交易性债务证券 / Облигации для торговли","253","","0","","Asset","CZK"
"B.III.3. - Jiné cenné papíry / 其他证券 / Другие ценные бумаги","B.III. - Krátkodobý finanční majetek / 短期金融资产 / Краткосрочные финансовые активы","","","1","","Asset","CZK"
"256 - Jiné cenné papíry / 其他证券 / Другие ценные бумаги","B.III.3. - Jiné cenné papíry / 其他证券 / Другие ценные бумаги","256","","0","","Asset","CZK"
"B.III.4. - Termínované vklady krátkodobé / 短期定期存款 / Краткосрочные срочные депозиты","B.III. - Krátkodobý finanční majetek / 短期金融资产 / Краткосрочные финансовые активы","","","1","","Asset","CZK"
"244 - Termínované vklady krátkodobé / 短期定期存款 / Краткосрочные срочные депозиты","B.III.4. - Termínované vklady krátkodobé / 短期定期存款 / Краткосрочные срочные депозиты","244","","0","","Asset","CZK"
"B.III.5. - Jiné běžné účty / 其他银行存款 / Другие текущие счета","B.III. - Krátkodobý finanční majetek / 短期金融资产 / Краткосрочные финансовые активы","","","1","","Asset","CZK"
"245 - Jiné běžné účty / 其他银行存款 / Другие текущие счета","B.III.5. - Jiné běžné účty / 其他银行存款 / Другие текущие счета","245","","0","","Asset","CZK"
"B.III.6. - Účty státních finančních aktiv / 国家金融资产账户 / Счета государственных финансовых активов","B.III. - Krátkodobý finanční majetek / 短期金融资产 / Краткосрочные финансовые активы","","","1","","Asset","CZK"
"247 - Účty státních finančních aktiv / 国家金融资产账户 / Счета государственных финансовых активов","B.III.6. - Účty státních finančních aktiv / 国家金融资产账户 / Счета государственных финансовых активов","247","","0","","Asset","CZK"
"B.III.7. - Účty řízení likvidity státní pokladny a státního dluhu / 国家金库和债务管理账户 / СчУпрЛик","B.III. - Krátkodobý finanční majetek / 短期金融资产 / Краткосрочные финансовые активы","","","1","","Asset","CZK"
"248 - Účty řízení likvidity státní pokladny a státního dluhu / 国家金库和债务管理账户 / СчУпрЛик","B.III.7. - Účty řízení likvidity státní pokladny a státního dluhu / 国家金库和债务管理账户 / СчУпрЛик","248","","0","","Asset","CZK"
"B.III.8. - Účty pro sdílení daní a pro dělenou správu / 税收共享和共同管理账户 / Счета для распределения налогов и совместного управления","B.III. - Krátkodobý finanční majetek / 短期金融资产 / Краткосрочные финансовые активы","","","1","","Asset","CZK"
"249 - Účty pro sdílení daní a pro dělenou správu / 税收共享和共同管理账户 / Счета для распределения налогов и совместного управления","B.III.8. - Účty pro sdílení daní a pro dělenou správu / 税收共享和共同管理账户 / Счета для распределения налогов и совместного управления","249","","0","","Asset","CZK"
"B.III.9. - Běžný účet / 银行存款 / Текущий счет","B.III. - Krátkodobý finanční majetek / 短期金融资产 / Краткосрочные финансовые активы","","","1","","Asset","CZK"
"241 - Běžný účet / 银行存款 / Текущий счет","B.III.9. - Běžný účet / 银行存款 / Текущий счет","241","","0","","Asset","CZK"
"C.III.1. - Výsledek hospodaření běžného účetního období / 当前财政年度经营成果 / Результат управления текущего отчетного периода","C.III. - Výsledek hospodaření / 经营成果 / Результат управления","","","1","","Equity","CZK"
"C.III.2. - Výsledek hospodaření ve schvalovacím řízení / 审批过程中的经营成果 / Результат управления в процедуре утверждения","C.III. - Výsledek hospodaření / 经营成果 / Результат управления","","","1","","Equity","CZK"
"431 - Výsledek hospodaření ve schvalovacím řízení / 审批过程中的经营成果 / Результат управления в процедуре утверждения","C.III.2. - Výsledek hospodaření ve schvalovacím řízení / 审批过程中的经营成果 / Результат управления в процедуре утверждения","431","","0","","Equity","CZK"
"C.III.3. - Výsledek hospodaření předcházejících účetních období / 以前财政年度经营成果 / Результат управления предыдущих отчетных периодов","C.III. - Výsledek hospodaření / 经营成果 / Результат управления","","","1","","Equity","CZK"
"432 - Výsledek hospodaření předcházejících účetních období / 以前财政年度经营成果 / Результат управления предыдущих отчетных периодов","C.III.3. - Výsledek hospodaření předcházejících účetních období / 以前财政年度经营成果 / Результат управления предыдущих отчетных периодов","432","","0","","Equity","CZK"
"D.III.1. - Krátkodobé úvěry / 短期借款 / Краткосрочные кредиты","D.III. - Krátkodobé závazky / 短期负债 / Краткосрочные обязательства","","","1","","Liability","CZK"
"281 - Krátkodobé úvěry / 短期借款 / Краткосрочные кредиты","D.III.1. - Krátkodobé úvěry / 短期借款 / Краткосрочные кредиты","281","","0","","Liability","CZK"
"D.III.2. - Eskontované krátkodobé dluhopisy (směnky) / 已贴现短期债务工具（汇票） / Эсконтированные краткосрочные облигации (векселя)'","D.III. - Krátkodobé závazky / 短期负债 / Краткосрочные обязательства","","","1","","Liability","CZK"
"282 - Eskontované krátkodobé dluhopisy (směnky) / 已贴现短期债务工具（汇票） / Эсконтированные краткосрочные облигации (векселя)'","D.III.2. - Eskontované krátkodobé dluhopisy (směnky) / 已贴现短期债务工具（汇票） / Эсконтированные краткосрочные облигации (векселя)'","282","","0","","Liability","CZK"
"D.III.3. - Krátkodobé závazky z vydaných dluhopisů / 短期发行债券负债 / Краткосрочные обязательства по выпущенным облигациям","D.III. - Krátkodobé závazky / 短期负债 / Краткосрочные обязательства","","","1","","Liability","CZK"
"283 - Krátkodobé závazky z vydaných dluhopisů / 短期发行债券负债 / Краткосрочные обязательства по выпущенным облигациям","D.III.3. - Krátkodobé závazky z vydaných dluhopisů / 短期发行债券负债 / Краткосрочные обязательства по выпущенным облигациям","283","","0","","Liability","CZK"
"D.III.4. - Jiné krátkodobé půjčky / 其他短期借款 / Прочие краткосрочные займы","D.III. - Krátkodobé závazky / 短期负债 / Краткосрочные обязательства","","","1","","Liability","CZK"
"289 - Jiné krátkodobé půjčky / 其他短期借款 / Прочие краткосрочные займы","D.III.4. - Jiné krátkodobé půjčky / 其他短期借款 / Прочие краткосрочные займы","289","","0","","Liability","CZK"
"D.III.5. - Dodavatelé / 供应商 / Поставщики","D.III. - Krátkodobé závazky / 短期负债 / Краткосрочные обязательства","","","1","","Liability","CZK"
"321 - Dodavatelé / 供应商 / Поставщики","D.III.5. - Dodavatelé / 供应商 / Поставщики","321","","0","","Liability","CZK"
"D.III.6. - Směnky k úhradě / 应付票据 / Векселя к оплате","D.III. - Krátkodobé závazky / 短期负债 / Краткосрочные обязательства","","","1","","Liability","CZK"
"322 - Směnky k úhradě / 应付票据 / Векселя к оплате","D.III.6. - Směnky k úhradě / 应付票据 / Векселя к оплате","322","","0","","Liability","CZK"
"D.III.7. - Krátkodobé přijaté zálohy / 短期收到的预付款 / Краткосрочные полученные авансы","D.III. - Krátkodobé závazky / 短期负债 / Краткосрочные обязательства","","","1","","Liability","CZK"
"324 - Krátkodobé přijaté zálohy / 短期收到的预付款 / Краткосрочные полученные авансы","D.III.7. - Krátkodobé přijaté zálohy / 短期收到的预付款 / Краткосрочные полученные авансы","324","","0","","Liability","CZK"
"D.III.8. - Závazky z dělené správy / 共同管理负债 / Обязательства по разделенному управлению","D.III. - Krátkodobé závazky / 短期负债 / Краткосрочные обязательства","","","1","","Liability","CZK"
"325 - Závazky z dělené správy / 共同管理负债 / Обязательства по разделенному управлению","D.III.8. - Závazky z dělené správy / 共同管理负债 / Обязательства по разделенному управлению","325","","0","","Liability","CZK"
"D.III.9. - Přijaté návratné finanční výpomoci krátkodobé / 短期收到的可偿还财务援助 / Полученные возвратные краткосрочные финансовые субсидии","D.III. - Krátkodobé závazky / 短期负债 / Краткосрочные обязательства","","","1","","Liability","CZK"
"326 - Přijaté návratné finanční výpomoci krátkodobé / 短期收到的可偿还财务援助 / Полученные возвратные краткосрочные финансовые субсидии","D.III.9. - Přijaté návratné finanční výpomoci krátkodobé / 短期收到的可偿还财务援助 / Полученные возвратные краткосрочные финансовые субсидии","326","","0","","Liability","CZK"
"A.III.1. - Náklady vybraných ústředních vládních institucí na transfery / 中央政府选定机构的转移费用 / Расх. центр. учр. на трансф.","A.III. - Náklady na transfery / 转移成本 / Расходы на переводы","","","1","","Expense","CZK"
"571 - Náklady vybraných ústředních vládních institucí na transfery / 中央政府选定机构的转移费用 / Расх. центр. учр. на трансф.","A.III.1. - Náklady vybraných ústředních vládních institucí na transfery / 中央政府选定机构的转移费用 / Расх. центр. учр. на трансф.","571","","0","","Expense","CZK"
"A.III.2. - Náklady vybraných místních vládních institucí na transfery / 地方政府选定机构的转移费用 / Расх. местн. учр. на трансф.","A.III. - Náklady na transfery / 转移成本 / Расходы на переводы","","","1","","Expense","CZK"
"572 - Náklady vybraných místních vládních institucí na transfery / 地方政府选定机构的转移费用 / Расх. местн. учр. на трансф.","A.III.2. - Náklady vybraných místních vládních institucí na transfery / 地方政府选定机构的转移费用 / Расх. местн. учр. на трансф.","572","","0","","Expense","CZK"
"A.III.3. - Náklady vybraných ústředních vládních institucí na předfinancování transferů / 中央政府选定机构的预融资转移费用","A.III. - Náklady na transfery / 转移成本 / Расходы на переводы","","","1","","Expense","CZK"
"575 - Náklady vybraných ústředních vládních institucí na předfinancování transferů / 中央政府选定机构的预融资转移费用","A.III.3. - Náklady vybraných ústředních vládních institucí na předfinancování transferů / 中央政府选定机构的预融资转移费用","575","","0","","Expense","CZK"
"B.III.1. - Výnosy z daně z příjmů fyzických osob / 个人所得税收入 / Доходы от налога на доходы физических лиц","B.III. - Výnosy z daní a poplatků / 税收和费用收入 / Доходы от налогов и сборов","","","1","","Income","CZK"
"631 - Výnosy z daně z příjmů fyzických osob / 个人所得税收入 / Доходы от налога на доходы физических лиц","B.III.1. - Výnosy z daně z příjmů fyzických osob / 个人所得税收入 / Доходы от налога на доходы физических лиц","631","","0","","Income","CZK"
"B.III.2. - Výnosy z daně z příjmů právnických osob / 企业所得税收入 / Доходы от налога на доходы юридических лиц","B.III. - Výnosy z daní a poplatků / 税收和费用收入 / Доходы от налогов и сборов","","","1","","Income","CZK"
"632 - Výnosy z daně z příjmů právnických osob / 企业所得税收入 / Доходы от налога на доходы юридических лиц","B.III.2. - Výnosy z daně z příjmů právnických osob / 企业所得税收入 / Доходы от налога на доходы юридических лиц","632","","0","","Income","CZK"
"B.III.3. - Výnosy ze sociálního pojištění / 社会保险收入 / Доходы от страховых взносов на обязательное социальное страхование","B.III. - Výnosy z daní a poplatků / 税收和费用收入 / Доходы от налогов и сборов","","","1","","Income","CZK"
"633 - Výnosy ze sociálního pojištění / 社会保险收入 / Доходы от страховых взносов на обязательное социальное страхование","B.III.3. - Výnosy ze sociálního pojištění / 社会保险收入 / Доходы от страховых взносов на обязательное социальное страхование","633","","0","","Income","CZK"
"B.III.4. - Výnosy z daně z přidané hodnoty / 增值税收入 / Доходы от налога на добавленную стоимость","B.III. - Výnosy z daní a poplatků / 税收和费用收入 / Доходы от налогов и сборов","","","1","","Income","CZK"
"634 - Výnosy z daně z přidané hodnoty / 增值税收入 / Доходы от налога на добавленную стоимость","B.III.4. - Výnosy z daně z přidané hodnoty / 增值税收入 / Доходы от налога на добавленную стоимость","634","","0","","Income","CZK"
"B.III.5. - Výnosy ze spotřebních daní / 消费税收入 / Доходы от акцизов","B.III. - Výnosy z daní a poplatků / 税收和费用收入 / Доходы от налогов и сборов","","","1","","Income","CZK"
"635 - Výnosy ze spotřebních daní / 消费税收入 / Доходы от акцизов","B.III.5. - Výnosy ze spotřebních daní / 消费税收入 / Доходы от акцизов","635","","0","","Income","CZK"
"B.III.6. - Výnosy z majetkových daní / 财产税收入 / Доходы от налога на имущество","B.III. - Výnosy z daní a poplatků / 税收和费用收入 / Доходы от налогов и сборов","","","1","","Income","CZK"
"636 - Výnosy z majetkových daní / 财产税收入 / Доходы от налога на имущество","B.III.6. - Výnosy z majetkových daní / 财产税收入 / Доходы от налога на имущество","636","","0","","Income","CZK"
"B.III.7. - Výnosy z energetických daní / 能源税收入 / Доходы от налогов на энергию","B.III. - Výnosy z daní a poplatků / 税收和费用收入 / Доходы от налогов и сборов","","","1","","Income","CZK"
"637 - Výnosy z energetických daní / 能源税收入 / Доходы от налогов на энергию","B.III.7. - Výnosy z energetických daní / 能源税收入 / Доходы от налогов на энергию","637","","0","","Income","CZK"
"B.III.8. - Výnosy z daně silniční / 道路税收入 / Доходы от дорожного налога","B.III. - Výnosy z daní a poplatků / 税收和费用收入 / Доходы от налогов и сборов","","","1","","Income","CZK"
"638 - Výnosy z daně silniční / 道路税收入 / Доходы от дорожного налога","B.III.8. - Výnosy z daně silniční / 道路税收入 / Доходы от дорожного налога","638","","0","","Income","CZK"
"B.III.9. - Výnosy z ostatních daní a poplatků / 其他税和费收入 / Доходы от других налогов и сборов","B.III. - Výnosy z daní a poplatků / 税收和费用收入 / Доходы от налогов и сборов","","","1","","Income","CZK"
"639 - Výnosy z ostatních daní a poplatků / 其他税和费收入 / Доходы от других налогов и сборов","B.III.9. - Výnosy z ostatních daní a poplatků / 其他税和费收入 / Доходы от других налогов и сборов","639","","0","","Income","CZK"
"B.III.10. - Běžný účet FKSP / 银行存款 FKSP / Текущий счет FKSP","B.III. - Krátkodobý finanční majetek / 短期金融资产 / Краткосрочные финансовые активы","","","1","","Asset","CZK"
"243 - Běžný účet FKSP / 银行存款 FKSP / Текущий счет FKSP","B.III.10. - Běžný účet FKSP / 银行存款 FKSP / Текущий счет FKSP","243","","0","","Asset","CZK"
"B.III.11. - Základní běžný účet územních samosprávných celků / 地方政府单位基本银行存款 / Основной текущий счет местных самоуправлений","B.III. - Krátkodobý finanční majetek / 短期金融资产 / Краткосрочные финансовые активы","","","1","","Asset","CZK"
"231 - Základní běžný účet územních samosprávných celků / 地方政府单位基本银行存款 / Основной текущий счет местных самоуправлений","B.III.11. - Základní běžný účet územních samosprávných celků / 地方政府单位基本银行存款 / Основной текущий счет местных самоуправлений","231","","0","","Asset","CZK"
"B.III.12. - Běžné účty fondů územních samosprávných celků / 地方政府单位基金银行存款 / Текущие счета фондов местных самоуправлений","B.III. - Krátkodobý finanční majetek / 短期金融资产 / Краткосрочные финансовые активы","","","1","","Asset","CZK"
"236 - Běžné účty fondů územních samosprávných celků / 地方政府单位基金银行存款 / Текущие счета фондов местных самоуправлений","B.III.12. - Běžné účty fondů územních samosprávných celků / 地方政府单位基金银行存款 / Текущие счета фондов местных самоуправлений","236","","0","","Asset","CZK"
"B.III.13. - Běžné účty státních fondů / 国家基金银行存款 / Текущие счета государственных фондов","B.III. - Krátkodobý finanční majetek / 短期金融资产 / Краткосрочные финансовые активы","","","1","","Asset","CZK"
"224 - Běžné účty státních fondů / 国家基金银行存款 / Текущие счета государственных фондов","B.III.13. - Běžné účty státních fondů / 国家基金银行存款 / Текущие счета государственных фондов","224","","0","","Asset","CZK"
"B.III.14. - Běžné účty fondů organizačních složek státu / 国家组织单位基金银行存款 / Текущие счета фондов организационных структур государства","B.III. - Krátkodobý finanční majetek / 短期金融资产 / Краткосрочные финансовые активы","","","1","","Asset","CZK"
"225 - Běžné účty fondů organizačních složek státu / 国家组织单位基金银行存款 / Текущие счета фондов организационных структур государства","B.III.14. - Běžné účty fondů organizačních složek státu / 国家组织单位基金银行存款 / Текущие счета фондов организационных структур государства","225","","0","","Asset","CZK"
"B.III.15. - Ceniny / 有价票证 / Ценные бумаги (ваучеры/марки}","B.III. - Krátkodobý finanční majetek / 短期金融资产 / Краткосрочные финансовые активы","","","1","","Asset","CZK"
"263 - Ceniny / 有价票证 / Ценные бумаги (ваучеры/марки}","B.III.15. - Ceniny / 有价票证 / Ценные бумаги (ваучеры/марки}","263","","0","","Asset","CZK"
"B.III.16. - Peníze na cestě / 在途资金 / Деньги в пути","B.III. - Krátkodobý finanční majetek / 短期金融资产 / Краткосрочные финансовые активы","","","1","","Asset","CZK"
"262 - Peníze na cestě / 在途资金 / Деньги в пути","B.III.16. - Peníze na cestě / 在途资金 / Деньги в пути","262","","0","","Asset","CZK"
"B.III.17. - Pokladna / 库存现金 / Касса","B.III. - Krátkodobý finanční majetek / 短期金融资产 / Краткосрочные финансовые активы","","","1","","Asset","CZK"
"261 - Pokladna / 库存现金 / Касса","B.III.17. - Pokladna / 库存现金 / Касса","261","","0","","Asset","CZK"
"D.III.10. - Zaměstnanci / 雇员 / Персонал","D.III. - Krátkodobé závazky / 短期负债 / Краткосрочные обязательства","","","1","","Liability","CZK"
"331 - Zaměstnanci / 雇员 / Персонал","D.III.10. - Zaměstnanci / 雇员 / Персонал","331","","0","","Liability","CZK"
"D.III.11. - Jiné závazky vůči zaměstnancům / 对雇员的其他负债 / Прочие обязательства перед персоналом","D.III. - Krátkodobé závazky / 短期负债 / Краткосрочные обязательства","","","1","","Liability","CZK"
"333 - Jiné závazky vůči zaměstnancům / 对雇员的其他负债 / Прочие обязательства перед персоналом","D.III.11. - Jiné závazky vůči zaměstnancům / 对雇员的其他负债 / Прочие обязательства перед персоналом","333","","0","","Liability","CZK"
"D.III.12. - Sociální zabezpečení / 社会保险费 / Социальное обеспечение","D.III. - Krátkodobé závazky / 短期负债 / Краткосрочные обязательства","","","1","","Liability","CZK"
"336-L - Sociální zabezpečení / 社会保险费 / Социальное обеспечение","D.III.12. - Sociální zabezpečení / 社会保险费 / Социальное обеспечение","336-L","","0","","Liability","CZK"
"D.III.13. - Zdravotní pojištění / 医疗保险费 / Страхование здоровья","D.III. - Krátkodobé závazky / 短期负债 / Краткосрочные обязательства","","","1","","Liability","CZK"
"337-L - Zdravotní pojištění / 医疗保险费 / Страхование здоровья","D.III.13. - Zdravotní pojištění / 医疗保险费 / Страхование здоровья","337-L","","0","","Liability","CZK"
"D.III.14. - Důchodové spoření / 养老金储蓄 / Пенсионные накопления","D.III. - Krátkodobé závazky / 短期负债 / Краткосрочные обязательства","","","1","","Liability","CZK"
"338-L - Důchodové spoření / 养老金储蓄 / Пенсионные накопления","D.III.14. - Důchodové spoření / 养老金储蓄 / Пенсионные накопления","338-L","","0","","Liability","CZK"
"D.III.15. - Daň z příjmů / 所得税 / Налог на доходы","D.III. - Krátkodobé závazky / 短期负债 / Краткосрочные обязательства","","","1","","Liability","CZK"
"341-L - Daň z příjmů / 所得税 / Налог на доходы","D.III.15. - Daň z příjmů / 所得税 / Налог на доходы","341-L","","0","","Liability","CZK"
"D.III.16. - Ostatní daně, poplatky a jiná obdobná peněžitá plnění / 其他税、费及类似现金支付 / ДНС","D.III. - Krátkodobé závazky / 短期负债 / Краткосрочные обязательства","","","1","","Liability","CZK"
"342-L - Ostatní daně, poplatky a jiná obdobná peněžitá plnění / 其他税、费及类似现金支付 / Другие налоги, сборы и аналогичные денежные платежи","D.III.16. - Ostatní daně, poplatky a jiná obdobná peněžitá plnění / 其他税、费及类似现金支付 / ДНС","342-L","","0","","Liability","CZK"
"D.III.17. - Daň z přidané hodnoty / 增值税 / Налог на добавленную стоимость","D.III. - Krátkodobé závazky / 短期负债 / Краткосрочные обязательства","","","1","","Liability","CZK"
"343-L - Daň z přidané hodnoty / 增值税 / Налог на добавленную стоимость","D.III.17. - Daň z přidané hodnoty / 增值税 / Налог на добавленную стоимость","343-L","","0","","Liability","CZK"
"D.III.18. - Závazky k osobám mimo vybrané vládní instituce / 对非选定政府机构外人员的负债 / Обязат. перед лицами","D.III. - Krátkodobé závazky / 短期负债 / Краткосрочные обязательства","","","1","","Liability","CZK"
"345 - Závazky k osobám mimo vybrané vládní instituce / 对非选定政府机构外人员的负债 / Обязат. перед лицами","D.III.18. - Závazky k osobám mimo vybrané vládní instituce / 对非选定政府机构外人员的负债 / Обязат. перед лицами","345","","0","","Liability","CZK"
"D.III.19. - Závazky k vybraným ústředním vládním institucím / 对选定中央政府机构的负债 / Обязат. перед центр. гос. учр.","D.III. - Krátkodobé závazky / 短期负债 / Краткосрочные обязательства","","","1","","Liability","CZK"
"347 - Závazky k vybraným ústředním vládním institucím / 对选定中央政府机构的负债 / Обязат. перед центр. гос. учр.","D.III.19. - Závazky k vybraným ústředním vládním institucím / 对选定中央政府机构的负债 / Обязат. перед центр. гос. учр.","347","","0","","Liability","CZK"
"D.III.20. - Závazky k vybraným místním vládním institucím / 对选定地方政府机构的负债 / Обязат. перед мест. гос. учр.","D.III. - Krátkodobé závazky / 短期负债 / Краткосрочные обязательства","","","1","","Liability","CZK"
"349 - Závazky k vybraným místním vládním institucím / 对选定地方政府机构的负债 / Обязат. перед мест. гос. учр.","D.III.20. - Závazky k vybraným místním vládním institucím / 对选定地方政府机构的负债 / Обязат. перед мест. гос. учр.","349","","0","","Liability","CZK"
"D.III.21. - Přijaté zálohy daní / 收到的预缴税款 / Полученные авансы по налогам","D.III. - Krátkodobé závazky / 短期负债 / Краткосрочные обязательства","","","1","","Liability","CZK"
"351 - Přijaté zálohy daní / 收到的预缴税款 / Полученные авансы по налогам","D.III.21. - Přijaté zálohy daní / 收到的预缴税款 / Полученные авансы по налогам","351","","0","","Liability","CZK"
"D.III.22. - Přeplatky na daních / 税款多付 / Переплаты по налогам","D.III. - Krátkodobé závazky / 短期负债 / Краткосрочные обязательства","","","1","","Liability","CZK"
"353 - Přeplatky na daních / 税款多付 / Переплаты по налогам","D.III.22. - Přeplatky na daních / 税款多付 / Переплаты по налогам","353","","0","","Liability","CZK"
"D.III.23. - Závazky z vratek nepřímých daní / 增值税退税负债 / Обязательства по возврату косвенных налогов","D.III. - Krátkodobé závazky / 短期负债 / Краткосрочные обязательства","","","1","","Liability","CZK"
"354 - Závazky z vratek nepřímých daní / 增值税退税负债 / Обязательства по возврату косвенных налогов","D.III.23. - Závazky z vratek nepřímých daní / 增值税退税负债 / Обязательства по возврату косвенных налогов","354","","0","","Liability","CZK"
"D.III.24. - Zúčtování z přerozdělování daní / 税收再分配结算 / Расчеты по перераспределению налогов","D.III. - Krátkodobé závazky / 短期负债 / Краткосрочные обязательства","","","1","","Liability","CZK"
"355-L - Zúčtování z přerozdělování daní / 税收再分配结算 / Расчеты по перераспределению налогов","D.III.24. - Zúčtování z přerozdělování daní / 税收再分配结算 / Расчеты по перераспределению налогов","355-L","","0","","Liability","CZK"
"D.III.25. - Závazky z exekuce a ostatního nakládání s cizím majetkem / 强制执行和管理负债 / Обязат. по исполн. произ. и управл. чуж. имущ.","D.III. - Krátkodobé závazky / 短期负债 / Краткосрочные обязательства","","","1","","Liability","CZK"
"357 - Závazky z exekuce a ostatního nakládání s cizím majetkem / 强制执行和管理外来资产的负债 / Обязат. по исполн. произ. и управл. чуж. имущ.","D.III.25. - Závazky z exekuce a ostatního nakládání s cizím majetkem / 强制执行和管理负债 / Обязат. по исполн. произ. и управл. чуж. имущ.","357","","0","","Liability","CZK"
"D.III.26. - Ostatní závazky ze správy daní / 其他税收管理负债 / Прочие обязательства по управлению налогами","D.III. - Krátkodobé závazky / 短期负债 / Краткосрочные обязательства","","","1","","Liability","CZK"
"359 - Ostatní závazky ze správy daní / 其他税收管理负债 / Прочие обязательства по управлению налогами","D.III.26. - Ostatní závazky ze správy daní / 其他税收管理负债 / Прочие обязательства по управлению налогами","359","","0","","Liability","CZK"
"D.III.27. - Krátkodobé závazky z ručení / 短期担保负债 / Краткосрочные обязательства по гарантиям","D.III. - Krátkodobé závazky / 短期负债 / Краткосрочные обязательства","","","1","","Liability","CZK"
"362 - Krátkodobé závazky z ručení / 短期担保负债 / Краткосрочные обязательства по гарантиям","D.III.27. - Krátkodobé závazky z ručení / 短期担保负债 / Краткосрочные обязательства по гарантиям","362","","0","","Liability","CZK"
"D.III.28. - Pevné termínové operace a opce / 固定期限衍生工具和期权 / Форвардные сделки и опционы","D.III. - Krátkodobé závazky / 短期负债 / Краткосрочные обязательства","","","1","","Liability","CZK"
"363-L - Pevné termínové operace a opce / 固定期限衍生工具和期权 / Форвардные сделки и опционы","D.III.28. - Pevné termínové operace a opce / 固定期限衍生工具和期权 / Форвардные сделки и опционы","363-L","","0","","Liability","CZK"
"D.III.29. - Závazky z neukončených finančních operací / 未完成金融操作负债 / Обязательства по незавершенным финансовым операциям","D.III. - Krátkodobé závazky / 短期负债 / Краткосрочные обязательства","","","1","","Liability","CZK"
"364 - Závazky z neukončených finančních operací / 未完成金融操作负债 / Обязательства по незавершенным финансовым операциям","D.III.29. - Závazky z neukončených finančních operací / 未完成金融操作负债 / Обязательства по незавершенным финансовым операциям","364","","0","","Liability","CZK"
"D.III.30. - Závazky z finančního zajištění / 金融担保负债 / Обязательства по финансовым гарантиям","D.III. - Krátkodobé závazky / 短期负债 / Краткосрочные обязательства","","","1","","Liability","CZK"
"366 - Závazky z finančního zajištění / 金融担保负债 / Обязательства по финансовым гарантиям","D.III.30. - Závazky z finančního zajištění / 金融担保负债 / Обязательства по финансовым гарантиям","366","","0","","Liability","CZK"
"D.III.31. - Závazky z upsaných nesplacených cenných papírů a podílů / 背书未付证券和股份负债 / ОПНЦБД","D.III. - Krátkodobé závazky / 短期负债 / Краткосрочные обязательства","","","1","","Liability","CZK"
"368 - Závazky z upsaných nesplacených cenných papírů a podílů / 背书未付证券和股份负债 / Обязательства по непогашенным ценным бумагам и долям","D.III.31. - Závazky z upsaných nesplacených cenných papírů a podílů / 背书未付证券和股份负债 / ОПНЦБД","368","","0","","Liability","CZK"
"D.III.32. - Krátkodobé přijaté zálohy na transfery / 短期收到的转移预付款 / Краткосрочные полученные авансы на переводы","D.III. - Krátkodobé závazky / 短期负债 / Краткосрочные обязательства","","","1","","Liability","CZK"
"374 - Krátkodobé přijaté zálohy na transfery / 短期收到的转移预付款 / Краткосрочные полученные авансы на переводы","D.III.32. - Krátkodobé přijaté zálohy na transfery / 短期收到的转移预付款 / Краткосрочные полученные авансы на переводы","374","","0","","Liability","CZK"
"D.III.33. - Krátkodobé zprostředkování transferů / 短期转移中介 / Краткосрочное посредничество в трансферах","D.III. - Krátkodobé závazky / 短期负债 / Краткосрочные обязательства","","","1","","Liability","CZK"
"375-L - Krátkodobé zprostředkování transferů / 短期转移中介 / Краткосрочное посредничество в трансферах","D.III.33. - Krátkodobé zprostředkování transferů / 短期转移中介 / Краткосрочное посредничество в трансферах","375-L","","0","","Liability","CZK"
"D.III.34. - Závazky z řízení likvidity státní pokladny a státního dluhu / 国家金库和国家债务流动性管理义务 / ОПУЛГКГД","D.III. - Krátkodobé závazky / 短期负债 / Краткосрочные обязательства","","","1","","Liability","CZK"
"248-L - Závazky z řízení likvidity státní pokladny a státního dluhu / 国家金库和国家债务流动性管理义务 / ОПУЛГКГД","D.III.34. - Závazky z řízení likvidity státní pokladny a státního dluhu / 国家金库和国家债务流动性管理义务 / ОПУЛГКГД","248-L","","0","","Liability","CZK"
"D.III.35. - Výdaje příštích období / 未来期间支出 / Расходы будущих периодов","D.III. - Krátkodobé závazky / 短期负债 / Краткосрочные обязательства","","","1","","Liability","CZK"
"383 - Výdaje příštích období / 未来期间支出 / Расходы будущих периодов","D.III.35. - Výdaje příštích období / 未来期间支出 / Расходы будущих периодов","383","","0","","Liability","CZK"
"D.III.36. - Výnosy příštích období / 未来期间收入 / Доходы будущих периодов","D.III. - Krátkodobé závazky / 短期负债 / Краткосрочные обязательства","","","1","","Liability","CZK"
"384 - Výnosy příštích období / 未来期间收入 / Доходы будущих периодов","D.III.36. - Výnosy příštích období / 未来期间收入 / Доходы будущих периодов","384","","0","","Liability","CZK"
"D.III.37. - Dohadné účty pasivní / 预计负债账户（资产负债表的负债方） / Оценочные счета (пассивные}","D.III. - Krátkodobé závazky / 短期负债 / Краткосрочные обязательства","","","1","","Liability","CZK"
"389 - Dohadné účty pasivní / 预计负债账户（资产负债表的负债方） / Оценочные счета (пассивные}","D.III.37. - Dohadné účty pasivní / 预计负债账户（资产负债表的负债方） / Оценочные счета (пассивные}","389","","0","","Liability","CZK"
"D.III.38. - Ostatní krátkodobé závazky / 其他短期负债 / Прочие краткосрочные обязательства","D.III. - Krátkodobé závazky / 短期负债 / Краткосрочные обязательства","","","1","","Liability","CZK"
"378 - Ostatní krátkodobé závazky / 其他短期负债 / Прочие краткосрочные обязательства","D.III.38. - Ostatní krátkodobé závazky / 其他短期负债 / Прочие краткосрочные обязательства","378","","0","","Liability","CZK"
