"Account Name","Parent Account","Account Number","Parent Account Number","Is Group","Account Type","Root Type","Account Currency"
"Assets - Aktiva - 资产","","","","1","","Asset","CZK"
"Liabilities - Pasiva - 负债","","","","1","","Liability","CZK"
"Equity - Vlastní kapitál - 权益","","","","1","","Equity","CZK"
"Expenses - Náklady - 费用","","","","1","Expense Account","Expense","CZK"
"Income - Výnosy - 收入","","","","1","Income Account","Income","CZK"
"A. - Stálá aktiva / Anlagevermögen / Инвестиционные активы","Assets - Aktiva - 资产","","","1","","Asset","CZK"
"B. - Oběžná aktiva / Umlaufvermögen / Оборотные активы","Assets - Aktiva - 资产","","","1","","Asset","CZK"
"C. - Vlastní kapitál / Eigenkapital / Собственный капитал","Equity - Vlastní kapitál - 权益","","","1","","Equity","CZK"
"D. - Cizí zdroje / Verbindlichkeiten / Обязательства","Liabilities - Pasiva - 负债","","","1","","Liability","CZK"
"A. - NÁKLADY CELKEM / Gesamtkosten / Общие расходы","Expenses - Náklady - 费用","","","1","","Expense","CZK"
"B. - VÝNOSY CELKEM / Gesamteinnahmen / Общие доходы","Income - Výnosy - 收入","","","1","","Income","CZK"
"C. - VÝSLEDEK HOSPODAŘENÍ / Ergebnis der Haushaltsführung / Результат хозяйствования","Income - Výnosy - 收入","","","1","","Income","CZK"
"A.I. - Dlouhodobý nehmotný majetek / Langfristige immaterielle Vermögenswerte / Долгосрочные нематериальные активы","A. - Stálá aktiva / Anlagevermögen / Инвестиционные активы","","","1","","Asset","CZK"
"B.I. - Zásoby / Vorräte / Запасы","B. - Oběžná aktiva / Umlaufvermögen / Оборотные активы","","","1","","Asset","CZK"
"C.I. - Jmění účetní jednotky a upravující položky / Vermögen der Buchhaltungseinheit und anpassende Posten / ИБЕиКС","C. - Vlastní kapitál / Eigenkapital / Собственный капитал","","","1","","Equity","CZK"
"D.I. - Rezervy / Rückstellungen / Резервы","D. - Cizí zdroje / Verbindlichkeiten / Обязательства","","","1","","Liability","CZK"
"A.I. - Náklady z činnosti / Kosten aus der Tätigkeit / Расходы от деятельности","A. - NÁKLADY CELKEM / Gesamtkosten / Общие расходы","","","1","","Expense","CZK"
"A.V. - Daň z příjmů / Einkommensteuer / Налог на доходы","A. - NÁKLADY CELKEM / Gesamtkosten / Общие расходы","","","1","","Expense","CZK"
"B.I. - Výnosy z činnosti / Einnahmen aus der Tätigkeit / Доходы от деятельности","B. - VÝNOSY CELKEM / Gesamteinnahmen / Общие доходы","","","1","","Income","CZK"
"B.V. - Výnosy ze sdílených daní a poplatků / Einnahmen aus geteilten Steuern und Gebühren / Доходы от совместных налогов и сборов","B. - VÝNOSY CELKEM / Gesamteinnahmen / Общие доходы","","","1","","Income","CZK"
"C.1. - Výsledek hospodaření před zdaněním / Ergebnis der Haushaltsführung vor Steuern / Результат хозяйствования до налогообложения","C. - VÝSLEDEK HOSPODAŘENÍ / Ergebnis der Haushaltsführung / Результат хозяйствования","","","1","","Income","CZK"
"C.2. - Výsledek hospodaření běžného účetního období / Ergebnis des laufenden Buchhaltezeitraums / Резултат текущего периода","C. - VÝSLEDEK HOSPODAŘENÍ / Ergebnis der Haushaltsführung / Результат хозяйствования","","","1","","Income","CZK"
"A.II. - Dlouhodobý hmotný majetek / Langfristige materielle Vermögenswerte / Долгосрочные материальные активы","A. - Stálá aktiva / Anlagevermögen / Инвестиционные активы","","","1","","Asset","CZK"
"A.IV. - Dlouhodobé pohledávky / Langfristige Forderungen / Долгосрочные дебиторские задолженности","A. - Stálá aktiva / Anlagevermögen / Инвестиционные активы","","","1","","Asset","CZK"
"B.II. - Krátkodobé pohledávky / Kurzfristige Forderungen / Краткосрочные дебиторские задолженности","B. - Oběžná aktiva / Umlaufvermögen / Оборотные активы","","","1","","Asset","CZK"
"C.II. - Fondy účetní jednotky / Fonds der Buchungseinheit / Фонды учетной единицы","C. - Vlastní kapitál / Eigenkapital / Собственный капитал","","","1","","Equity","CZK"
"C.IV. - Příjmový a výdajový účet rozpočtového hospodaření / Einnahmen- und Ausgabenkonto des Haushaltsplans / Д/Р счет бюджета","C. - Vlastní kapitál / Eigenkapital / Собственный капитал","","","1","","Equity","CZK"
"D.II. - Dlouhodobé závazky / Langfristige Verbindlichkeiten / Долгосрочные обязательства","D. - Cizí zdroje / Verbindlichkeiten / Обязательства","","","1","","Liability","CZK"
"A.II. - Finanční náklady / Finanzkosten / Финансовые расходы","A. - NÁKLADY CELKEM / Gesamtkosten / Общие расходы","","","1","","Expense","CZK"
"A.IV. - Náklady ze sdílených daní a poplatků / Kosten aus geteilten Steuern und Gebühren / Расх. из совм. налогов/сборов","A. - NÁKLADY CELKEM / Gesamtkosten / Общие расходы","","","1","","Expense","CZK"
"B.II. - Finanční výnosy / Finanzierungseinnahmen / Финансовые доходы","B. - VÝNOSY CELKEM / Gesamteinnahmen / Общие доходы","","","1","","Income","CZK"
"B.IV. - Výnosy z transferů / Einnahmen aus Transfers / Доходы от трансфертов","B. - VÝNOSY CELKEM / Gesamteinnahmen / Общие доходы","","","1","","Income","CZK"
"A.I.1. - Nehmotné výsledky výzkumu a vývoje / Immaterielle Ergebnisse der Forschung und Entwicklung / НРиР","A.I. - Dlouhodobý nehmotný majetek / Langfristige immaterielle Vermögenswerte / Долгосрочные нематериальные активы","","","1","","Asset","CZK"
"012 - Nehmotné výsledky výzkumu a vývoje / Immaterielle Ergebnisse der Forschung und Entwicklung / НРиР","A.I.1. - Nehmotné výsledky výzkumu a vývoje / Immaterielle Ergebnisse der Forschung und Entwicklung / НРиР","012","","0","","Asset","CZK"
"A.I.2. - Software / Software / Программное обеспечение","A.I. - Dlouhodobý nehmotný majetek / Langfristige immaterielle Vermögenswerte / Долгосрочные нематериальные активы","","","1","","Asset","CZK"
"013 - Software / Software / Программное обеспечение","A.I.2. - Software / Software / Программное обеспечение","013","","0","","Asset","CZK"
"A.I.3. - Ocenitelná práva / Bewertungsberechtigungen / Оценочные права","A.I. - Dlouhodobý nehmotný majetek / Langfristige immaterielle Vermögenswerte / Долгосрочные нематериальные активы","","","1","","Asset","CZK"
"014 - Ocenitelná práva / Bewertungsberechtigungen / Оценочные права","A.I.3. - Ocenitelná práva / Bewertungsberechtigungen / Оценочные права","014","","0","","Asset","CZK"
"A.I.4. - Povolenky na emise a preferenční limity / Emissionsgenehmigungen und präferenzielle Obergrenzen / ЛимЭмис","A.I. - Dlouhodobý nehmotný majetek / Langfristige immaterielle Vermögenswerte / Долгосрочные нематериальные активы","","","1","","Asset","CZK"
"015 - Povolenky na emise a preferenční limity / Emissionsgenehmigungen und präferenzielle Obergrenzen / ЛимЭмис","A.I.4. - Povolenky na emise a preferenční limity / Emissionsgenehmigungen und präferenzielle Obergrenzen / ЛимЭмис","015","","0","","Asset","CZK"
"A.I.5. - Drobný dlouhodobý nehmotný majetek / Kleinigkeiten langfristiger immaterieller Vermögenswerte / МДНМатАкт","A.I. - Dlouhodobý nehmotný majetek / Langfristige immaterielle Vermögenswerte / Долгосрочные нематериальные активы","","","1","","Asset","CZK"
"018 - Drobný dlouhodobý nehmotný majetek / Kleinigkeiten langfristiger immaterieller Vermögenswerte / МДНМатАкт","A.I.5. - Drobný dlouhodobý nehmotný majetek / Kleinigkeiten langfristiger immaterieller Vermögenswerte / МДНМатАкт","018","","0","","Asset","CZK"
"A.I.6. - Ostatní dlouhodobý nehmotný majetek / Sonstige langfristige immaterielle Vermögenswerte / ПрДНМатАкт","A.I. - Dlouhodobý nehmotný majetek / Langfristige immaterielle Vermögenswerte / Долгосрочные нематериальные активы","","","1","","Asset","CZK"
"019 - Ostatní dlouhodobý nehmotný majetek / Sonstige langfristige immaterielle Vermögenswerte / ПрДНМатАкт","A.I.6. - Ostatní dlouhodobý nehmotný majetek / Sonstige langfristige immaterielle Vermögenswerte / ПрДНМатАкт","019","","0","","Asset","CZK"
"A.I.7. - Nedokončený dlouhodobý nehmotný majetek / Unvollendete langfristige immaterielle Vermögenswerte / Незав. долг. немат. акт.","A.I. - Dlouhodobý nehmotný majetek / Langfristige immaterielle Vermögenswerte / Долгосрочные нематериальные активы","","","1","","Asset","CZK"
"041 - Nedokončený dlouhodobý nehmotný majetek / Unvollendete langfristige immaterielle Vermögenswerte / Незав. долг. немат. акт.","A.I.7. - Nedokončený dlouhodobý nehmotný majetek / Unvollendete langfristige immaterielle Vermögenswerte / Незав. долг. немат. акт.","041","","0","","Asset","CZK"
"A.I.8. - Poskytnuté zálohy na dlouhodobý nehmotný majetek / Vorauszahl. f. langfr. imm. Verm. / Предопл. по долг. немат. акт.","A.I. - Dlouhodobý nehmotný majetek / Langfristige immaterielle Vermögenswerte / Долгосрочные нематериальные активы","","","1","","Asset","CZK"
"051 - Poskytnuté zálohy na dlouhodobý nehmotný majetek / Vorauszahl. f. langfr. imm. Verm. / Предопл. по долг. немат. акт.","A.I.8. - Poskytnuté zálohy na dlouhodobý nehmotný majetek / Vorauszahl. f. langfr. imm. Verm. / Предопл. по долг. немат. акт.","051","","0","","Asset","CZK"
"A.I.9. - Dlouhodobý nehmotný majetek určený k prodeji / Langfr. imm. Verm. z. Veräuß. / Долг. немат. акт. для прод.","A.I. - Dlouhodobý nehmotný majetek / Langfristige immaterielle Vermögenswerte / Долгосрочные нематериальные активы","","","1","","Asset","CZK"
"035 - Dlouhodobý nehmotný majetek určený k prodeji / Langfr. imm. Verm. z. Veräuß. / Долг. немат. акт. для прод.","A.I.9. - Dlouhodobý nehmotný majetek určený k prodeji / Langfr. imm. Verm. z. Veräuß. / Долг. немат. акт. для прод.","035","","0","","Asset","CZK"
"A.III. - Dlouhodobý finanční majetek / Langfristige Finanzanlagen / Долгосрочные финансовые активы","A. - Stálá aktiva / Anlagevermögen / Инвестиционные активы","","","1","","Asset","CZK"
"AKTIVA - Aktiva celkem / Gesamtanlagen / Общие активы","Assets - Aktiva - 资产","","","1","","Asset","CZK"
"B.I.1. - Pořízení materiálu / Materialbeschaffung / Приобретение материалов","B.I. - Zásoby / Vorräte / Запасы","","","1","","Asset","CZK"
"111 - Pořízení materiálu / Materialbeschaffung / Приобретение материалов","B.I.1. - Pořízení materiálu / Materialbeschaffung / Приобретение материалов","111","","0","","Asset","CZK"
"B.I.2. - Materiál na skladě / Material auf Lager / Материал на складе","B.I. - Zásoby / Vorräte / Запасы","","","1","","Asset","CZK"
"112 - Materiál na skladě / Material auf Lager / Материал на складе","B.I.2. - Materiál na skladě / Material auf Lager / Материал на складе","112","","0","","Asset","CZK"
"B.I.3. - Materiál na cestě / Material in der Lieferung / Материал в пути","B.I. - Zásoby / Vorräte / Запасы","","","1","","Asset","CZK"
"119 - Materiál na cestě / Material in der Lieferung / Материал в пути","B.I.3. - Materiál na cestě / Material in der Lieferung / Материал в пути","119","","0","","Asset","CZK"
"B.I.4. - Nedokončená výroba / Unfertige Produktion / Незавершенное производство","B.I. - Zásoby / Vorräte / Запасы","","","1","","Asset","CZK"
"121 - Nedokončená výroba / Unfertige Produktion / Незавершенное производство","B.I.4. - Nedokončená výroba / Unfertige Produktion / Незавершенное производство","121","","0","","Asset","CZK"
"B.I.5. - Polotovary vlastní výroby / Halbfabrikate eigener Herstellung / Полуфабрикаты собственного производства","B.I. - Zásoby / Vorräte / Запасы","","","1","","Asset","CZK"
"122 - Polotovary vlastní výroby / Halbfabrikate eigener Herstellung / Полуфабрикаты собственного производства","B.I.5. - Polotovary vlastní výroby / Halbfabrikate eigener Herstellung / Полуфабрикаты собственного производства","122","","0","","Asset","CZK"
"B.I.6. - Výrobky / Erzeugnisse / Производимая продукция","B.I. - Zásoby / Vorräte / Запасы","","","1","","Asset","CZK"
"123 - Výrobky / Erzeugnisse / Производимая продукция","B.I.6. - Výrobky / Erzeugnisse / Производимая продукция","123","","0","","Asset","CZK"
"B.I.7. - Pořízení zboží / Einkauf von Waren / Приобретение товаров","B.I. - Zásoby / Vorräte / Запасы","","","1","","Asset","CZK"
"131 - Pořízení zboží / Einkauf von Waren / Приобретение товаров","B.I.7. - Pořízení zboží / Einkauf von Waren / Приобретение товаров","131","","0","","Asset","CZK"
"B.I.8. - Zboží na skladě / Lagerbestand / Товары на складе","B.I. - Zásoby / Vorräte / Запасы","","","1","","Asset","CZK"
"132 - Zboží na skladě / Lagerbestand / Товары на складе","B.I.8. - Zboží na skladě / Lagerbestand / Товары на складе","132","","0","","Asset","CZK"
"B.I.9. - Zboží na cestě / Waren im Transport / Товары в пути","B.I. - Zásoby / Vorräte / Запасы","","","1","","Asset","CZK"
"138 - Zboží na cestě / Waren im Transport / Товары в пути","B.I.9. - Zboží na cestě / Waren im Transport / Товары в пути","138","","0","","Asset","CZK"
"B.III. - Krátkodobý finanční majetek / Kurzfristige finanzielle Vermögenswerte / Краткосрочные финансовые активы","B. - Oběžná aktiva / Umlaufvermögen / Оборотные активы","","","1","","Asset","CZK"
"C.I.1. - Jmění účetní jednotky / Vermögen der Buchhaltungseinheit / Имущество бухгалтерской единицы","C.I. - Jmění účetní jednotky a upravující položky / Vermögen der Buchhaltungseinheit und anpassende Posten / ИБЕиКС","","","1","","Equity","CZK"
"401 - Jmění účetní jednotky / Vermögen der Buchhaltungseinheit / Имущество бухгалтерской единицы","C.I.1. - Jmění účetní jednotky / Vermögen der Buchhaltungseinheit / Имущество бухгалтерской единицы","401","","0","","Equity","CZK"
"C.I.2. - Fond privatizace / Privatisierungsfonds / Фонд приватизации","C.I. - Jmění účetní jednotky a upravující položky / Vermögen der Buchhaltungseinheit und anpassende Posten / ИБЕиКС","","","1","","Equity","CZK"
"402 - Fond privatizace / Privatisierungsfonds / Фонд приватизации","C.I.2. - Fond privatizace / Privatisierungsfonds / Фонд приватизации","402","","0","","Equity","CZK"
"C.I.3. - Transfery na pořízení dlouhodobého majetku / Transfers für die Erwerbung von langfristigen Vermögenswerten / ППДА","C.I. - Jmění účetní jednotky a upravující položky / Vermögen der Buchhaltungseinheit und anpassende Posten / ИБЕиКС","","","1","","Equity","CZK"
"403 - Transfery na pořízení dlouhodobého majetku / Transfers für die Erwerbung von langfristigen Vermögenswerten / ППДА","C.I.3. - Transfery na pořízení dlouhodobého majetku / Transfers für die Erwerbung von langfristigen Vermögenswerten / ППДА","403","","0","","Equity","CZK"
"C.I.4. - Kurzové rozdíly / Wechselkursdifferenzen / Валютные разницы","C.I. - Jmění účetní jednotky a upravující položky / Vermögen der Buchhaltungseinheit und anpassende Posten / ИБЕиКС","","","1","","Equity","CZK"
"405 - Kurzové rozdíly / Wechselkursdifferenzen / Валютные разницы","C.I.4. - Kurzové rozdíly / Wechselkursdifferenzen / Валютные разницы","405","","0","","Equity","CZK"
"C.I.5. - Oceňovací rozdíly při prvotním použití metody / Bewertungsunterschiede bei der Erstanzwendung der Methode / ОРППМ","C.I. - Jmění účetní jednotky a upravující položky / Vermögen der Buchhaltungseinheit und anpassende Posten / ИБЕиКС","","","1","","Equity","CZK"
"406 - Oceňovací rozdíly při prvotním použití metody / Bewertungsunterschiede bei der Erstanzwendung der Methode / ОРППМ","C.I.5. - Oceňovací rozdíly při prvotním použití metody / Bewertungsunterschiede bei der Erstanzwendung der Methode / ОРППМ","406","","0","","Equity","CZK"
"C.I.6. - Jiné oceňovací rozdíly / Andere Bewertungsunterschiede / Другие оценочные разницы","C.I. - Jmění účetní jednotky a upravující položky / Vermögen der Buchhaltungseinheit und anpassende Posten / ИБЕиКС","","","1","","Equity","CZK"
"407 - Jiné oceňovací rozdíly / Andere Bewertungsunterschiede / Другие оценочные разницы","C.I.6. - Jiné oceňovací rozdíly / Andere Bewertungsunterschiede / Другие оценочные разницы","407","","0","","Equity","CZK"
"C.I.7. - Opravy předcházejících účetních období / Korrekturen aus vorherigen Buchungsjahren / Испр. пред. отчет. пери.","C.I. - Jmění účetní jednotky a upravující položky / Vermögen der Buchhaltungseinheit und anpassende Posten / ИБЕиКС","","","1","","Equity","CZK"
"408 - Opravy předcházejících účetních období / Korrekturen aus vorherigen Buchungsjahren / Испр. пред. отчет. пери.","C.I.7. - Opravy předcházejících účetních období / Korrekturen aus vorherigen Buchungsjahren / Испр. пред. отчет. пери.","408","","0","","Equity","CZK"
"C.III. - Výsledek hospodaření / Ergebnis der Haushaltsführung / Результат управления","C. - Vlastní kapitál / Eigenkapital / Собственный капитал","","","1","","Equity","CZK"
"D.I.1. - Rezervy / Rückstellungen / Резервы","D.I. - Rezervy / Rückstellungen / Резервы","","","1","","Liability","CZK"
"441 - Rezervy / Rückstellungen / Резервы","D.I.1. - Rezervy / Rückstellungen / Резервы","441","","0","","Liability","CZK"
"D.III. - Krátkodobé závazky / Kurzfristige Verbindlichkeiten / Краткосрочные обязательства","D. - Cizí zdroje / Verbindlichkeiten / Обязательства","","","1","","Liability","CZK"
"PASIVA - Pasiva celkem / Gesamtpassiva / Общие пассивы","Liabilities - Pasiva - 负债","","","1","","Liability","CZK"
"A.I.1. - Spotřeba materiálu / Materialverbrauch / Потребление материалов","A.I. - Náklady z činnosti / Kosten aus der Tätigkeit / Расходы от деятельности","","","1","","Expense","CZK"
"501 - Spotřeba materiálu / Materialverbrauch / Потребление материалов","A.I.1. - Spotřeba materiálu / Materialverbrauch / Потребление материалов","501","","0","","Expense","CZK"
"A.I.2. - Spotřeba energie / Energieverbrauch / Потребление энергии","A.I. - Náklady z činnosti / Kosten aus der Tätigkeit / Расходы от деятельности","","","1","","Expense","CZK"
"502 - Spotřeba energie / Energieverbrauch / Потребление энергии","A.I.2. - Spotřeba energie / Energieverbrauch / Потребление энергии","502","","0","","Expense","CZK"
"A.I.3. - Spotřeba jiných neskladovatelných dodávek / Verbrauch von anderen nicht lagerfähigen Lieferungen / ПотрНмПост","A.I. - Náklady z činnosti / Kosten aus der Tätigkeit / Расходы от деятельности","","","1","","Expense","CZK"
"503 - Spotřeba jiných neskladovatelných dodávek / Verbrauch von anderen nicht lagerfähigen Lieferungen / ПотрНмПост","A.I.3. - Spotřeba jiných neskladovatelných dodávek / Verbrauch von anderen nicht lagerfähigen Lieferungen / ПотрНмПост","503","","0","","Expense","CZK"
"A.I.4. - Prodané zboží / Verkauftes Warenbestand / Проданное товарное запасы","A.I. - Náklady z činnosti / Kosten aus der Tätigkeit / Расходы от деятельности","","","1","","Expense","CZK"
"504 - Prodané zboží / Verkauftes Warenbestand / Проданное товарное запасы","A.I.4. - Prodané zboží / Verkauftes Warenbestand / Проданное товарное запасы","504","","0","","Expense","CZK"
"A.I.5. - Aktivace dlouhodobého majetku / Kapitalisierung von langfristigem Vermögen / Капитализация долгосрочного имущества","A.I. - Náklady z činnosti / Kosten aus der Tätigkeit / Расходы от деятельности","","","1","","Expense","CZK"
"506 - Aktivace dlouhodobého majetku / Kapitalisierung von langfristigem Vermögen / Капитализация долгосрочного имущества","A.I.5. - Aktivace dlouhodobého majetku / Kapitalisierung von langfristigem Vermögen / Капитализация долгосрочного имущества","506","","0","","Expense","CZK"
"A.I.6. - Aktivace oběžného majetku / Kapitalisierung von Umlaufvermögen / Капитализация оборотных активов","A.I. - Náklady z činnosti / Kosten aus der Tätigkeit / Расходы от деятельности","","","1","","Expense","CZK"
"507 - Aktivace oběžného majetku / Kapitalisierung von Umlaufvermögen / Капитализация оборотных активов","A.I.6. - Aktivace oběžného majetku / Kapitalisierung von Umlaufvermögen / Капитализация оборотных активов","507","","0","","Expense","CZK"
"A.I.7. - Změna stavu zásob vlastní výroby / Änderung des Bestands von selbst hergestellten Vorräten / Изм. запасов собств. произв.","A.I. - Náklady z činnosti / Kosten aus der Tätigkeit / Расходы от деятельности","","","1","","Expense","CZK"
"508 - Změna stavu zásob vlastní výroby / Änderung des Bestands von selbst hergestellten Vorräten / Изм. запасов собств. произв.","A.I.7. - Změna stavu zásob vlastní výroby / Änderung des Bestands von selbst hergestellten Vorräten / Изм. запасов собств. произв.","508","","0","","Expense","CZK"
"A.I.8. - Opravy a udržování / Reparaturen und Wartung / Ремонт и обслуживание","A.I. - Náklady z činnosti / Kosten aus der Tätigkeit / Расходы от деятельности","","","1","","Expense","CZK"
"511 - Opravy a udržování / Reparaturen und Wartung / Ремонт и обслуживание","A.I.8. - Opravy a udržování / Reparaturen und Wartung / Ремонт и обслуживание","511","","0","","Expense","CZK"
"A.I.9. - Cestovné / Reisekosten / Расходы на командировки","A.I. - Náklady z činnosti / Kosten aus der Tätigkeit / Расходы от деятельности","","","1","","Expense","CZK"
"512 - Cestovné / Reisekosten / Расходы на командировки","A.I.9. - Cestovné / Reisekosten / Расходы на командировки","512","","0","","Expense","CZK"
"A.III. - Náklady na transfery / Transferkosten / Расходы на переводы","A. - NÁKLADY CELKEM / Gesamtkosten / Общие расходы","","","1","","Expense","CZK"
"A.V.1. - Daň z příjmů / Einkommensteuer / Налог на доходы","A.V. - Daň z příjmů / Einkommensteuer / Налог на доходы","","","1","","Expense","CZK"
"591 - Daň z příjmů / Einkommensteuer / Налог на доходы","A.V.1. - Daň z příjmů / Einkommensteuer / Налог на доходы","591","","0","","Expense","CZK"
"A.V.2. - Dodatečné odvody daně z příjmů / Zusätzliche Einkommenssteuerabzüge / Дополнительные удержания подоходного налога","A.V. - Daň z příjmů / Einkommensteuer / Налог на доходы","","","1","","Expense","CZK"
"595 - Dodatečné odvody daně z příjmů / Zusätzliche Einkommenssteuerabzüge / Дополнительные удержания подоходного налога","A.V.2. - Dodatečné odvody daně z příjmů / Zusätzliche Einkommenssteuerabzüge / Дополнительные удержания подоходного налога","595","","0","","Expense","CZK"
"B.I.1. - Výnosy z prodeje vlastních výrobků / Einnahmen aus dem Verkauf eigener Produkte / Доходы от продажи собственной продукции","B.I. - Výnosy z činnosti / Einnahmen aus der Tätigkeit / Доходы от деятельности","","","1","","Income","CZK"
"601 - Výnosy z prodeje vlastních výrobků / Einnahmen aus dem Verkauf eigener Produkte / Доходы от продажи собственной продукции","B.I.1. - Výnosy z prodeje vlastních výrobků / Einnahmen aus dem Verkauf eigener Produkte / Доходы от продажи собственной продукции","601","","0","","Income","CZK"
"B.I.2. - Výnosy z prodeje služeb / Einnahmen aus dem Verkauf von Dienstleistungen / Доходы от продажи услуг","B.I. - Výnosy z činnosti / Einnahmen aus der Tätigkeit / Доходы от деятельности","","","1","","Income","CZK"
"602 - Výnosy z prodeje služeb / Einnahmen aus dem Verkauf von Dienstleistungen / Доходы от продажи услуг","B.I.2. - Výnosy z prodeje služeb / Einnahmen aus dem Verkauf von Dienstleistungen / Доходы от продажи услуг","602","","0","","Income","CZK"
"B.I.3. - Výnosy z pronájmu / Einnahmen aus der Vermietung / Доходы от аренды","B.I. - Výnosy z činnosti / Einnahmen aus der Tätigkeit / Доходы от деятельности","","","1","","Income","CZK"
"603 - Výnosy z pronájmu / Einnahmen aus der Vermietung / Доходы от аренды","B.I.3. - Výnosy z pronájmu / Einnahmen aus der Vermietung / Доходы от аренды","603","","0","","Income","CZK"
"B.I.4. - Výnosy z prodaného zboží / Einnahmen aus dem Verkauf von Waren / Доходы от продажи товаров","B.I. - Výnosy z činnosti / Einnahmen aus der Tätigkeit / Доходы от деятельности","","","1","","Income","CZK"
"604 - Výnosy z prodaného zboží / Einnahmen aus dem Verkauf von Waren / Доходы от продажи товаров","B.I.4. - Výnosy z prodaného zboží / Einnahmen aus dem Verkauf von Waren / Доходы от продажи товаров","604","","0","","Income","CZK"
"B.I.5. - Výnosy ze správních poplatků / Einnahmen aus Verwaltungsgebühren / Доходы от административных сборов","B.I. - Výnosy z činnosti / Einnahmen aus der Tätigkeit / Доходы от деятельности","","","1","","Income","CZK"
"605 - Výnosy ze správních poplatků / Einnahmen aus Verwaltungsgebühren / Доходы от административных сборов","B.I.5. - Výnosy ze správních poplatků / Einnahmen aus Verwaltungsgebühren / Доходы от административных сборов","605","","0","","Income","CZK"
"B.I.6. - Výnosy z místních poplatků / Einnahmen aus lokalen Gebühren / Доходы от местных сборов","B.I. - Výnosy z činnosti / Einnahmen aus der Tätigkeit / Доходы от деятельности","","","1","","Income","CZK"
"606 - Výnosy z místních poplatků / Einnahmen aus lokalen Gebühren / Доходы от местных сборов","B.I.6. - Výnosy z místních poplatků / Einnahmen aus lokalen Gebühren / Доходы от местных сборов","606","","0","","Income","CZK"
"B.I.7. - Výnosy ze soudních poplatků / Einnahmen aus Gerichtsgebühren / Доходы от судебных сборов","B.I. - Výnosy z činnosti / Einnahmen aus der Tätigkeit / Доходы от деятельности","","","1","","Income","CZK"
"607 - Výnosy ze soudních poplatků / Einnahmen aus Gerichtsgebühren / Доходы от судебных сборов","B.I.7. - Výnosy ze soudních poplatků / Einnahmen aus Gerichtsgebühren / Доходы от судебных сборов","607","","0","","Income","CZK"
"B.I.8. - Jiné výnosy z vlastních výkonů / Andere Einnahmen aus eigenen Leistungen / Прочие доходы от собственной деятельности","B.I. - Výnosy z činnosti / Einnahmen aus der Tätigkeit / Доходы от деятельности","","","1","","Income","CZK"
"609 - Jiné výnosy z vlastních výkonů / Andere Einnahmen aus eigenen Leistungen / Прочие доходы от собственной деятельности","B.I.8. - Jiné výnosy z vlastních výkonů / Andere Einnahmen aus eigenen Leistungen / Прочие доходы от собственной деятельности","609","","0","","Income","CZK"
"B.I.9. - Smluvní pokuty a úroky z prodlení / Vertragsstrafen und Zinsen für Verzögerung / Штрафы и % за проср.","B.I. - Výnosy z činnosti / Einnahmen aus der Tätigkeit / Доходы от деятельности","","","1","","Income","CZK"
"641 - Smluvní pokuty a úroky z prodlení / Vertragsstrafen und Zinsen für Verzögerung / Штрафы по договорам и проценты за просрочку","B.I.9. - Smluvní pokuty a úroky z prodlení / Vertragsstrafen und Zinsen für Verzögerung / Штрафы и % за проср.","641","","0","","Income","CZK"
"B.III. - Výnosy z daní a poplatků / Einnahmen aus Steuern und Gebühren / Доходы от налогов и сборов","B. - VÝNOSY CELKEM / Gesamteinnahmen / Общие доходы","","","1","","Income","CZK"
"B.V.1. - Výnosy ze sdílené daně z příjmů fyzických osob / Einn. geteilte Eink. Steuer nat. Pers. / Дох. общ. подох. налог физ. лиц","B.V. - Výnosy ze sdílených daní a poplatků / Einnahmen aus geteilten Steuern und Gebühren / Доходы от совместных налогов и сборов","","","1","","Income","CZK"
"681 - Výnosy ze sdílené daně z příjmů fyzických osob / Einn. geteilte Eink. Steuer nat. Pers. / Дох. общ. подох. налог физ. лиц","B.V.1. - Výnosy ze sdílené daně z příjmů fyzických osob / Einn. geteilte Eink. Steuer nat. Pers. / Дох. общ. подох. налог физ. лиц","681","","0","","Income","CZK"
"B.V.2. - Výnosy ze sdílené daně z příjmů právnických osob / Einn. geteilte Eink. Steuer jur. Pers. / Дох. общ. подох. налог юр. лиц","B.V. - Výnosy ze sdílených daní a poplatků / Einnahmen aus geteilten Steuern und Gebühren / Доходы от совместных налогов и сборов","","","1","","Income","CZK"
"682 - Výnosy ze sdílené daně z příjmů právnických osob / Einn. geteilte Eink. Steuer jur. Pers. / Дох. общ. подох. налог юр. лиц","B.V.2. - Výnosy ze sdílené daně z příjmů právnických osob / Einn. geteilte Eink. Steuer jur. Pers. / Дох. общ. подох. налог юр. лиц","682","","0","","Income","CZK"
"B.V.3. - Výnosy ze sdílené daně z přidané hodnoty / Einnahmen aus der geteilten Mehrwertsteuer / Дох. общ. НДС","B.V. - Výnosy ze sdílených daní a poplatků / Einnahmen aus geteilten Steuern und Gebühren / Доходы от совместных налогов и сборов","","","1","","Income","CZK"
"684 - Výnosy ze sdílené daně z přidané hodnoty / Einnahmen aus der geteilten Mehrwertsteuer / Дох. общ. НДС","B.V.3. - Výnosy ze sdílené daně z přidané hodnoty / Einnahmen aus der geteilten Mehrwertsteuer / Дох. общ. НДС","684","","0","","Income","CZK"
"B.V.4. - Výnosy ze sdílených spotřebních daní / Einnahmen aus den geteilten Verbrauchsteuern / Дох. общ. потреб. налоги","B.V. - Výnosy ze sdílených daní a poplatků / Einnahmen aus geteilten Steuern und Gebühren / Доходы от совместных налогов и сборов","","","1","","Income","CZK"
"685 - Výnosy ze sdílených spotřebních daní / Einnahmen aus den geteilten Verbrauchsteuern / Доходы от общих потребительских налогов","B.V.4. - Výnosy ze sdílených spotřebních daní / Einnahmen aus den geteilten Verbrauchsteuern / Дох. общ. потреб. налоги","685","","0","","Income","CZK"
"B.V.5. - Výnosy ze sdílených majetkových daní / Einnahmen aus den geteilten Vermögenssteuern / Дох. общ. имущ. налоги","B.V. - Výnosy ze sdílených daní a poplatků / Einnahmen aus geteilten Steuern und Gebühren / Доходы от совместных налогов и сборов","","","1","","Income","CZK"
"686 - Výnosy ze sdílených majetkových daní / Einnahmen aus den geteilten Vermögenssteuern / Доходы от общих имущественных налогов","B.V.5. - Výnosy ze sdílených majetkových daní / Einnahmen aus den geteilten Vermögenssteuern / Дох. общ. имущ. налоги","686","","0","","Income","CZK"
"B.V.6. - Výnosy z ostatních sdílených daní a poplatků / Einn. andere geteilte Steuern/Geb. / Дох. другие общ. налоги/сборы","B.V. - Výnosy ze sdílených daní a poplatků / Einnahmen aus geteilten Steuern und Gebühren / Доходы от совместных налогов и сборов","","","1","","Income","CZK"
"688 - Výnosy z ostatních sdílených daní a poplatků / Einn. andere geteilte Steuern/Geb. / Доходы от других общих налогов и сборов","B.V.6. - Výnosy z ostatních sdílených daní a poplatků / Einn. andere geteilte Steuern/Geb. / Дох. другие общ. налоги/сборы","688","","0","","Income","CZK"
"A.II.1. - Pozemky / Grundstücke / Земельные участки","A.II. - Dlouhodobý hmotný majetek / Langfristige materielle Vermögenswerte / Долгосрочные материальные активы","","","1","","Asset","CZK"
"031 - Pozemky / Grundstücke / Земельные участки","A.II.1. - Pozemky / Grundstücke / Земельные участки","031","","0","","Asset","CZK"
"A.II.2. - Kulturní předměty / Kulturelle Gegenstände / Культурные объекты","A.II. - Dlouhodobý hmotný majetek / Langfristige materielle Vermögenswerte / Долгосрочные материальные активы","","","1","","Asset","CZK"
"032 - Kulturní předměty / Kulturelle Gegenstände / Культурные объекты","A.II.2. - Kulturní předměty / Kulturelle Gegenstände / Культурные объекты","032","","0","","Asset","CZK"
"A.II.3. - Stavby / Bauten / Здания","A.II. - Dlouhodobý hmotný majetek / Langfristige materielle Vermögenswerte / Долгосрочные материальные активы","","","1","","Asset","CZK"
"021 - Stavby / Bauten / Здания","A.II.3. - Stavby / Bauten / Здания","021","","0","","Asset","CZK"
"A.II.4. - Samostatné hmotné movité věci a soubory hmotných movitých věcí / Einzelne/Gruppen bew. Sachanl.","A.II. - Dlouhodobý hmotný majetek / Langfristige materielle Vermögenswerte / Долгосрочные материальные активы","","","1","","Asset","CZK"
"022 - Samostatné hmotné movité věci a soubory hmotných movitých věcí / Einzelne/Gruppen bew. Sachanl.","A.II.4. - Samostatné hmotné movité věci a soubory hmotných movitých věcí / Einzelne/Gruppen bew. Sachanl.","022","","0","","Asset","CZK"
"A.II.5. - Pěstitelské celky trvalých porostů / Pflanzbestände dauerhafter Bestände / Посадочные комплексы долгосрочных насаждений","A.II. - Dlouhodobý hmotný majetek / Langfristige materielle Vermögenswerte / Долгосрочные материальные активы","","","1","","Asset","CZK"
"025 - Pěstitelské celky trvalých porostů / Pflanzbestände dauerhafter Bestände / Посадочные комплексы долгосрочных насаждений","A.II.5. - Pěstitelské celky trvalých porostů / Pflanzbestände dauerhafter Bestände / Посадочные комплексы долгосрочных насаждений","025","","0","","Asset","CZK"
"A.II.6. - Drobný dlouhodobý hmotný majetek / Kleinigkeiten langfristiger Sachanlagen / Мелкий долгосрочный материальный актив","A.II. - Dlouhodobý hmotný majetek / Langfristige materielle Vermögenswerte / Долгосрочные материальные активы","","","1","","Asset","CZK"
"028 - Drobný dlouhodobý hmotný majetek / Kleinigkeiten langfristiger Sachanlagen / Мелкий долгосрочный материальный актив","A.II.6. - Drobný dlouhodobý hmotný majetek / Kleinigkeiten langfristiger Sachanlagen / Мелкий долгосрочный материальный актив","028","","0","","Asset","CZK"
"A.II.7. - Ostatní dlouhodobý hmotný majetek / Sonstige langfristige Sachanlagen / Прочие долгосрочные материальные активы","A.II. - Dlouhodobý hmotný majetek / Langfristige materielle Vermögenswerte / Долгосрочные материальные активы","","","1","","Asset","CZK"
"029 - Ostatní dlouhodobý hmotný majetek / Sonstige langfristige Sachanlagen / Прочие долгосрочные материальные активы","A.II.7. - Ostatní dlouhodobý hmotný majetek / Sonstige langfristige Sachanlagen / Прочие долгосрочные материальные активы","029","","0","","Asset","CZK"
"A.II.8. - Nedokončený dlouhodobý hmotný majetek / Unvollendete langfristige Sachanlagen / Незав. долг. мат. активы","A.II. - Dlouhodobý hmotný majetek / Langfristige materielle Vermögenswerte / Долгосрочные материальные активы","","","1","","Asset","CZK"
"042 - Nedokončený dlouhodobý hmotný majetek / Unvollendete langfristige Sachanlagen / Незав. долг. мат. активы","A.II.8. - Nedokončený dlouhodobý hmotný majetek / Unvollendete langfristige Sachanlagen / Незав. долг. мат. активы","042","","0","","Asset","CZK"
"A.II.9. - Poskytnuté zálohy na dlouhodobý hmotný majetek / Gez. Anzahl. langfr. Sachanl. / Предопл. долг. мат. активам","A.II. - Dlouhodobý hmotný majetek / Langfristige materielle Vermögenswerte / Долгосрочные материальные активы","","","1","","Asset","CZK"
"052 - Poskytnuté zálohy na dlouhodobý hmotný majetek / Gez. Anzahl. langfr. Sachanl. / Предопл. долг. мат. активам","A.II.9. - Poskytnuté zálohy na dlouhodobý hmotný majetek / Gez. Anzahl. langfr. Sachanl. / Предопл. долг. мат. активам","052","","0","","Asset","CZK"
"A.IV.1. - Poskytnuté návratné finanční výpomoci dlouhodobé / Langfristige zurückerstattete finanzielle Hilfe / Долг. вр. фин. пом.","A.IV. - Dlouhodobé pohledávky / Langfristige Forderungen / Долгосрочные дебиторские задолженности","","","1","","Asset","CZK"
"462 - Poskytnuté návratné finanční výpomoci dlouhodobé / Langfristige zurückerstattete finanzielle Hilfe / Долг. вр. фин. пом.","A.IV.1. - Poskytnuté návratné finanční výpomoci dlouhodobé / Langfristige zurückerstattete finanzielle Hilfe / Долг. вр. фин. пом.","462","","0","","Asset","CZK"
"A.IV.2. - Dlouhodobé pohledávky z postoupených úvěrů / Langfristige Forderungen aus abgetretenen Krediten / Долг. тр. перед. кр.","A.IV. - Dlouhodobé pohledávky / Langfristige Forderungen / Долгосрочные дебиторские задолженности","","","1","","Asset","CZK"
"464 - Dlouhodobé pohledávky z postoupených úvěrů / Langfristige Forderungen aus abgetretenen Krediten / Долг. тр. перед. кр.","A.IV.2. - Dlouhodobé pohledávky z postoupených úvěrů / Langfristige Forderungen aus abgetretenen Krediten / Долг. тр. перед. кр.","464","","0","","Asset","CZK"
"A.IV.3. - Dlouhodobé poskytnuté zálohy / Langfristige vorgeschossene Anzahlungen / Долгосрочные авансы, предоставленные","A.IV. - Dlouhodobé pohledávky / Langfristige Forderungen / Долгосрочные дебиторские задолженности","","","1","","Asset","CZK"
"465 - Dlouhodobé poskytnuté zálohy / Langfristige vorgeschossene Anzahlungen / Долгосрочные авансы, предоставленные","A.IV.3. - Dlouhodobé poskytnuté zálohy / Langfristige vorgeschossene Anzahlungen / Долгосрочные авансы, предоставленные","465","","0","","Asset","CZK"
"A.IV.4. - Dlouhodobé pohledávky z ručení / Langfristige Forderungen aus Bürgschaften / Долгосрочные требования по гарантиям","A.IV. - Dlouhodobé pohledávky / Langfristige Forderungen / Долгосрочные дебиторские задолженности","","","1","","Asset","CZK"
"466 - Dlouhodobé pohledávky z ručení / Langfristige Forderungen aus Bürgschaften / Долгосрочные требования по гарантиям","A.IV.4. - Dlouhodobé pohledávky z ručení / Langfristige Forderungen aus Bürgschaften / Долгосрочные требования по гарантиям","466","","0","","Asset","CZK"
"A.IV.5. - Ostatní dlouhodobé pohledávky / Andere langfristige Forderungen / Прочие долгосрочные требования","A.IV. - Dlouhodobé pohledávky / Langfristige Forderungen / Долгосрочные дебиторские задолженности","","","1","","Asset","CZK"
"469 - Ostatní dlouhodobé pohledávky / Andere langfristige Forderungen / Прочие долгосрочные требования","A.IV.5. - Ostatní dlouhodobé pohledávky / Andere langfristige Forderungen / Прочие долгосрочные требования","469","","0","","Asset","CZK"
"A.IV.6. - Dlouhodobé poskytnuté zálohy na transfery / Langfristige vorgeschossene Anzahlungen für Transfers / Долг. ав. пр. транс.","A.IV. - Dlouhodobé pohledávky / Langfristige Forderungen / Долгосрочные дебиторские задолженности","","","1","","Asset","CZK"
"471 - Dlouhodobé poskytnuté zálohy na transfery / Langfristige vorgeschossene Anzahlungen für Transfers / Долг. ав. пр. транс.","A.IV.6. - Dlouhodobé poskytnuté zálohy na transfery / Langfristige vorgeschossene Anzahlungen für Transfers / Долг. ав. пр. транс.","471","","0","","Asset","CZK"
"A.IV.7. - Dlouhodobé zprostředkování transferů / Langfristige Vermittlung von Transfers / Долгосрочное посредничество в трансферах","A.IV. - Dlouhodobé pohledávky / Langfristige Forderungen / Долгосрочные дебиторские задолженности","","","1","","Asset","CZK"
"475 - Dlouhodobé zprostředkování transferů / Langfristige Vermittlung von Transfers / Долгосрочное посредничество в трансферах","A.IV.7. - Dlouhodobé zprostředkování transferů / Langfristige Vermittlung von Transfers / Долгосрочное посредничество в трансферах","475","","0","","Asset","CZK"
"B.I.10. - Ostatní zásoby / Sonstige Vorräte / Прочие запасы","B.I. - Zásoby / Vorräte / Запасы","","","1","","Asset","CZK"
"139 - Ostatní zásoby / Sonstige Vorräte / Прочие запасы","B.I.10. - Ostatní zásoby / Sonstige Vorräte / Прочие запасы","139","","0","","Asset","CZK"
"B.II.1. - Odběratelé / Debitor: Kunden / Дебиторы: покупатели","B.II. - Krátkodobé pohledávky / Kurzfristige Forderungen / Краткосрочные дебиторские задолженности","","","1","","Asset","CZK"
"311 - Odběratelé / Debitor: Kunden / Дебиторы: покупатели","B.II.1. - Odběratelé / Debitor: Kunden / Дебиторы: покупатели","311","","0","","Asset","CZK"
"B.II.2. - Směnky k inkasu / Wechsel zur Einlösung / Векселя к погашению","B.II. - Krátkodobé pohledávky / Kurzfristige Forderungen / Краткосрочные дебиторские задолженности","","","1","","Asset","CZK"
"312 - Směnky k inkasu / Wechsel zur Einlösung / Векселя к погашению","B.II.2. - Směnky k inkasu / Wechsel zur Einlösung / Векселя к погашению","312","","0","","Asset","CZK"
"B.II.3. - Pohledávky za eskontované cenné papíry / Forderungen aus eskontierten Wertpapieren / Деб. зад. по эсконт. цб","B.II. - Krátkodobé pohledávky / Kurzfristige Forderungen / Краткосрочные дебиторские задолженности","","","1","","Asset","CZK"
"313 - Pohledávky za eskontované cenné papíry / Forderungen aus eskontierten Wertpapieren / Деб. зад. по эсконт. цб","B.II.3. - Pohledávky za eskontované cenné papíry / Forderungen aus eskontierten Wertpapieren / Деб. зад. по эсконт. цб","313","","0","","Asset","CZK"
"B.II.4. - Krátkodobé poskytnuté zálohy / Kurzfristige vorgezahlte Anzahlungen / Краткосрочные авансы, предоставленные","B.II. - Krátkodobé pohledávky / Kurzfristige Forderungen / Краткосрочные дебиторские задолженности","","","1","","Asset","CZK"
"314 - Krátkodobé poskytnuté zálohy / Kurzfristige vorgezahlte Anzahlungen / Краткосрочные авансы, предоставленные","B.II.4. - Krátkodobé poskytnuté zálohy / Kurzfristige vorgezahlte Anzahlungen / Краткосрочные авансы, предоставленные","314","","0","","Asset","CZK"
"B.II.5. - Jiné pohledávky z hlavní činnosti / Andere Forderungen aus der Haupttätigkeit / Проч. деб. зад. осн. д-ти","B.II. - Krátkodobé pohledávky / Kurzfristige Forderungen / Краткосрочные дебиторские задолженности","","","1","","Asset","CZK"
"315 - Jiné pohledávky z hlavní činnosti / Andere Forderungen aus der Haupttätigkeit / Проч. деб. зад. осн. д-ти","B.II.5. - Jiné pohledávky z hlavní činnosti / Andere Forderungen aus der Haupttätigkeit / Проч. деб. зад. осн. д-ти","315","","0","","Asset","CZK"
"B.II.6. - Poskytnuté návratné finanční výpomoci krátkodobé / Kurzfr. zrst. Fin. Beih. / Кратк. возвр. фин. субс.","B.II. - Krátkodobé pohledávky / Kurzfristige Forderungen / Краткосрочные дебиторские задолженности","","","1","","Asset","CZK"
"316 - Poskytnuté návratné finanční výpomoci krátkodobé / Kurzfr. zrst. Fin. Beih. / Краткосрочные возвратные финансовые субсидии","B.II.6. - Poskytnuté návratné finanční výpomoci krátkodobé / Kurzfr. zrst. Fin. Beih. / Кратк. возвр. фин. субс.","316","","0","","Asset","CZK"
"B.II.7. - Krátkodobé pohledávky z postoupených úvěrů / Kurzfr. Forder. übr. Kredit. / Кратк. треб. перед. кред.","B.II. - Krátkodobé pohledávky / Kurzfristige Forderungen / Краткосрочные дебиторские задолженности","","","1","","Asset","CZK"
"317 - Krátkodobé pohledávky z postoupených úvěrů / Kurzfristige Forderungen aus übertragenen Krediten / Кратк. треб. перед. кред.","B.II.7. - Krátkodobé pohledávky z postoupených úvěrů / Kurzfr. Forder. übr. Kredit. / Кратк. треб. перед. кред.","317","","0","","Asset","CZK"
"B.II.8. - Pohledávky z přerozdělovaných daní / Forderungen aus umverteilen Steuern / Требования по перераспределенным налогам","B.II. - Krátkodobé pohledávky / Kurzfristige Forderungen / Краткосрочные дебиторские задолженности","","","1","","Asset","CZK"
"319 - Pohledávky z přerozdělovaných daní / Forderungen aus umverteilen Steuern / Требования по перераспределенным налогам","B.II.8. - Pohledávky z přerozdělovaných daní / Forderungen aus umverteilen Steuern / Требования по перераспределенным налогам","319","","0","","Asset","CZK"
"B.II.9. - Pohledávky za zaměstnanci / Forderungen an Mitarbeiter / Требования к сотрудникам","B.II. - Krátkodobé pohledávky / Kurzfristige Forderungen / Краткосрочные дебиторские задолженности","","","1","","Asset","CZK"
"335 - Pohledávky za zaměstnanci / Forderungen an Mitarbeiter / Требования к сотрудникам","B.II.9. - Pohledávky za zaměstnanci / Forderungen an Mitarbeiter / Требования к сотрудникам","335","","0","","Asset","CZK"
"C.II.1. - Fond odměn / Fonds für Vergütungen / Фонд вознаграждений","C.II. - Fondy účetní jednotky / Fonds der Buchungseinheit / Фонды учетной единицы","","","1","","Equity","CZK"
"411 - Fond odměn / Fonds für Vergütungen / Фонд вознаграждений","C.II.1. - Fond odměn / Fonds für Vergütungen / Фонд вознаграждений","411","","0","","Equity","CZK"
"C.II.2. - Fond kulturních a sociálních potřeb / Fonds für kulturelle und soziale Bedürfnisse / Фонд культурных и социальных нужд","C.II. - Fondy účetní jednotky / Fonds der Buchungseinheit / Фонды учетной единицы","","","1","","Equity","CZK"
"412 - Fond kulturních a sociálních potřeb / Fonds für kulturelle und soziale Bedürfnisse / Фонд культурных и социальных нужд","C.II.2. - Fond kulturních a sociálních potřeb / Fonds für kulturelle und soziale Bedürfnisse / Фонд культурных и социальных нужд","412","","0","","Equity","CZK"
"C.II.3. - Rezervní fond tvořený ze zlepšeného výsledku hospodaření / Reservenfonds Verb. Betr. Erg. / Рез. фонд улучш. фин. рез.","C.II. - Fondy účetní jednotky / Fonds der Buchungseinheit / Фонды учетной единицы","","","1","","Equity","CZK"
"413 - Rezervní fond tvořený ze zlepšeného výsledku hospodaření / Reservenfonds Verb. Betr. Erg. / Рез. фонд улучш. фин. рез.","C.II.3. - Rezervní fond tvořený ze zlepšeného výsledku hospodaření / Reservenfonds Verb. Betr. Erg. / Рез. фонд улучш. фин. рез.","413","","0","","Equity","CZK"
"C.II.4. - Rezervní fond z ostatních titulů / Reservenfonds aus anderen Titeln / Резервный фонд из других источников","C.II. - Fondy účetní jednotky / Fonds der Buchungseinheit / Фонды учетной единицы","","","1","","Equity","CZK"
"414 - Rezervní fond z ostatních titulů / Reservenfonds aus anderen Titeln / Резервный фонд из других источников","C.II.4. - Rezervní fond z ostatních titulů / Reservenfonds aus anderen Titeln / Резервный фонд из других источников","414","","0","","Equity","CZK"
"C.II.5. - Fond reprodukce majetku, fond investic / Fonds für Vermögensreproduktion, Investitionsfonds / Фонд воспр. имущ., инв.","C.II. - Fondy účetní jednotky / Fonds der Buchungseinheit / Фонды учетной единицы","","","1","","Equity","CZK"
"416 - Fond reprodukce majetku, fond investic / Fonds für Vermögensreproduktion, Investitionsfonds / Фонд воспр. имущ., инв.","C.II.5. - Fond reprodukce majetku, fond investic / Fonds für Vermögensreproduktion, Investitionsfonds / Фонд воспр. имущ., инв.","416","","0","","Equity","CZK"
"C.II.6. - Ostatní fondy / Andere Fonds / Прочие фонды","C.II. - Fondy účetní jednotky / Fonds der Buchungseinheit / Фонды учетной единицы","","","1","","Equity","CZK"
"419 - Ostatní fondy / Andere Fonds / Прочие фонды","C.II.6. - Ostatní fondy / Andere Fonds / Прочие фонды","419","","0","","Equity","CZK"
"C.IV.1. - Příjmový účet organizačních složek státu / Einnahmenkonto der staatlichen Organisationseinheiten / Д-счет орг. структур","C.IV. - Příjmový a výdajový účet rozpočtového hospodaření / Einnahmen- und Ausgabenkonto des Haushaltsplans / Д/Р счет бюджета","","","1","","Equity","CZK"
"222 - Příjmový účet organizačních složek státu / Einnahmenkonto der staatlichen Organisationseinheiten / Д-счет орг. структур","C.IV.1. - Příjmový účet organizačních složek státu / Einnahmenkonto der staatlichen Organisationseinheiten / Д-счет орг. структур","222","","0","","Equity","CZK"
"C.IV.2. - Zvláštní výdajový účet / Sonderausgabenkonto / Специальный расходный счет","C.IV. - Příjmový a výdajový účet rozpočtového hospodaření / Einnahmen- und Ausgabenkonto des Haushaltsplans / Д/Р счет бюджета","","","1","","Equity","CZK"
"223 - Zvláštní výdajový účet / Sonderausgabenkonto / Специальный расходный счет","C.IV.2. - Zvláštní výdajový účet / Sonderausgabenkonto / Специальный расходный счет","223","","0","","Equity","CZK"
"C.IV.3. - Účet hospodaření státního rozpočtu / Haushaltskonto des Staatshaushalts / Счет управления государственного бюджета","C.IV. - Příjmový a výdajový účet rozpočtového hospodaření / Einnahmen- und Ausgabenkonto des Haushaltsplans / Д/Р счет бюджета","","","1","","Equity","CZK"
"227 - Účet hospodaření státního rozpočtu / Haushaltskonto des Staatshaushalts / Счет управления государственного бюджета","C.IV.3. - Účet hospodaření státního rozpočtu / Haushaltskonto des Staatshaushalts / Счет управления государственного бюджета","227","","0","","Equity","CZK"
"C.IV.4. - Agregované příjmy a výdaje předcházejících účetních období / Aggr. Einn. u. Ausg. v. J. / Агр. д. и р. пр. п.","C.IV. - Příjmový a výdajový účet rozpočtového hospodaření / Einnahmen- und Ausgabenkonto des Haushaltsplans / Д/Р счет бюджета","","","1","","Equity","CZK"
"404 - Agregované příjmy a výdaje předcházejících účetních období / Aggr. Einn. u. Ausg. v. J. / Агр. д. и р. пр. п.","C.IV.4. - Agregované příjmy a výdaje předcházejících účetních období / Aggr. Einn. u. Ausg. v. J. / Агр. д. и р. пр. п.","404","","0","","Equity","CZK"
"D.II.1. - Dlouhodobé úvěry / Langfristige Kredite / Долгосрочные кредиты","D.II. - Dlouhodobé závazky / Langfristige Verbindlichkeiten / Долгосрочные обязательства","","","1","","Liability","CZK"
"451 - Dlouhodobé úvěry / Langfristige Kredite / Долгосрочные кредиты","D.II.1. - Dlouhodobé úvěry / Langfristige Kredite / Долгосрочные кредиты","451","","0","","Liability","CZK"
"D.II.2. - Přijaté návratné finanční výpomoci dlouhodobé / Lfr. erhalt. rückz. Finanzh. / Долг. получ. возвр. фин. субс.","D.II. - Dlouhodobé závazky / Langfristige Verbindlichkeiten / Долгосрочные обязательства","","","1","","Liability","CZK"
"452 - Přijaté návratné finanční výpomoci dlouhodobé / Lfr. erhalt. rückz. Finanzh. / Долг. получ. возвр. фин. субс.","D.II.2. - Přijaté návratné finanční výpomoci dlouhodobé / Lfr. erhalt. rückz. Finanzh. / Долг. получ. возвр. фин. субс.","452","","0","","Liability","CZK"
"D.II.3. - Dlouhodobé závazky z vydaných dluhopisů / Langfristige Verbindlichkeiten aus ausgegebenen Anleihen / Долг. обяз. по обл.","D.II. - Dlouhodobé závazky / Langfristige Verbindlichkeiten / Долгосрочные обязательства","","","1","","Liability","CZK"
"453 - Dlouhodobé závazky z vydaných dluhopisů / Langfristige Verbindlichkeiten aus ausgegebenen Anleihen / Долг. обяз. по обл.","D.II.3. - Dlouhodobé závazky z vydaných dluhopisů / Langfristige Verbindlichkeiten aus ausgegebenen Anleihen / Долг. обяз. по обл.","453","","0","","Liability","CZK"
"D.II.4. - Dlouhodobé přijaté zálohy / Langfristige erhaltene Anzahlungen / Долгосрочные полученные авансы","D.II. - Dlouhodobé závazky / Langfristige Verbindlichkeiten / Долгосрочные обязательства","","","1","","Liability","CZK"
"455 - Dlouhodobé přijaté zálohy / Langfristige erhaltene Anzahlungen / Долгосрочные полученные авансы","D.II.4. - Dlouhodobé přijaté zálohy / Langfristige erhaltene Anzahlungen / Долгосрочные полученные авансы","455","","0","","Liability","CZK"
"D.II.5. - Dlouhodobé závazky z ručení / Langfristige Verbindlichkeiten aus Bürgschaften / Долгосрочные обязательства по гарантиям","D.II. - Dlouhodobé závazky / Langfristige Verbindlichkeiten / Долгосрочные обязательства","","","1","","Liability","CZK"
"456 - Dlouhodobé závazky z ručení / Langfristige Verbindlichkeiten aus Bürgschaften / Долгосрочные обязательства по гарантиям","D.II.5. - Dlouhodobé závazky z ručení / Langfristige Verbindlichkeiten aus Bürgschaften / Долгосрочные обязательства по гарантиям","456","","0","","Liability","CZK"
"D.II.6. - Dlouhodobé směnky k úhradě / Langfristige Wechsel zur Bezahlung / Долгосрочные векселя к оплате","D.II. - Dlouhodobé závazky / Langfristige Verbindlichkeiten / Долгосрочные обязательства","","","1","","Liability","CZK"
"457 - Dlouhodobé směnky k úhradě / Langfristige Wechsel zur Bezahlung / Долгосрочные векселя к оплате","D.II.6. - Dlouhodobé směnky k úhradě / Langfristige Wechsel zur Bezahlung / Долгосрочные векселя к оплате","457","","0","","Liability","CZK"
"D.II.7. - Ostatní dlouhodobé závazky / Andere langfristige Verbindlichkeiten / Прочие долгосрочные обязательства","D.II. - Dlouhodobé závazky / Langfristige Verbindlichkeiten / Долгосрочные обязательства","","","1","","Liability","CZK"
"459 - Ostatní dlouhodobé závazky / Andere langfristige Verbindlichkeiten / Прочие долгосрочные обязательства","D.II.7. - Ostatní dlouhodobé závazky / Andere langfristige Verbindlichkeiten / Прочие долгосрочные обязательства","459","","0","","Liability","CZK"
"D.II.8. - Dlouhodobé přijaté zálohy na transfery / Langfr. erhalt. Anzahl. für Transf. / Долгоср. получ. авансы на трансф.","D.II. - Dlouhodobé závazky / Langfristige Verbindlichkeiten / Долгосрочные обязательства","","","1","","Liability","CZK"
"472 - Dlouhodobé přijaté zálohy na transfery / Langfr. erhalt. Anzahl. für Transf. / Долгосрочные полученные авансы на трансферы","D.II.8. - Dlouhodobé přijaté zálohy na transfery / Langfr. erhalt. Anzahl. für Transf. / Долгоср. получ. авансы на трансф.","472","","0","","Liability","CZK"
"D.II.9. - Dlouhodobé zprostředkování transferů / Langfristige Vermittlung von Transfers / Долгосрочное посредничество в трансферах","D.II. - Dlouhodobé závazky / Langfristige Verbindlichkeiten / Долгосрочные обязательства","","","1","","Liability","CZK"
"475-L - Dlouhodobé zprostředkování transferů / Langfristige Vermittlung von Transfers / Долгосрочное посредничество в трансферах","D.II.9. - Dlouhodobé zprostředkování transferů / Langfristige Vermittlung von Transfers / Долгосрочное посредничество в трансферах","475-L","","0","","Liability","CZK"
"A.I.10. - Náklady na reprezentaci / Kosten für Repräsentation / Расходы на представительские цели","A.I. - Náklady z činnosti / Kosten aus der Tätigkeit / Расходы от деятельности","","","1","","Expense","CZK"
"513 - Náklady na reprezentaci / Kosten für Repräsentation / Расходы на представительские цели","A.I.10. - Náklady na reprezentaci / Kosten für Repräsentation / Расходы на представительские цели","513","","0","","Expense","CZK"
"A.I.11. - Aktivace vnitroorganizačních služeb / Aktivierung interner Dienstleistungen / Активизация внутренних услуг","A.I. - Náklady z činnosti / Kosten aus der Tätigkeit / Расходы от деятельности","","","1","","Expense","CZK"
"516 - Aktivace vnitroorganizačních služeb / Aktivierung interner Dienstleistungen / Активизация внутренних услуг","A.I.11. - Aktivace vnitroorganizačních služeb / Aktivierung interner Dienstleistungen / Активизация внутренних услуг","516","","0","","Expense","CZK"
"A.I.12. - Ostatní služby / Sonstige Dienstleistungen / Прочие услуги","A.I. - Náklady z činnosti / Kosten aus der Tätigkeit / Расходы от деятельности","","","1","","Expense","CZK"
"518 - Ostatní služby / Sonstige Dienstleistungen / Прочие услуги","A.I.12. - Ostatní služby / Sonstige Dienstleistungen / Прочие услуги","518","","0","","Expense","CZK"
"A.I.13. - Mzdové náklady / Lohnkosten / Затраты на оплату труда","A.I. - Náklady z činnosti / Kosten aus der Tätigkeit / Расходы от деятельности","","","1","","Expense","CZK"
"521 - Mzdové náklady / Lohnkosten / Затраты на оплату труда","A.I.13. - Mzdové náklady / Lohnkosten / Затраты на оплату труда","521","","0","","Expense","CZK"
"A.I.14. - Zákonné sociální pojištění / Rechtliches Sozialversicherungsbeiträge / Обязательные страховые взносы","A.I. - Náklady z činnosti / Kosten aus der Tätigkeit / Расходы от деятельности","","","1","","Expense","CZK"
"524 - Zákonné sociální pojištění / Rechtliches Sozialversicherungsbeiträge / Обязательные страховые взносы","A.I.14. - Zákonné sociální pojištění / Rechtliches Sozialversicherungsbeiträge / Обязательные страховые взносы","524","","0","","Expense","CZK"
"A.I.15. - Jiné sociální pojištění / Andere Sozialversicherungsbeiträge / Прочие страховые взносы","A.I. - Náklady z činnosti / Kosten aus der Tätigkeit / Расходы от деятельности","","","1","","Expense","CZK"
"525 - Jiné sociální pojištění / Andere Sozialversicherungsbeiträge / Прочие страховые взносы","A.I.15. - Jiné sociální pojištění / Andere Sozialversicherungsbeiträge / Прочие страховые взносы","525","","0","","Expense","CZK"
"A.I.16. - Zákonné sociální náklady / Rechtliche Sozialkosten / Обязательные социальные расходы","A.I. - Náklady z činnosti / Kosten aus der Tätigkeit / Расходы от деятельности","","","1","","Expense","CZK"
"527 - Zákonné sociální náklady / Rechtliche Sozialkosten / Обязательные социальные расходы","A.I.16. - Zákonné sociální náklady / Rechtliche Sozialkosten / Обязательные социальные расходы","527","","0","","Expense","CZK"
"A.I.17. - Jiné sociální náklady / Andere Sozialkosten / Прочие социальные расходы","A.I. - Náklady z činnosti / Kosten aus der Tätigkeit / Расходы от деятельности","","","1","","Expense","CZK"
"528 - Jiné sociální náklady / Andere Sozialkosten / Прочие социальные расходы","A.I.17. - Jiné sociální náklady / Andere Sozialkosten / Прочие социальные расходы","528","","0","","Expense","CZK"
"A.I.18. - Daň silniční / Straßensteuer / Транспортный налог","A.I. - Náklady z činnosti / Kosten aus der Tätigkeit / Расходы от деятельности","","","1","","Expense","CZK"
"531 - Daň silniční / Straßensteuer / Транспортный налог","A.I.18. - Daň silniční / Straßensteuer / Транспортный налог","531","","0","","Expense","CZK"
"A.I.19. - Daň z nemovitostí / Grundsteuer / Налог на недвижимость","A.I. - Náklady z činnosti / Kosten aus der Tätigkeit / Расходы от деятельности","","","1","","Expense","CZK"
"532 - Daň z nemovitostí / Grundsteuer / Налог на недвижимость","A.I.19. - Daň z nemovitostí / Grundsteuer / Налог на недвижимость","532","","0","","Expense","CZK"
"A.I.20. - Jiné daně a poplatky / Andere Steuern und Gebühren / Другие налоги и сборы","A.I. - Náklady z činnosti / Kosten aus der Tätigkeit / Расходы от деятельности","","","1","","Expense","CZK"
"538 - Jiné daně a poplatky / Andere Steuern und Gebühren / Другие налоги и сборы","A.I.20. - Jiné daně a poplatky / Andere Steuern und Gebühren / Другие налоги и сборы","538","","0","","Expense","CZK"
"A.I.21. - Vratky nepřímých daní / Rückerstattung indirekter Steuern / Возврат косвенных налогов","A.I. - Náklady z činnosti / Kosten aus der Tätigkeit / Расходы от деятельности","","","1","","Expense","CZK"
"539 - Vratky nepřímých daní / Rückerstattung indirekter Steuern / Возврат косвенных налогов","A.I.21. - Vratky nepřímých daní / Rückerstattung indirekter Steuern / Возврат косвенных налогов","539","","0","","Expense","CZK"
"A.I.22. - Smluvní pokuty a úroky z prodlení / Vertragsstrafen und Zinsen für Verzögerung / Штрафы и % за проср.","A.I. - Náklady z činnosti / Kosten aus der Tätigkeit / Расходы от деятельности","","","1","","Expense","CZK"
"541 - Smluvní pokuty a úroky z prodlení / Vertragsstrafen und Zinsen für Verzögerung / Штрафы по договорам и проценты за просрочку","A.I.22. - Smluvní pokuty a úroky z prodlení / Vertragsstrafen und Zinsen für Verzögerung / Штрафы и % за проср.","541","","0","","Expense","CZK"
"A.I.23. - Jiné pokuty a penále / Andere Strafen und Bußgelder / Другие штрафы и пени","A.I. - Náklady z činnosti / Kosten aus der Tätigkeit / Расходы от деятельности","","","1","","Expense","CZK"
"542 - Jiné pokuty a penále / Andere Strafen und Bußgelder / Другие штрафы и пени","A.I.23. - Jiné pokuty a penále / Andere Strafen und Bußgelder / Другие штрафы и пени","542","","0","","Expense","CZK"
"A.I.24. - Dary a jiná bezúplatná předání / Spenden und andere kostenlose Übertragungen / Дары и другие безвозмездные передачи","A.I. - Náklady z činnosti / Kosten aus der Tätigkeit / Расходы от деятельности","","","1","","Expense","CZK"
"543 - Dary a jiná bezúplatná předání / Spenden und andere kostenlose Übertragungen / Дары и другие безвозмездные передачи","A.I.24. - Dary a jiná bezúplatná předání / Spenden und andere kostenlose Übertragungen / Дары и другие безвозмездные передачи","543","","0","","Expense","CZK"
"A.I.25. - Prodaný materiál / Verkaufter Materialien / Проданные материалы","A.I. - Náklady z činnosti / Kosten aus der Tätigkeit / Расходы от деятельности","","","1","","Expense","CZK"
"544 - Prodaný materiál / Verkaufter Materialien / Проданные материалы","A.I.25. - Prodaný materiál / Verkaufter Materialien / Проданные материалы","544","","0","","Expense","CZK"
"A.I.26. - Manka a škody / Mangel und Schäden / Недостачи и убытки","A.I. - Náklady z činnosti / Kosten aus der Tätigkeit / Расходы от деятельности","","","1","","Expense","CZK"
"547 - Manka a škody / Mangel und Schäden / Недостачи и убытки","A.I.26. - Manka a škody / Mangel und Schäden / Недостачи и убытки","547","","0","","Expense","CZK"
"A.I.27. - Tvorba fondů / Bildung von Fonds / Создание фондов","A.I. - Náklady z činnosti / Kosten aus der Tätigkeit / Расходы от деятельности","","","1","","Expense","CZK"
"548 - Tvorba fondů / Bildung von Fonds / Создание фондов","A.I.27. - Tvorba fondů / Bildung von Fonds / Создание фондов","548","","0","","Expense","CZK"
"A.I.28. - Odpisy dlouhodobého majetku / Abschreibung von langfristigen Vermögenswerten / Амортизация долгосрочных активов","A.I. - Náklady z činnosti / Kosten aus der Tätigkeit / Расходы от деятельности","","","1","","Expense","CZK"
"551 - Odpisy dlouhodobého majetku / Abschreibung von langfristigen Vermögenswerten / Амортизация долгосрочных активов","A.I.28. - Odpisy dlouhodobého majetku / Abschreibung von langfristigen Vermögenswerten / Амортизация долгосрочных активов","551","","0","","Expense","CZK"
"A.I.29. - Prodaný dlouhodobý nehmotný majetek / Verkauf von langfristigen immateriellen Vermögenswerten / ПродДлНмАкт","A.I. - Náklady z činnosti / Kosten aus der Tätigkeit / Расходы от деятельности","","","1","","Expense","CZK"
"552 - Prodaný dlouhodobý nehmotný majetek / Verkauf von langfristigen immateriellen Vermögenswerten / ПродДлНмАкт","A.I.29. - Prodaný dlouhodobý nehmotný majetek / Verkauf von langfristigen immateriellen Vermögenswerten / ПродДлНмАкт","552","","0","","Expense","CZK"
"A.I.30. - Prodaný dlouhodobý hmotný majetek / Verkauf von langfristigen materiellen Vermögenswerten / ПродДлМатАкт","A.I. - Náklady z činnosti / Kosten aus der Tätigkeit / Расходы от деятельности","","","1","","Expense","CZK"
"553 - Prodaný dlouhodobý hmotný majetek / Verkauf von langfristigen materiellen Vermögenswerten / ПродДлМатАкт","A.I.30. - Prodaný dlouhodobý hmotný majetek / Verkauf von langfristigen materiellen Vermögenswerten / ПродДлМатАкт","553","","0","","Expense","CZK"
"A.I.31. - Prodané pozemky / Verkauf von Grundstücken / Продажа земельных участков","A.I. - Náklady z činnosti / Kosten aus der Tätigkeit / Расходы от деятельности","","","1","","Expense","CZK"
"554 - Prodané pozemky / Verkauf von Grundstücken / Продажа земельных участков","A.I.31. - Prodané pozemky / Verkauf von Grundstücken / Продажа земельных участков","554","","0","","Expense","CZK"
"A.I.32. - Tvorba a zúčtování rezerv / Bildung und Abwicklung von Rückstellungen / Создание и списание резервов","A.I. - Náklady z činnosti / Kosten aus der Tätigkeit / Расходы от деятельности","","","1","","Expense","CZK"
"555 - Tvorba a zúčtování rezerv / Bildung und Abwicklung von Rückstellungen / Создание и списание резервов","A.I.32. - Tvorba a zúčtování rezerv / Bildung und Abwicklung von Rückstellungen / Создание и списание резервов","555","","0","","Expense","CZK"
"A.I.33. - Tvorba a zúčtování opravných položek / Bildung und Abwicklung von Korrekturposten / СоздСписКорр","A.I. - Náklady z činnosti / Kosten aus der Tätigkeit / Расходы от деятельности","","","1","","Expense","CZK"
"556 - Tvorba a zúčtování opravných položek / Bildung und Abwicklung von Korrekturposten / СоздСписКорр","A.I.33. - Tvorba a zúčtování opravných položek / Bildung und Abwicklung von Korrekturposten / СоздСписКорр","556","","0","","Expense","CZK"
"A.I.34. - Náklady z vyřazených pohledávek / Kosten aus der Beseitigung von Forderungen / Расх. выбытие деб. зад.","A.I. - Náklady z činnosti / Kosten aus der Tätigkeit / Расходы от деятельности","","","1","","Expense","CZK"
"557 - Náklady z vyřazených pohledávek / Kosten aus der Beseitigung von Forderungen / Расходы по выбытию дебиторской задолженности","A.I.34. - Náklady z vyřazených pohledávek / Kosten aus der Beseitigung von Forderungen / Расх. выбытие деб. зад.","557","","0","","Expense","CZK"
"A.I.35. - Náklady z drobného dlouhodobého majetku / Kosten aus geringfügigem langfristigem Vermögen / Расх. мелк. долг. имущ.","A.I. - Náklady z činnosti / Kosten aus der Tätigkeit / Расходы от деятельности","","","1","","Expense","CZK"
"558 - Náklady z drobného dlouhodobého majetku / Kosten aus geringfügigem langfristigem Vermögen / Расх. мелк. долг. имущ.","A.I.35. - Náklady z drobného dlouhodobého majetku / Kosten aus geringfügigem langfristigem Vermögen / Расх. мелк. долг. имущ.","558","","0","","Expense","CZK"
"A.I.36. - Ostatní náklady z činnosti / Sonstige Betriebskosten / Прочие операционные расходы","A.I. - Náklady z činnosti / Kosten aus der Tätigkeit / Расходы от деятельности","","","1","","Expense","CZK"
"549 - Ostatní náklady z činnosti / Sonstige Betriebskosten / Прочие операционные расходы","A.I.36. - Ostatní náklady z činnosti / Sonstige Betriebskosten / Прочие операционные расходы","549","","0","","Expense","CZK"
"A.II.1. - Prodané cenné papíry a podíly / Verkaufte Wertpapiere und Anteile / Проданные ценные бумаги и доли","A.II. - Finanční náklady / Finanzkosten / Финансовые расходы","","","1","","Expense","CZK"
"561 - Prodané cenné papíry a podíly / Verkaufte Wertpapiere und Anteile / Проданные ценные бумаги и доли","A.II.1. - Prodané cenné papíry a podíly / Verkaufte Wertpapiere und Anteile / Проданные ценные бумаги и доли","561","","0","","Expense","CZK"
"A.II.2. - Úroky / Zinsen / Проценты","A.II. - Finanční náklady / Finanzkosten / Финансовые расходы","","","1","","Expense","CZK"
"562 - Úroky / Zinsen / Проценты","A.II.2. - Úroky / Zinsen / Проценты","562","","0","","Expense","CZK"
"A.II.3. - Kurzové ztráty / Währungsschwankungsverluste / Валютные убытки","A.II. - Finanční náklady / Finanzkosten / Финансовые расходы","","","1","","Expense","CZK"
"563 - Kurzové ztráty / Währungsschwankungsverluste / Валютные убытки","A.II.3. - Kurzové ztráty / Währungsschwankungsverluste / Валютные убытки","563","","0","","Expense","CZK"
"A.II.4. - Náklady z přecenění reálnou hodnotou / Kosten der Anpassung an den realen Wert / Переоцен. расходы","A.II. - Finanční náklady / Finanzkosten / Финансовые расходы","","","1","","Expense","CZK"
"564 - Náklady z přecenění reálnou hodnotou / Kosten der Anpassung an den realen Wert / Расходы на переоценку до реальной стоимости","A.II.4. - Náklady z přecenění reálnou hodnotou / Kosten der Anpassung an den realen Wert / Переоцен. расходы","564","","0","","Expense","CZK"
"A.II.5. - Ostatní finanční náklady / Sonstige Finanzkosten / Прочие финансовые расходы","A.II. - Finanční náklady / Finanzkosten / Финансовые расходы","","","1","","Expense","CZK"
"569 - Ostatní finanční náklady / Sonstige Finanzkosten / Прочие финансовые расходы","A.II.5. - Ostatní finanční náklady / Sonstige Finanzkosten / Прочие финансовые расходы","569","","0","","Expense","CZK"
"A.IV.1. - Náklady ze sdílené daně z příjmů fyzických osob / Kosten aus der geteilten Einkommensteuer von natürlichen Personen","A.IV. - Náklady ze sdílených daní a poplatků / Kosten aus geteilten Steuern und Gebühren / Расх. из совм. налогов/сборов","","","1","","Expense","CZK"
"581 - Náklady ze sdílené daně z příjmů fyzických osob / Kosten aus der geteilten Einkommensteuer von natürlichen Personen","A.IV.1. - Náklady ze sdílené daně z příjmů fyzických osob / Kosten aus der geteilten Einkommensteuer von natürlichen Personen","581","","0","","Expense","CZK"
"A.IV.2. - Náklady ze sdílené daně z příjmů právnických osob / Kosten aus der geteilten Einkommensteuer von juristischen Personen","A.IV. - Náklady ze sdílených daní a poplatků / Kosten aus geteilten Steuern und Gebühren / Расх. из совм. налогов/сборов","","","1","","Expense","CZK"
"582 - Náklady ze sdílené daně z příjmů právnických osob / Kosten aus der geteilten Einkommensteuer von juristischen Personen","A.IV.2. - Náklady ze sdílené daně z příjmů právnických osob / Kosten aus der geteilten Einkommensteuer von juristischen Personen","582","","0","","Expense","CZK"
"A.IV.3. - Náklady ze sdílené daně z přidané hodnoty / Kosten aus der geteilten Mehrwertsteuer / Расх. из совм. НДС","A.IV. - Náklady ze sdílených daní a poplatků / Kosten aus geteilten Steuern und Gebühren / Расх. из совм. налогов/сборов","","","1","","Expense","CZK"
"584 - Náklady ze sdílené daně z přidané hodnoty / Kosten aus der geteilten Mehrwertsteuer / Расх. из совм. НДС","A.IV.3. - Náklady ze sdílené daně z přidané hodnoty / Kosten aus der geteilten Mehrwertsteuer / Расх. из совм. НДС","584","","0","","Expense","CZK"
"A.IV.4. - Náklady ze sdílených spotřebních daní / Kosten aus geteilten Verbrauchsteuern / Расх. из совм. потреб. налогов","A.IV. - Náklady ze sdílených daní a poplatků / Kosten aus geteilten Steuern und Gebühren / Расх. из совм. налогов/сборов","","","1","","Expense","CZK"
"585 - Náklady ze sdílených spotřebních daní / Kosten aus geteilten Verbrauchsteuern / Расх. из совм. потреб. налогов","A.IV.4. - Náklady ze sdílených spotřebních daní / Kosten aus geteilten Verbrauchsteuern / Расх. из совм. потреб. налогов","585","","0","","Expense","CZK"
"A.IV.5. - Náklady z ostatních sdílených daní a poplatků / Kosten aus anderen geteilten Steuern und Gebühren / Расх. др. д. н. и сб.","A.IV. - Náklady ze sdílených daní a poplatků / Kosten aus geteilten Steuern und Gebühren / Расх. из совм. налогов/сборов","","","1","","Expense","CZK"
"586 - Náklady z ostatních sdílených daní a poplatků / Kosten aus anderen geteilten Steuern und Gebühren / Расх. др. д. н. и сб.","A.IV.5. - Náklady z ostatních sdílených daní a poplatků / Kosten aus anderen geteilten Steuern und Gebühren / Расх. др. д. н. и сб.","586","","0","","Expense","CZK"
"B.I.10. - Jiné pokuty a penále / Andere Strafen und Bußgelder / Другие штрафы и пени","B.I. - Výnosy z činnosti / Einnahmen aus der Tätigkeit / Доходы от деятельности","","","1","","Income","CZK"
"642 - Jiné pokuty a penále / Andere Strafen und Bußgelder / Другие штрафы и пени","B.I.10. - Jiné pokuty a penále / Andere Strafen und Bußgelder / Другие штрафы и пени","642","","0","","Income","CZK"
"B.I.11. - Výnosy z vyřazených pohledávek / Einnahmen aus der Beseitigung von Forderungen / Дох. от спис. д. з.","B.I. - Výnosy z činnosti / Einnahmen aus der Tätigkeit / Доходы от деятельности","","","1","","Income","CZK"
"643 - Výnosy z vyřazených pohledávek / Einnahmen aus der Beseitigung von Forderungen / Доходы от списания дебиторской задолженности","B.I.11. - Výnosy z vyřazených pohledávek / Einnahmen aus der Beseitigung von Forderungen / Дох. от спис. д. з.","643","","0","","Income","CZK"
"B.I.12. - Výnosy z prodeje materiálu / Einnahmen aus dem Verkauf von Materialien / Доходы от продажи материалов","B.I. - Výnosy z činnosti / Einnahmen aus der Tätigkeit / Доходы от деятельности","","","1","","Income","CZK"
"644 - Výnosy z prodeje materiálu / Einnahmen aus dem Verkauf von Materialien / Доходы от продажи материалов","B.I.12. - Výnosy z prodeje materiálu / Einnahmen aus dem Verkauf von Materialien / Доходы от продажи материалов","644","","0","","Income","CZK"
"B.I.13. - Výnosy z prodeje dlouhodobého nehmotného majetku / Einn. a. V. l. i. V. / Дох. от пр. д. н. а.","B.I. - Výnosy z činnosti / Einnahmen aus der Tätigkeit / Доходы от деятельности","","","1","","Income","CZK"
"645 - Výnosy z prodeje dlouhodobého nehmotného majetku / Einn. a. V. l. i. V. / Дох. от пр. д. н. а.","B.I.13. - Výnosy z prodeje dlouhodobého nehmotného majetku / Einn. a. V. l. i. V. / Дох. от пр. д. н. а.","645","","0","","Income","CZK"
"B.I.14. - Výnosy z prodeje dlouhodobého hmotného majetku kromě pozemků / Einn. Verk. langfr. tang. Verm. außer Grundst.","B.I. - Výnosy z činnosti / Einnahmen aus der Tätigkeit / Доходы от деятельности","","","1","","Income","CZK"
"646 - Výnosy z prodeje dlouhodobého hmotného majetku kromě pozemků / Einn. Verk. langfr. tang. Verm. außer Grundst.","B.I.14. - Výnosy z prodeje dlouhodobého hmotného majetku kromě pozemků / Einn. Verk. langfr. tang. Verm. außer Grundst.","646","","0","","Income","CZK"
"B.I.15. - Výnosy z prodeje pozemků / Einnahmen aus dem Verkauf von Grundstücken / Доходы от продажи земель","B.I. - Výnosy z činnosti / Einnahmen aus der Tätigkeit / Доходы от деятельности","","","1","","Income","CZK"
"647 - Výnosy z prodeje pozemků / Einnahmen aus dem Verkauf von Grundstücken / Доходы от продажи земель","B.I.15. - Výnosy z prodeje pozemků / Einnahmen aus dem Verkauf von Grundstücken / Доходы от продажи земель","647","","0","","Income","CZK"
"B.I.16. - Čerpání fondů / Auszahlung von Fonds / Использование фондов","B.I. - Výnosy z činnosti / Einnahmen aus der Tätigkeit / Доходы от деятельности","","","1","","Income","CZK"
"648 - Čerpání fondů / Auszahlung von Fonds / Использование фондов","B.I.16. - Čerpání fondů / Auszahlung von Fonds / Использование фондов","648","","0","","Income","CZK"
"B.I.17. - Ostatní výnosy z činnosti / Sonstige Einnahmen aus der Tätigkeit / Прочие доходы от деятельности","B.I. - Výnosy z činnosti / Einnahmen aus der Tätigkeit / Доходы от деятельности","","","1","","Income","CZK"
"649 - Ostatní výnosy z činnosti / Sonstige Einnahmen aus der Tätigkeit / Прочие доходы от деятельности","B.I.17. - Ostatní výnosy z činnosti / Sonstige Einnahmen aus der Tätigkeit / Прочие доходы от деятельности","649","","0","","Income","CZK"
"B.II.1. - Výnosy z prodeje cenných papírů a podílů / Einnahmen aus dem Verkauf von Wertpapieren und Anteilen / Дох. прод. цб. и д.","B.II. - Finanční výnosy / Finanzierungseinnahmen / Финансовые доходы","","","1","","Income","CZK"
"661 - Výnosy z prodeje cenných papírů a podílů / Einnahmen aus dem Verkauf von Wertpapieren und Anteilen / Дох. прод. цб. и д.","B.II.1. - Výnosy z prodeje cenných papírů a podílů / Einnahmen aus dem Verkauf von Wertpapieren und Anteilen / Дох. прод. цб. и д.","661","","0","","Income","CZK"
"B.II.2. - Úroky / Zinsen / Проценты","B.II. - Finanční výnosy / Finanzierungseinnahmen / Финансовые доходы","","","1","","Income","CZK"
"662 - Úroky / Zinsen / Проценты","B.II.2. - Úroky / Zinsen / Проценты","662","","0","","Income","CZK"
"B.II.3. - Kurzové zisky / Wechselkursgewinne / Валютные доходы","B.II. - Finanční výnosy / Finanzierungseinnahmen / Финансовые доходы","","","1","","Income","CZK"
"663 - Kurzové zisky / Wechselkursgewinne / Валютные доходы","B.II.3. - Kurzové zisky / Wechselkursgewinne / Валютные доходы","663","","0","","Income","CZK"
"B.II.4. - Výnosy z přecenění reálnou hodnotou / Einnahmen aus der Neubewertung auf den realen Wert / Дох. переоц. справ. ст.","B.II. - Finanční výnosy / Finanzierungseinnahmen / Финансовые доходы","","","1","","Income","CZK"
"664 - Výnosy z přecenění reálnou hodnotou / Einnahmen aus der Neubewertung auf den realen Wert / Дох. переоц. справ. ст.","B.II.4. - Výnosy z přecenění reálnou hodnotou / Einnahmen aus der Neubewertung auf den realen Wert / Дох. переоц. справ. ст.","664","","0","","Income","CZK"
"B.II.5. - Výnosy z dlouhodobého finančního majetku / Einnahmen aus langfristigem Finanzvermögen / Дох. долг. фин. акт.","B.II. - Finanční výnosy / Finanzierungseinnahmen / Финансовые доходы","","","1","","Income","CZK"
"665 - Výnosy z dlouhodobého finančního majetku / Einnahmen aus langfristigem Finanzvermögen / Дох. долг. фин. акт.","B.II.5. - Výnosy z dlouhodobého finančního majetku / Einnahmen aus langfristigem Finanzvermögen / Дох. долг. фин. акт.","665","","0","","Income","CZK"
"B.II.6. - Ostatní finanční výnosy / Sonstige Finanzierungsrevenuen / Прочие финансовые доходы","B.II. - Finanční výnosy / Finanzierungseinnahmen / Финансовые доходы","","","1","","Income","CZK"
"669 - Ostatní finanční výnosy / Sonstige Finanzierungsrevenuen / Прочие финансовые доходы","B.II.6. - Ostatní finanční výnosy / Sonstige Finanzierungsrevenuen / Прочие финансовые доходы","669","","0","","Income","CZK"
"B.IV.1. - Výnosy vybraných ústředních vládních institucí z transferů / ZentrRegTransfEinn / ДохТрансЦентрГос","B.IV. - Výnosy z transferů / Einnahmen aus Transfers / Доходы от трансфертов","","","1","","Income","CZK"
"671 - Výnosy vybraných ústředních vládních institucí z transferů / ZentrRegTransfEinn / ДохТрансЦентрГос","B.IV.1. - Výnosy vybraných ústředních vládních institucí z transferů / ZentrRegTransfEinn / ДохТрансЦентрГос","671","","0","","Income","CZK"
"B.IV.2. - Výnosy vybraných místních vládních institucí z transferů / LokRegTransfEinn / ДохТрансМестнГос","B.IV. - Výnosy z transferů / Einnahmen aus Transfers / Доходы от трансфертов","","","1","","Income","CZK"
"672 - Výnosy vybraných místních vládních institucí z transferů / LokRegTransfEinn / ДохТрансМестнГос","B.IV.2. - Výnosy vybraných místních vládních institucí z transferů / LokRegTransfEinn / ДохТрансМестнГос","672","","0","","Income","CZK"
"B.IV.3. - Výnosy vybraných ústředních vládních institucí z předfinancování transferů / ZentrRegVorfinTransfEinn","B.IV. - Výnosy z transferů / Einnahmen aus Transfers / Доходы от трансфертов","","","1","","Income","CZK"
"675 - Výnosy vybraných ústředních vládních institucí z předfinancování transferů / ZentrRegVorfinTransfEinn","B.IV.3. - Výnosy vybraných ústředních vládních institucí z předfinancování transferů / ZentrRegVorfinTransfEinn","675","","0","","Income","CZK"
"A.II.10. - Dlouhodobý hmotný majetek určený k prodeji / Langfr. mat. Verm. z. Veräuß. / Долг. мат. акт. для прод.","A.II. - Dlouhodobý hmotný majetek / Langfristige materielle Vermögenswerte / Долгосрочные материальные активы","","","1","","Asset","CZK"
"036 - Dlouhodobý hmotný majetek určený k prodeji / Langfr. mat. Verm. z. Veräuß. / Долг. мат. акт. для прод.","A.II.10. - Dlouhodobý hmotný majetek určený k prodeji / Langfr. mat. Verm. z. Veräuß. / Долг. мат. акт. для прод.","036","","0","","Asset","CZK"
"A.III.1. - Majetkové účasti v osobách s rozhodujícím vlivem / Beteil. mit wes. Einfluss / Инвестиции в лица с решающим влиянием","A.III. - Dlouhodobý finanční majetek / Langfristige Finanzanlagen / Долгосрочные финансовые активы","","","1","","Asset","CZK"
"061 - Majetkové účasti v osobách s rozhodujícím vlivem / Beteil. mit wes. Einfluss / Инвестиции в лица с решающим влиянием","A.III.1. - Majetkové účasti v osobách s rozhodujícím vlivem / Beteil. mit wes. Einfluss / Инвестиции в лица с решающим влиянием","061","","0","","Asset","CZK"
"A.III.2. - Majetkové účasti v osobách s podstatným vlivem / Beteilig. mit Einfluss / Участие в лицах с существенным влиянием","A.III. - Dlouhodobý finanční majetek / Langfristige Finanzanlagen / Долгосрочные финансовые активы","","","1","","Asset","CZK"
"062 - Majetkové účasti v osobách s podstatným vlivem / Beteiligungen in Personen mit wesentlichen Einfluss / Участие с влиянием","A.III.2. - Majetkové účasti v osobách s podstatným vlivem / Beteilig. mit Einfluss / Участие в лицах с существенным влиянием","062","","0","","Asset","CZK"
"A.III.3. - Dluhové cenné papíry držené do splatnosti / Schuldverschreibungen bis zur Fälligkeit gehalten / Облиг. до погаш.","A.III. - Dlouhodobý finanční majetek / Langfristige Finanzanlagen / Долгосрочные финансовые активы","","","1","","Asset","CZK"
"063 - Dluhové cenné papíry držené do splatnosti / Schuldverschreibungen bis zur Fälligkeit gehalten / Облиг. до погаш.","A.III.3. - Dluhové cenné papíry držené do splatnosti / Schuldverschreibungen bis zur Fälligkeit gehalten / Облиг. до погаш.","063","","0","","Asset","CZK"
"A.III.4. - Dlouhodobé půjčky / Langfristige Darlehen / Долгосрочные займы","A.III. - Dlouhodobý finanční majetek / Langfristige Finanzanlagen / Долгосрочные финансовые активы","","","1","","Asset","CZK"
"067 - Dlouhodobé půjčky / Langfristige Darlehen / Долгосрочные займы","A.III.4. - Dlouhodobé půjčky / Langfristige Darlehen / Долгосрочные займы","067","","0","","Asset","CZK"
"A.III.5. - Termínované vklady dlouhodobé / Langfristige terminierte Einlagen / Долгосрочные срочные вклады","A.III. - Dlouhodobý finanční majetek / Langfristige Finanzanlagen / Долгосрочные финансовые активы","","","1","","Asset","CZK"
"068 - Termínované vklady dlouhodobé / Langfristige terminierte Einlagen / Долгосрочные срочные вклады","A.III.5. - Termínované vklady dlouhodobé / Langfristige terminierte Einlagen / Долгосрочные срочные вклады","068","","0","","Asset","CZK"
"A.III.6. - Ostatní dlouhodobý finanční majetek / Sonstige langfristige Finanzanlagen / Прочие долгосрочные финансовые активы","A.III. - Dlouhodobý finanční majetek / Langfristige Finanzanlagen / Долгосрочные финансовые активы","","","1","","Asset","CZK"
"069 - Ostatní dlouhodobý finanční majetek / Sonstige langfristige Finanzanlagen / Прочие долгосрочные финансовые активы","A.III.6. - Ostatní dlouhodobý finanční majetek / Sonstige langfristige Finanzanlagen / Прочие долгосрочные финансовые активы","069","","0","","Asset","CZK"
"A.III.7. - Pořizovaný dlouhodobý finanční majetek / Erworbenes langfristiges Finanzvermögen / Приобр. долг. фин. акт.","A.III. - Dlouhodobý finanční majetek / Langfristige Finanzanlagen / Долгосрочные финансовые активы","","","1","","Asset","CZK"
"043 - Pořizovaný dlouhodobý finanční majetek / Erworbenes langfristiges Finanzvermögen / Приобр. долг. фин. акт.","A.III.7. - Pořizovaný dlouhodobý finanční majetek / Erworbenes langfristiges Finanzvermögen / Приобр. долг. фин. акт.","043","","0","","Asset","CZK"
"A.III.8. - Poskytnuté zálohy na dlouhodobý finanční majetek / Vorauszahl. f. langfr. Finanzanl. / Аванс. плаш. за долг. фин. акт.","A.III. - Dlouhodobý finanční majetek / Langfristige Finanzanlagen / Долгосрочные финансовые активы","","","1","","Asset","CZK"
"053 - Poskytnuté zálohy na dlouhodobý finanční majetek / Vorauszahl. f. langfr. Finanzanl. / Аванс. плаш. за долг. фин. акт.","A.III.8. - Poskytnuté zálohy na dlouhodobý finanční majetek / Vorauszahl. f. langfr. Finanzanl. / Аванс. плаш. за долг. фин. акт.","053","","0","","Asset","CZK"
"B.II.10. - Sociální zabezpečení / Sozialversicherung / Социальное обеспечение","B.II. - Krátkodobé pohledávky / Kurzfristige Forderungen / Краткосрочные дебиторские задолженности","","","1","","Asset","CZK"
"336 - Sociální zabezpečení / Sozialversicherung / Социальное обеспечение","B.II.10. - Sociální zabezpečení / Sozialversicherung / Социальное обеспечение","336","","0","","Asset","CZK"
"B.II.11. - Zdravotní pojištění / Krankenversicherung / Страхование здоровья","B.II. - Krátkodobé pohledávky / Kurzfristige Forderungen / Краткосрочные дебиторские задолженности","","","1","","Asset","CZK"
"337 - Zdravotní pojištění / Krankenversicherung / Страхование здоровья","B.II.11. - Zdravotní pojištění / Krankenversicherung / Страхование здоровья","337","","0","","Asset","CZK"
"B.II.12. - Důchodové spoření / Altersvorsorge / Пенсионные накопления","B.II. - Krátkodobé pohledávky / Kurzfristige Forderungen / Краткосрочные дебиторские задолженности","","","1","","Asset","CZK"
"338 - Důchodové spoření / Altersvorsorge / Пенсионные накопления","B.II.12. - Důchodové spoření / Altersvorsorge / Пенсионные накопления","338","","0","","Asset","CZK"
"B.II.13. - Daň z příjmů / Einkommensteuer / Налог на доходы","B.II. - Krátkodobé pohledávky / Kurzfristige Forderungen / Краткосрочные дебиторские задолженности","","","1","","Asset","CZK"
"341 - Daň z příjmů / Einkommensteuer / Налог на доходы","B.II.13. - Daň z příjmů / Einkommensteuer / Налог на доходы","341","","0","","Asset","CZK"
"B.II.14. - Ostatní daně, poplatky a jiná obdobná peněžitá plnění / Andere Steuern, Gebühren und vergleichbare Geldleistungen / ДНС","B.II. - Krátkodobé pohledávky / Kurzfristige Forderungen / Краткосрочные дебиторские задолженности","","","1","","Asset","CZK"
"342 - Ostatní daně, poplatky a jiná obdobná peněžitá plnění / Andere Steuern, Gebühren und vergleichbare Geldleistungen / ДНС","B.II.14. - Ostatní daně, poplatky a jiná obdobná peněžitá plnění / Andere Steuern, Gebühren und vergleichbare Geldleistungen / ДНС","342","","0","","Asset","CZK"
"B.II.15. - Daň z přidané hodnoty / Umsatzsteuer / Налог на добавленную стоимость","B.II. - Krátkodobé pohledávky / Kurzfristige Forderungen / Краткосрочные дебиторские задолженности","","","1","","Asset","CZK"
"343 - Daň z přidané hodnoty / Umsatzsteuer / Налог на добавленную стоимость","B.II.15. - Daň z přidané hodnoty / Umsatzsteuer / Налог на добавленную стоимость","343","","0","","Asset","CZK"
"B.II.16. - Pohledávky za osobami mimo vybrané vládní instituce / FAA / ЗЛВ","B.II. - Krátkodobé pohledávky / Kurzfristige Forderungen / Краткосрочные дебиторские задолженности","","","1","","Asset","CZK"
"344 - Pohledávky za osobami mimo vybrané vládní instituce / FAA / ЗЛВ","B.II.16. - Pohledávky za osobami mimo vybrané vládní instituce / FAA / ЗЛВ","344","","0","","Asset","CZK"
"B.II.17. - Pohledávky za vybranými ústředními vládními institucemi / FAZ / ЗЦГ","B.II. - Krátkodobé pohledávky / Kurzfristige Forderungen / Краткосрочные дебиторские задолженности","","","1","","Asset","CZK"
"346 - Pohledávky za vybranými ústředními vládními institucemi / Forderungen an ausgewählte zentrale staatliche Einrichtungen / ЗЦГ","B.II.17. - Pohledávky za vybranými ústředními vládními institucemi / FAZ / ЗЦГ","346","","0","","Asset","CZK"
"B.II.18. - Pohledávky za vybranými místními vládními institucemi / Forderungen an ausgewählte lokale staatliche Einrichtungen / ЗМГ","B.II. - Krátkodobé pohledávky / Kurzfristige Forderungen / Краткосрочные дебиторские задолженности","","","1","","Asset","CZK"
"348 - Pohledávky za vybranými místními vládními institucemi / Forderungen an ausgewählte lokale staatliche Einrichtungen / ЗМГ","B.II.18. - Pohledávky za vybranými místními vládními institucemi / Forderungen an ausgewählte lokale staatliche Einrichtungen / ЗМГ","348","","0","","Asset","CZK"
"B.II.19. - Pohledávky ze správy daní / Forderungen aus der Steuerverwaltung / Задолженность по налоговой администрации","B.II. - Krátkodobé pohledávky / Kurzfristige Forderungen / Краткосрочные дебиторские задолженности","","","1","","Asset","CZK"
"352 - Pohledávky ze správy daní / Forderungen aus der Steuerverwaltung / Задолженность по налоговой администрации","B.II.19. - Pohledávky ze správy daní / Forderungen aus der Steuerverwaltung / Задолженность по налоговой администрации","352","","0","","Asset","CZK"
"B.II.20. - Zúčtování z přerozdělování daní / Abrechnung der Steuerumverteilung / Расчеты по перераспределению налогов","B.II. - Krátkodobé pohledávky / Kurzfristige Forderungen / Краткосрочные дебиторские задолженности","","","1","","Asset","CZK"
"355 - Zúčtování z přerozdělování daní / Abrechnung der Steuerumverteilung / Расчеты по перераспределению налогов","B.II.20. - Zúčtování z přerozdělování daní / Abrechnung der Steuerumverteilung / Расчеты по перераспределению налогов","355","","0","","Asset","CZK"
"B.II.21. - Pohledávky z exekuce a ostatního nakládání s cizím majetkem / Forder. aus Vollstr. u. Verw.","B.II. - Krátkodobé pohledávky / Kurzfristige Forderungen / Краткосрочные дебиторские задолженности","","","1","","Asset","CZK"
"356 - Pohledávky z exekuce a ostatního nakládání s cizím majetkem / Forder. aus Vollstr. u. Verw.","B.II.21. - Pohledávky z exekuce a ostatního nakládání s cizím majetkem / Forder. aus Vollstr. u. Verw.","356","","0","","Asset","CZK"
"B.II.22. - Ostatní pohledávky ze správy daní / Sonstige Forderungen aus Steuerverwaltung / Проч. деб. зад. по налог. адм.","B.II. - Krátkodobé pohledávky / Kurzfristige Forderungen / Краткосрочные дебиторские задолженности","","","1","","Asset","CZK"
"358 - Ostatní pohledávky ze správy daní / Sonstige Forderungen aus Steuerverwaltung / Проч. деб. зад. по налог. адм.","B.II.22. - Ostatní pohledávky ze správy daní / Sonstige Forderungen aus Steuerverwaltung / Проч. деб. зад. по налог. адм.","358","","0","","Asset","CZK"
"B.II.23. - Krátkodobé pohledávky z ručení / Kurzfristige Forderungen aus Bürgschaften / Кратк. деб. зад. по гаран.","B.II. - Krátkodobé pohledávky / Kurzfristige Forderungen / Краткосрочные дебиторские задолженности","","","1","","Asset","CZK"
"361 - Krátkodobé pohledávky z ručení / Kurzfristige Forderungen aus Bürgschaften / Кратк. деб. зад. по гаран.","B.II.23. - Krátkodobé pohledávky z ručení / Kurzfristige Forderungen aus Bürgschaften / Кратк. деб. зад. по гаран.","361","","0","","Asset","CZK"
"B.II.24. - Pevné termínové operace a opce / Feste Termingeschäfte und Optionen / Форвардные сделки и опционы","B.II. - Krátkodobé pohledávky / Kurzfristige Forderungen / Краткосрочные дебиторские задолженности","","","1","","Asset","CZK"
"363 - Pevné termínové operace a opce / Feste Termingeschäfte und Optionen / Форвардные сделки и опционы","B.II.24. - Pevné termínové operace a opce / Feste Termingeschäfte und Optionen / Форвардные сделки и опционы","363","","0","","Asset","CZK"
"B.II.25. - Pohledávky z neukončených finančních operací / Forder. unvoll. Finanzg. / Деб. зад. по незав. фин. оп.","B.II. - Krátkodobé pohledávky / Kurzfristige Forderungen / Краткосрочные дебиторские задолженности","","","1","","Asset","CZK"
"369 - Pohledávky z neukončených finančních operací / Forderungen aus unvollendeten Finanzgeschäften / Деб. зад. по незав. фин. оп.","B.II.25. - Pohledávky z neukončených finančních operací / Forder. unvoll. Finanzg. / Деб. зад. по незав. фин. оп.","369","","0","","Asset","CZK"
"B.II.26. - Pohledávky z finančního zajištění / Forderungen aus Finanzierungssicherheiten / Деб. зад. по фин. обес.","B.II. - Krátkodobé pohledávky / Kurzfristige Forderungen / Краткосрочные дебиторские задолженности","","","1","","Asset","CZK"
"365 - Pohledávky z finančního zajištění / Forderungen aus Finanzierungssicherheiten / Деб. зад. по фин. обес.","B.II.26. - Pohledávky z finančního zajištění / Forderungen aus Finanzierungssicherheiten / Деб. зад. по фин. обес.","365","","0","","Asset","CZK"
"B.II.27. - Pohledávky z vydaných dluhopisů / Forderungen aus ausgegebenen Anleihen / Деб. зад. по обл.","B.II. - Krátkodobé pohledávky / Kurzfristige Forderungen / Краткосрочные дебиторские задолженности","","","1","","Asset","CZK"
"367 - Pohledávky z vydaných dluhopisů / Forderungen aus ausgegebenen Anleihen / Дебиторская задолженность по выпущенным облигациям","B.II.27. - Pohledávky z vydaných dluhopisů / Forderungen aus ausgegebenen Anleihen / Деб. зад. по обл.","367","","0","","Asset","CZK"
"B.II.28. - Krátkodobé poskytnuté zálohy na transfery / Kurzfristige vorgezahlte Transferzahlungen / Кратк. авансы на транс.","B.II. - Krátkodobé pohledávky / Kurzfristige Forderungen / Краткосрочные дебиторские задолженности","","","1","","Asset","CZK"
"373 - Krátkodobé poskytnuté zálohy na transfery / Kurzfristige vorgezahlte Transferzahlungen / Краткосрочные авансы на трансферы","B.II.28. - Krátkodobé poskytnuté zálohy na transfery / Kurzfristige vorgezahlte Transferzahlungen / Кратк. авансы на транс.","373","","0","","Asset","CZK"
"B.II.29. - Krátkodobé zprostředkování transferů / Kurzfristige Vermittlung von Transferzahlungen / Кратк. посредн. в транс.","B.II. - Krátkodobé pohledávky / Kurzfristige Forderungen / Краткосрочные дебиторские задолженности","","","1","","Asset","CZK"
"375 - Krátkodobé zprostředkování transferů / Kurzfristige Vermittlung von Transferzahlungen / Кратк. посредн. в транс.","B.II.29. - Krátkodobé zprostředkování transferů / Kurzfristige Vermittlung von Transferzahlungen / Кратк. посредн. в транс.","375","","0","","Asset","CZK"
"B.II.30. - Náklady příštích období / Kosten für zukünftige Perioden / Расходы будущих периодов","B.II. - Krátkodobé pohledávky / Kurzfristige Forderungen / Краткосрочные дебиторские задолженности","","","1","","Asset","CZK"
"381 - Náklady příštích období / Kosten für zukünftige Perioden / Расходы будущих периодов","B.II.30. - Náklady příštích období / Kosten für zukünftige Perioden / Расходы будущих периодов","381","","0","","Asset","CZK"
"B.II.31. - Příjmy příštích období / Einnahmen für zukünftige Perioden / Доходы будущих периодов","B.II. - Krátkodobé pohledávky / Kurzfristige Forderungen / Краткосрочные дебиторские задолженности","","","1","","Asset","CZK"
"385 - Příjmy příštích období / Einnahmen für zukünftige Perioden / Доходы будущих периодов","B.II.31. - Příjmy příštích období / Einnahmen für zukünftige Perioden / Доходы будущих периодов","385","","0","","Asset","CZK"
"B.II.32. - Dohadné účty aktivní / Schätzkonten aktiv / Оценочные счета активные","B.II. - Krátkodobé pohledávky / Kurzfristige Forderungen / Краткосрочные дебиторские задолженности","","","1","","Asset","CZK"
"388 - Dohadné účty aktivní / Schätzkonten aktiv / Оценочные счета активные","B.II.32. - Dohadné účty aktivní / Schätzkonten aktiv / Оценочные счета активные","388","","0","","Asset","CZK"
"B.II.33. - Ostatní krátkodobé pohledávky / Sonstige kurzfristige Forderungen / Прочая краткосрочная дебиторская задолженность","B.II. - Krátkodobé pohledávky / Kurzfristige Forderungen / Краткосрочные дебиторские задолженности","","","1","","Asset","CZK"
"377 - Ostatní krátkodobé pohledávky / Sonstige kurzfristige Forderungen / Прочая краткосрочная дебиторская задолженность","B.II.33. - Ostatní krátkodobé pohledávky / Sonstige kurzfristige Forderungen / Прочая краткосрочная дебиторская задолженность","377","","0","","Asset","CZK"
"B.III.1. - Majetkové cenné papíry k obchodování / Handelswertpapiere / Торговые ценные бумаги","B.III. - Krátkodobý finanční majetek / Kurzfristige finanzielle Vermögenswerte / Краткосрочные финансовые активы","","","1","","Asset","CZK"
"251 - Majetkové cenné papíry k obchodování / Handelswertpapiere / Торговые ценные бумаги","B.III.1. - Majetkové cenné papíry k obchodování / Handelswertpapiere / Торговые ценные бумаги","251","","0","","Asset","CZK"
"B.III.2. - Dluhové cenné papíry k obchodování / Handelsanleihen / Облигации для торговли","B.III. - Krátkodobý finanční majetek / Kurzfristige finanzielle Vermögenswerte / Краткосрочные финансовые активы","","","1","","Asset","CZK"
"253 - Dluhové cenné papíry k obchodování / Handelsanleihen / Облигации для торговли","B.III.2. - Dluhové cenné papíry k obchodování / Handelsanleihen / Облигации для торговли","253","","0","","Asset","CZK"
"B.III.3. - Jiné cenné papíry / Andere Wertpapiere / Другие ценные бумаги","B.III. - Krátkodobý finanční majetek / Kurzfristige finanzielle Vermögenswerte / Краткосрочные финансовые активы","","","1","","Asset","CZK"
"256 - Jiné cenné papíry / Andere Wertpapiere / Другие ценные бумаги","B.III.3. - Jiné cenné papíry / Andere Wertpapiere / Другие ценные бумаги","256","","0","","Asset","CZK"
"B.III.4. - Termínované vklady krátkodobé / Kurzfristige terminierte Einlagen / Краткосрочные срочные депозиты","B.III. - Krátkodobý finanční majetek / Kurzfristige finanzielle Vermögenswerte / Краткосрочные финансовые активы","","","1","","Asset","CZK"
"244 - Termínované vklady krátkodobé / Kurzfristige terminierte Einlagen / Краткосрочные срочные депозиты","B.III.4. - Termínované vklady krátkodobé / Kurzfristige terminierte Einlagen / Краткосрочные срочные депозиты","244","","0","","Asset","CZK"
"B.III.5. - Jiné běžné účty / Andere Girokonten / Другие текущие счета","B.III. - Krátkodobý finanční majetek / Kurzfristige finanzielle Vermögenswerte / Краткосрочные финансовые активы","","","1","","Asset","CZK"
"245 - Jiné běžné účty / Andere Girokonten / Другие текущие счета","B.III.5. - Jiné běžné účty / Andere Girokonten / Другие текущие счета","245","","0","","Asset","CZK"
"B.III.6. - Účty státních finančních aktiv / Konten staatlicher Finanzanlagen / Счета государственных финансовых активов","B.III. - Krátkodobý finanční majetek / Kurzfristige finanzielle Vermögenswerte / Краткосрочные финансовые активы","","","1","","Asset","CZK"
"247 - Účty státních finančních aktiv / Konten staatlicher Finanzanlagen / Счета государственных финансовых активов","B.III.6. - Účty státních finančních aktiv / Konten staatlicher Finanzanlagen / Счета государственных финансовых активов","247","","0","","Asset","CZK"
"B.III.7. - Účty řízení likvidity státní pokladny a státního dluhu / LiqStPokKt / СчУпрЛик","B.III. - Krátkodobý finanční majetek / Kurzfristige finanzielle Vermögenswerte / Краткосрочные финансовые активы","","","1","","Asset","CZK"
"248 - Účty řízení likvidity státní pokladny a státního dluhu / LiqStPokKt / СчУпрЛик","B.III.7. - Účty řízení likvidity státní pokladny a státního dluhu / LiqStPokKt / СчУпрЛик","248","","0","","Asset","CZK"
"B.III.8. - Účty pro sdílení daní a pro dělenou správu / Konten für die Steuerabgeltung und geteilte Verwaltung / СчРаспНал","B.III. - Krátkodobý finanční majetek / Kurzfristige finanzielle Vermögenswerte / Краткосрочные финансовые активы","","","1","","Asset","CZK"
"249 - Účty pro sdílení daní a pro dělenou správu / Konten für die Steuerabgeltung und geteilte Verwaltung / СчРаспНал","B.III.8. - Účty pro sdílení daní a pro dělenou správu / Konten für die Steuerabgeltung und geteilte Verwaltung / СчРаспНал","249","","0","","Asset","CZK"
"B.III.9. - Běžný účet / Girokonto / Текущий счет","B.III. - Krátkodobý finanční majetek / Kurzfristige finanzielle Vermögenswerte / Краткосрочные финансовые активы","","","1","","Asset","CZK"
"241 - Běžný účet / Girokonto / Текущий счет","B.III.9. - Běžný účet / Girokonto / Текущий счет","241","","0","","Asset","CZK"
"C.III.1. - Výsledek hospodaření běžného účetního období / Ergebnis des laufenden Buchhaltezeitraums / Резултат текущего периода","C.III. - Výsledek hospodaření / Ergebnis der Haushaltsführung / Результат управления","","","1","","Equity","CZK"
"C.III.2. - Výsledek hospodaření ve schvalovacím řízení / Ergebnis Genehmigungsverfahren / Резултат утверждения","C.III. - Výsledek hospodaření / Ergebnis der Haushaltsführung / Результат управления","","","1","","Equity","CZK"
"431 - Výsledek hospodaření ve schvalovacím řízení / Ergebnis der Haushaltsführung im Genehmigungsverfahren / Резултат утверждения","C.III.2. - Výsledek hospodaření ve schvalovacím řízení / Ergebnis Genehmigungsverfahren / Резултат утверждения","431","","0","","Equity","CZK"
"C.III.3. - Výsledek hospodaření předcházejících účetních období / Ergebnis früherer Perioden / Резултат предыдущих периодов","C.III. - Výsledek hospodaření / Ergebnis der Haushaltsführung / Результат управления","","","1","","Equity","CZK"
"432 - Výsledek hospodaření předcházejících účetních období / Ergebnis früherer Perioden / Резултат предыдущих периодов","C.III.3. - Výsledek hospodaření předcházejících účetních období / Ergebnis früherer Perioden / Резултат предыдущих периодов","432","","0","","Equity","CZK"
"D.III.1. - Krátkodobé úvěry / Kurzfristige Kredite / Краткосрочные кредиты","D.III. - Krátkodobé závazky / Kurzfristige Verbindlichkeiten / Краткосрочные обязательства","","","1","","Liability","CZK"
"281 - Krátkodobé úvěry / Kurzfristige Kredite / Краткосрочные кредиты","D.III.1. - Krátkodobé úvěry / Kurzfristige Kredite / Краткосрочные кредиты","281","","0","","Liability","CZK"
"D.III.2. - Eskontované krátkodobé dluhopisy (směnky) / Eskont. kurzfr. Schuldscheine / Эсконт. краткоср. облигации","D.III. - Krátkodobé závazky / Kurzfristige Verbindlichkeiten / Краткосрочные обязательства","","","1","","Liability","CZK"
"282 - Eskontované krátkodobé dluhopisy (směnky) / Eskontierte kurzfristige Schuldscheine (Wechsel)' / Эсконт. краткоср. облигации","D.III.2. - Eskontované krátkodobé dluhopisy (směnky) / Eskont. kurzfr. Schuldscheine / Эсконт. краткоср. облигации","282","","0","","Liability","CZK"
"D.III.3. - Krátkodobé závazky z vydaných dluhopisů / Kurzfristige Verbindlichkeiten aus ausgegebenen Anleihen / КОВО","D.III. - Krátkodobé závazky / Kurzfristige Verbindlichkeiten / Краткосрочные обязательства","","","1","","Liability","CZK"
"283 - Krátkodobé závazky z vydaných dluhopisů / Kurzfristige Verbindlichkeiten aus ausgegebenen Anleihen / КОВО","D.III.3. - Krátkodobé závazky z vydaných dluhopisů / Kurzfristige Verbindlichkeiten aus ausgegebenen Anleihen / КОВО","283","","0","","Liability","CZK"
"D.III.4. - Jiné krátkodobé půjčky / Andere kurzfristige Kredite / Прочие краткосрочные займы","D.III. - Krátkodobé závazky / Kurzfristige Verbindlichkeiten / Краткосрочные обязательства","","","1","","Liability","CZK"
"289 - Jiné krátkodobé půjčky / Andere kurzfristige Kredite / Прочие краткосрочные займы","D.III.4. - Jiné krátkodobé půjčky / Andere kurzfristige Kredite / Прочие краткосрочные займы","289","","0","","Liability","CZK"
"D.III.5. - Dodavatelé / Lieferanten / Поставщики","D.III. - Krátkodobé závazky / Kurzfristige Verbindlichkeiten / Краткосрочные обязательства","","","1","","Liability","CZK"
"321 - Dodavatelé / Lieferanten / Поставщики","D.III.5. - Dodavatelé / Lieferanten / Поставщики","321","","0","","Liability","CZK"
"D.III.6. - Směnky k úhradě / Zu bezahlende Wechsel / Векселя к оплате","D.III. - Krátkodobé závazky / Kurzfristige Verbindlichkeiten / Краткосрочные обязательства","","","1","","Liability","CZK"
"322 - Směnky k úhradě / Zu bezahlende Wechsel / Векселя к оплате","D.III.6. - Směnky k úhradě / Zu bezahlende Wechsel / Векселя к оплате","322","","0","","Liability","CZK"
"D.III.7. - Krátkodobé přijaté zálohy / Kurzfristige erhaltenen Anzahlungen / Краткосрочные полученные авансы","D.III. - Krátkodobé závazky / Kurzfristige Verbindlichkeiten / Краткосрочные обязательства","","","1","","Liability","CZK"
"324 - Krátkodobé přijaté zálohy / Kurzfristige erhaltenen Anzahlungen / Краткосрочные полученные авансы","D.III.7. - Krátkodobé přijaté zálohy / Kurzfristige erhaltenen Anzahlungen / Краткосрочные полученные авансы","324","","0","","Liability","CZK"
"D.III.8. - Závazky z dělené správy / Verbindlichkeiten aus geteiltem Management / Обязательства по разделенному управлению","D.III. - Krátkodobé závazky / Kurzfristige Verbindlichkeiten / Краткосрочные обязательства","","","1","","Liability","CZK"
"325 - Závazky z dělené správy / Verbindlichkeiten aus geteiltem Management / Обязательства по разделенному управлению","D.III.8. - Závazky z dělené správy / Verbindlichkeiten aus geteiltem Management / Обязательства по разделенному управлению","325","","0","","Liability","CZK"
"D.III.9. - Přijaté návratné finanční výpomoci krátkodobé / Erh. rückz. kurzfr. Finanzh. / Получ. возвр. кратк. фин. субс.","D.III. - Krátkodobé závazky / Kurzfristige Verbindlichkeiten / Краткосрочные обязательства","","","1","","Liability","CZK"
"326 - Přijaté návratné finanční výpomoci krátkodobé / Erh. rückz. kurzfr. Finanzh. / Получ. возвр. кратк. фин. субс.","D.III.9. - Přijaté návratné finanční výpomoci krátkodobé / Erh. rückz. kurzfr. Finanzh. / Получ. возвр. кратк. фин. субс.","326","","0","","Liability","CZK"
"A.III.1. - Náklady vybraných ústředních vládních institucí na transfery / Kosten zent. Inst. für Transfers","A.III. - Náklady na transfery / Transferkosten / Расходы на переводы","","","1","","Expense","CZK"
"571 - Náklady vybraných ústředních vládních institucí na transfery / Kosten zent. Inst. für Transfers","A.III.1. - Náklady vybraných ústředních vládních institucí na transfery / Kosten zent. Inst. für Transfers","571","","0","","Expense","CZK"
"A.III.2. - Náklady vybraných místních vládních institucí na transfery / Kosten lok. Inst. für Transfers","A.III. - Náklady na transfery / Transferkosten / Расходы на переводы","","","1","","Expense","CZK"
"572 - Náklady vybraných místních vládních institucí na transfery / Kosten lok. Inst. für Transfers / Расх. местн. учр. на трансф.","A.III.2. - Náklady vybraných místních vládních institucí na transfery / Kosten lok. Inst. für Transfers","572","","0","","Expense","CZK"
"A.III.3. - Náklady vybraných ústředních vládních institucí na předfinancování transferů","A.III. - Náklady na transfery / Transferkosten / Расходы на переводы","","","1","","Expense","CZK"
"575 - Náklady vybraných ústředních vládních institucí na předfinancování transferů / Kosten zent. Inst. für Vorausfinanz. Transfers","A.III.3. - Náklady vybraných ústředních vládních institucí na předfinancování transferů","575","","0","","Expense","CZK"
"B.III.1. - Výnosy z daně z příjmů fyzických osob / Einnahmen aus der Einkommensteuer für natürliche Personen / ДОНДФЛ","B.III. - Výnosy z daní a poplatků / Einnahmen aus Steuern und Gebühren / Доходы от налогов и сборов","","","1","","Income","CZK"
"631 - Výnosy z daně z příjmů fyzických osob / Einnahmen aus der Einkommensteuer für natürliche Personen / ДОНДФЛ","B.III.1. - Výnosy z daně z příjmů fyzických osob / Einnahmen aus der Einkommensteuer für natürliche Personen / ДОНДФЛ","631","","0","","Income","CZK"
"B.III.2. - Výnosy z daně z příjmů právnických osob / Einnahmen aus der Einkommensteuer von juristischen Personen / Дох. НДЮЛ","B.III. - Výnosy z daní a poplatků / Einnahmen aus Steuern und Gebühren / Доходы от налогов и сборов","","","1","","Income","CZK"
"632 - Výnosy z daně z příjmů právnických osob / Einnahmen aus der Einkommensteuer von juristischen Personen / Дох. НДЮЛ","B.III.2. - Výnosy z daně z příjmů právnických osob / Einnahmen aus der Einkommensteuer von juristischen Personen / Дох. НДЮЛ","632","","0","","Income","CZK"
"B.III.3. - Výnosy ze sociálního pojištění / Einnahmen aus der Sozialversicherung / Дох. СВ ОСС","B.III. - Výnosy z daní a poplatků / Einnahmen aus Steuern und Gebühren / Доходы от налогов и сборов","","","1","","Income","CZK"
"633 - Výnosy ze sociálního pojištění / Einnahmen aus der Sozialversicherung / Дох. СВ ОСС","B.III.3. - Výnosy ze sociálního pojištění / Einnahmen aus der Sozialversicherung / Дох. СВ ОСС","633","","0","","Income","CZK"
"B.III.4. - Výnosy z daně z přidané hodnoty / Einnahmen aus der Umsatzsteuer / Доходы от налога на добавленную стоимость","B.III. - Výnosy z daní a poplatků / Einnahmen aus Steuern und Gebühren / Доходы от налогов и сборов","","","1","","Income","CZK"
"634 - Výnosy z daně z přidané hodnoty / Einnahmen aus der Umsatzsteuer / Доходы от налога на добавленную стоимость","B.III.4. - Výnosy z daně z přidané hodnoty / Einnahmen aus der Umsatzsteuer / Доходы от налога на добавленную стоимость","634","","0","","Income","CZK"
"B.III.5. - Výnosy ze spotřebních daní / Einnahmen aus den Verbrauchsteuern / Доходы от акцизов","B.III. - Výnosy z daní a poplatků / Einnahmen aus Steuern und Gebühren / Доходы от налогов и сборов","","","1","","Income","CZK"
"635 - Výnosy ze spotřebních daní / Einnahmen aus den Verbrauchsteuern / Доходы от акцизов","B.III.5. - Výnosy ze spotřebních daní / Einnahmen aus den Verbrauchsteuern / Доходы от акцизов","635","","0","","Income","CZK"
"B.III.6. - Výnosy z majetkových daní / Einnahmen aus der Vermögenssteuer / Доходы от налога на имущество","B.III. - Výnosy z daní a poplatků / Einnahmen aus Steuern und Gebühren / Доходы от налогов и сборов","","","1","","Income","CZK"
"636 - Výnosy z majetkových daní / Einnahmen aus der Vermögenssteuer / Доходы от налога на имущество","B.III.6. - Výnosy z majetkových daní / Einnahmen aus der Vermögenssteuer / Доходы от налога на имущество","636","","0","","Income","CZK"
"B.III.7. - Výnosy z energetických daní / Einnahmen aus Energiesteuern / Доходы от налогов на энергию","B.III. - Výnosy z daní a poplatků / Einnahmen aus Steuern und Gebühren / Доходы от налогов и сборов","","","1","","Income","CZK"
"637 - Výnosy z energetických daní / Einnahmen aus Energiesteuern / Доходы от налогов на энергию","B.III.7. - Výnosy z energetických daní / Einnahmen aus Energiesteuern / Доходы от налогов на энергию","637","","0","","Income","CZK"
"B.III.8. - Výnosy z daně silniční / Einnahmen aus der Straßensteuer / Доходы от дорожного налога","B.III. - Výnosy z daní a poplatků / Einnahmen aus Steuern und Gebühren / Доходы от налогов и сборов","","","1","","Income","CZK"
"638 - Výnosy z daně silniční / Einnahmen aus der Straßensteuer / Доходы от дорожного налога","B.III.8. - Výnosy z daně silniční / Einnahmen aus der Straßensteuer / Доходы от дорожного налога","638","","0","","Income","CZK"
"B.III.9. - Výnosy z ostatních daní a poplatků / Einnahmen aus anderen Steuern und Gebühren / Доходы от других налогов и сборов","B.III. - Výnosy z daní a poplatků / Einnahmen aus Steuern und Gebühren / Доходы от налогов и сборов","","","1","","Income","CZK"
"639 - Výnosy z ostatních daní a poplatků / Einnahmen aus anderen Steuern und Gebühren / Доходы от других налогов и сборов","B.III.9. - Výnosy z ostatních daní a poplatků / Einnahmen aus anderen Steuern und Gebühren / Доходы от других налогов и сборов","639","","0","","Income","CZK"
"B.III.10. - Běžný účet FKSP / Girokonto FKSP / Текущий счет FKSP","B.III. - Krátkodobý finanční majetek / Kurzfristige finanzielle Vermögenswerte / Краткосрочные финансовые активы","","","1","","Asset","CZK"
"243 - Běžný účet FKSP / Girokonto FKSP / Текущий счет FKSP","B.III.10. - Běžný účet FKSP / Girokonto FKSP / Текущий счет FKSP","243","","0","","Asset","CZK"
"B.III.11. - Základní běžný účet územních samosprávných celků / Grundgiro LSG / Основной текущий счет местных самоуправлений","B.III. - Krátkodobý finanční majetek / Kurzfristige finanzielle Vermögenswerte / Краткосрочные финансовые активы","","","1","","Asset","CZK"
"231 - Základní běžný účet územních samosprávných celků / Grundgirokonto der lokalen Selbstverwaltungsgebiete / Осн. тек. счет МС","B.III.11. - Základní běžný účet územních samosprávných celků / Grundgiro LSG / Основной текущий счет местных самоуправлений","231","","0","","Asset","CZK"
"B.III.12. - Běžné účty fondů územních samosprávných celků / Giro Fonds LSG / Текущие счета фондов местных самоуправлений","B.III. - Krátkodobý finanční majetek / Kurzfristige finanzielle Vermögenswerte / Краткосрочные финансовые активы","","","1","","Asset","CZK"
"236 - Běžné účty fondů územních samosprávných celků / Giro Fonds LSG / Текущие счета фондов местных самоуправлений","B.III.12. - Běžné účty fondů územních samosprávných celků / Giro Fonds LSG / Текущие счета фондов местных самоуправлений","236","","0","","Asset","CZK"
"B.III.13. - Běžné účty státních fondů / Girokonten der staatlichen Fonds / Текущие счета государственных фондов","B.III. - Krátkodobý finanční majetek / Kurzfristige finanzielle Vermögenswerte / Краткосрочные финансовые активы","","","1","","Asset","CZK"
"224 - Běžné účty státních fondů / Girokonten der staatlichen Fonds / Текущие счета государственных фондов","B.III.13. - Běžné účty státních fondů / Girokonten der staatlichen Fonds / Текущие счета государственных фондов","224","","0","","Asset","CZK"
"B.III.14. - Běžné účty fondů organizačních složek státu / Giro Fonds OS / Текущие счета фондов организационных структур государства","B.III. - Krátkodobý finanční majetek / Kurzfristige finanzielle Vermögenswerte / Краткосрочные финансовые активы","","","1","","Asset","CZK"
"225 - Běžné účty fondů organizačních složek státu / Giro Fonds OS / Текущие счета фондов организационных структур государства","B.III.14. - Běžné účty fondů organizačních složek státu / Giro Fonds OS / Текущие счета фондов организационных структур государства","225","","0","","Asset","CZK"
"B.III.15. - Ceniny / Wertpapiere (Gutschein/Marken} / Ценные бумаги (ваучеры/марки}","B.III. - Krátkodobý finanční majetek / Kurzfristige finanzielle Vermögenswerte / Краткосрочные финансовые активы","","","1","","Asset","CZK"
"263 - Ceniny / Wertpapiere (Gutschein/Marken} / Ценные бумаги (ваучеры/марки}","B.III.15. - Ceniny / Wertpapiere (Gutschein/Marken} / Ценные бумаги (ваучеры/марки}","263","","0","","Asset","CZK"
"B.III.16. - Peníze na cestě / Unterwegs befindliche Gelder / Деньги в пути","B.III. - Krátkodobý finanční majetek / Kurzfristige finanzielle Vermögenswerte / Краткосрочные финансовые активы","","","1","","Asset","CZK"
"262 - Peníze na cestě / Unterwegs befindliche Gelder / Деньги в пути","B.III.16. - Peníze na cestě / Unterwegs befindliche Gelder / Деньги в пути","262","","0","","Asset","CZK"
"B.III.17. - Pokladna / Kasse / Касса","B.III. - Krátkodobý finanční majetek / Kurzfristige finanzielle Vermögenswerte / Краткосрочные финансовые активы","","","1","","Asset","CZK"
"261 - Pokladna / Kasse / Касса","B.III.17. - Pokladna / Kasse / Касса","261","","0","","Asset","CZK"
"D.III.10. - Zaměstnanci / Personal / Персонал","D.III. - Krátkodobé závazky / Kurzfristige Verbindlichkeiten / Краткосрочные обязательства","","","1","","Liability","CZK"
"331 - Zaměstnanci / Personal / Персонал","D.III.10. - Zaměstnanci / Personal / Персонал","331","","0","","Liability","CZK"
"D.III.11. - Jiné závazky vůči zaměstnancům / Andere Verbindlichkeiten gegenüber Mitarbeitern / Прочие обяз. перед перс.","D.III. - Krátkodobé závazky / Kurzfristige Verbindlichkeiten / Краткосрочные обязательства","","","1","","Liability","CZK"
"333 - Jiné závazky vůči zaměstnancům / Andere Verbindlichkeiten gegenüber Mitarbeitern / Прочие обязательства перед персоналом","D.III.11. - Jiné závazky vůči zaměstnancům / Andere Verbindlichkeiten gegenüber Mitarbeitern / Прочие обяз. перед перс.","333","","0","","Liability","CZK"
"D.III.12. - Sociální zabezpečení / Sozialversicherung / Социальное обеспечение","D.III. - Krátkodobé závazky / Kurzfristige Verbindlichkeiten / Краткосрочные обязательства","","","1","","Liability","CZK"
"336-L - Sociální zabezpečení / Sozialversicherung / Социальное обеспечение","D.III.12. - Sociální zabezpečení / Sozialversicherung / Социальное обеспечение","336-L","","0","","Liability","CZK"
"D.III.13. - Zdravotní pojištění / Krankenversicherung / Страхование здоровья","D.III. - Krátkodobé závazky / Kurzfristige Verbindlichkeiten / Краткосрочные обязательства","","","1","","Liability","CZK"
"337-L - Zdravotní pojištění / Krankenversicherung / Страхование здоровья","D.III.13. - Zdravotní pojištění / Krankenversicherung / Страхование здоровья","337-L","","0","","Liability","CZK"
"D.III.14. - Důchodové spoření / Altersvorsorge / Пенсионные накопления","D.III. - Krátkodobé závazky / Kurzfristige Verbindlichkeiten / Краткосрочные обязательства","","","1","","Liability","CZK"
"338-L - Důchodové spoření / Altersvorsorge / Пенсионные накопления","D.III.14. - Důchodové spoření / Altersvorsorge / Пенсионные накопления","338-L","","0","","Liability","CZK"
"D.III.15. - Daň z příjmů / Einkommensteuer / Налог на доходы","D.III. - Krátkodobé závazky / Kurzfristige Verbindlichkeiten / Краткосрочные обязательства","","","1","","Liability","CZK"
"341-L - Daň z příjmů / Einkommensteuer / Налог на доходы","D.III.15. - Daň z příjmů / Einkommensteuer / Налог на доходы","341-L","","0","","Liability","CZK"
"D.III.16. - Ostatní daně, poplatky a jiná obdobná peněžitá plnění / Andere Steuern, Gebühren und vergleichbare Geldleistungen / ДНС","D.III. - Krátkodobé závazky / Kurzfristige Verbindlichkeiten / Краткосрочные обязательства","","","1","","Liability","CZK"
"342-L - Ostatní daně, poplatky a jiná obdobná peněžitá plnění / Andere Steuern, Gebühren und vergleichbare Geldleistungen / ДНС","D.III.16. - Ostatní daně, poplatky a jiná obdobná peněžitá plnění / Andere Steuern, Gebühren und vergleichbare Geldleistungen / ДНС","342-L","","0","","Liability","CZK"
"D.III.17. - Daň z přidané hodnoty / Umsatzsteuer / Налог на добавленную стоимость","D.III. - Krátkodobé závazky / Kurzfristige Verbindlichkeiten / Краткосрочные обязательства","","","1","","Liability","CZK"
"343-L - Daň z přidané hodnoty / Umsatzsteuer / Налог на добавленную стоимость","D.III.17. - Daň z přidané hodnoty / Umsatzsteuer / Налог на добавленную стоимость","343-L","","0","","Liability","CZK"
"D.III.18. - Závazky k osobám mimo vybrané vládní instituce / Verbindl. außerhalb Reg.-Inst. / Обязат. перед лицами","D.III. - Krátkodobé závazky / Kurzfristige Verbindlichkeiten / Краткосрочные обязательства","","","1","","Liability","CZK"
"345 - Závazky k osobám mimo vybrané vládní instituce / Verbindl. außerhalb Reg.-Inst. / Обязат. перед лицами","D.III.18. - Závazky k osobám mimo vybrané vládní instituce / Verbindl. außerhalb Reg.-Inst. / Обязат. перед лицами","345","","0","","Liability","CZK"
"D.III.19. - Závazky k vybraným ústředním vládním institucím / Verbindl. zentrale Reg.-Inst. / Обязат. перед центр. гос. учр.","D.III. - Krátkodobé závazky / Kurzfristige Verbindlichkeiten / Краткосрочные обязательства","","","1","","Liability","CZK"
"347 - Závazky k vybraným ústředním vládním institucím / Verbindl. zentrale Reg.-Inst. / Обязат. перед центр. гос. учр.","D.III.19. - Závazky k vybraným ústředním vládním institucím / Verbindl. zentrale Reg.-Inst. / Обязат. перед центр. гос. учр.","347","","0","","Liability","CZK"
"D.III.20. - Závazky k vybraným místním vládním institucím / Verbindl. lokale Reg.-Inst. / Обязат. перед мест. гос. учр.","D.III. - Krátkodobé závazky / Kurzfristige Verbindlichkeiten / Краткосрочные обязательства","","","1","","Liability","CZK"
"349 - Závazky k vybraným místním vládním institucím / Verbindl. lokale Reg.-Inst. / Обязат. перед мест. гос. учр.","D.III.20. - Závazky k vybraným místním vládním institucím / Verbindl. lokale Reg.-Inst. / Обязат. перед мест. гос. учр.","349","","0","","Liability","CZK"
"D.III.21. - Přijaté zálohy daní / Erhaltene Steuervorschüsse / Полученные авансы по налогам","D.III. - Krátkodobé závazky / Kurzfristige Verbindlichkeiten / Краткосрочные обязательства","","","1","","Liability","CZK"
"351 - Přijaté zálohy daní / Erhaltene Steuervorschüsse / Полученные авансы по налогам","D.III.21. - Přijaté zálohy daní / Erhaltene Steuervorschüsse / Полученные авансы по налогам","351","","0","","Liability","CZK"
"D.III.22. - Přeplatky na daních / Überzahlungen von Steuern / Переплаты по налогам","D.III. - Krátkodobé závazky / Kurzfristige Verbindlichkeiten / Краткосрочные обязательства","","","1","","Liability","CZK"
"353 - Přeplatky na daních / Überzahlungen von Steuern / Переплаты по налогам","D.III.22. - Přeplatky na daních / Überzahlungen von Steuern / Переплаты по налогам","353","","0","","Liability","CZK"
"D.III.23. - Závazky z vratek nepřímých daní / Verbindl. Erstatt. indir. Steuern / Обязательства по возврату косвенных налогов","D.III. - Krátkodobé závazky / Kurzfristige Verbindlichkeiten / Краткосрочные обязательства","","","1","","Liability","CZK"
"354 - Závazky z vratek nepřímých daní / Verbindlichkeiten aus der Erstattung indirekter Steuern / Обязат. по возвр. косв. налогов","D.III.23. - Závazky z vratek nepřímých daní / Verbindl. Erstatt. indir. Steuern / Обязательства по возврату косвенных налогов","354","","0","","Liability","CZK"
"D.III.24. - Zúčtování z přerozdělování daní / Abrechnung der Steuerumverteilung / Расчеты по перераспределению налогов","D.III. - Krátkodobé závazky / Kurzfristige Verbindlichkeiten / Краткосрочные обязательства","","","1","","Liability","CZK"
"355-L - Zúčtování z přerozdělování daní / Abrechnung der Steuerumverteilung / Расчеты по перераспределению налогов","D.III.24. - Zúčtování z přerozdělování daní / Abrechnung der Steuerumverteilung / Расчеты по перераспределению налогов","355-L","","0","","Liability","CZK"
"D.III.25. - Závazky z exekuce a ostatního nakládání s cizím majetkem / Verbindl. Vollstreck. u. Verwaltung fremd. Verm.","D.III. - Krátkodobé závazky / Kurzfristige Verbindlichkeiten / Краткосрочные обязательства","","","1","","Liability","CZK"
"357 - Závazky z exekuce a ostatního nakládání s cizím majetkem / Verbindl. Vollstreck. u. Verwaltung fremd. Verm.","D.III.25. - Závazky z exekuce a ostatního nakládání s cizím majetkem / Verbindl. Vollstreck. u. Verwaltung fremd. Verm.","357","","0","","Liability","CZK"
"D.III.26. - Ostatní závazky ze správy daní / Weitere Verbindlichkeiten aus der Steuerverwaltung / Проч. налог. обяз.","D.III. - Krátkodobé závazky / Kurzfristige Verbindlichkeiten / Краткосрочные обязательства","","","1","","Liability","CZK"
"359 - Ostatní závazky ze správy daní / Weitere Verbindlichkeiten aus der Steuerverwaltung / Проч. налог. обяз.","D.III.26. - Ostatní závazky ze správy daní / Weitere Verbindlichkeiten aus der Steuerverwaltung / Проч. налог. обяз.","359","","0","","Liability","CZK"
"D.III.27. - Krátkodobé závazky z ručení / Kurzfristige Verpflichtungen aus Bürgschaften / Краткосрочные обязательства по гарантиям","D.III. - Krátkodobé závazky / Kurzfristige Verbindlichkeiten / Краткосрочные обязательства","","","1","","Liability","CZK"
"362 - Krátkodobé závazky z ručení / Kurzfristige Verpflichtungen aus Bürgschaften / Краткосрочные обязательства по гарантиям","D.III.27. - Krátkodobé závazky z ručení / Kurzfristige Verpflichtungen aus Bürgschaften / Краткосрочные обязательства по гарантиям","362","","0","","Liability","CZK"
"D.III.28. - Pevné termínové operace a opce / Feste Termingeschäfte und Optionen / Форвардные сделки и опционы","D.III. - Krátkodobé závazky / Kurzfristige Verbindlichkeiten / Краткосрочные обязательства","","","1","","Liability","CZK"
"363-L - Pevné termínové operace a opce / Feste Termingeschäfte und Optionen / Форвардные сделки и опционы","D.III.28. - Pevné termínové operace a opce / Feste Termingeschäfte und Optionen / Форвардные сделки и опционы","363-L","","0","","Liability","CZK"
"D.III.29. - Závazky z neukončených finančních operací / Verbindlichkeiten aus unvollendeten Finanzoperationen / ОПНФО","D.III. - Krátkodobé závazky / Kurzfristige Verbindlichkeiten / Краткосрочные обязательства","","","1","","Liability","CZK"
"364 - Závazky z neukončených finančních operací / Verbindlichkeiten aus unvollendeten Finanzoperationen / ОПНФО","D.III.29. - Závazky z neukončených finančních operací / Verbindlichkeiten aus unvollendeten Finanzoperationen / ОПНФО","364","","0","","Liability","CZK"
"D.III.30. - Závazky z finančního zajištění / Verbindlichkeiten aus Finanzgarantien / Обязательства по финансовым гарантиям","D.III. - Krátkodobé závazky / Kurzfristige Verbindlichkeiten / Краткосрочные обязательства","","","1","","Liability","CZK"
"366 - Závazky z finančního zajištění / Verbindlichkeiten aus Finanzgarantien / Обязательства по финансовым гарантиям","D.III.30. - Závazky z finančního zajištění / Verbindlichkeiten aus Finanzgarantien / Обязательства по финансовым гарантиям","366","","0","","Liability","CZK"
"D.III.31. - Závazky z upsaných nesplacených cenných papírů a podílů / VNBWPA / Обязательства по непогашенным ценным бумагам и долям","D.III. - Krátkodobé závazky / Kurzfristige Verbindlichkeiten / Краткосрочные обязательства","","","1","","Liability","CZK"
"368 - Závazky z upsaných nesplacených cenných papírů a podílů / VNBWPA / Обязательства по непогашенным ценным бумагам и долям","D.III.31. - Závazky z upsaných nesplacených cenných papírů a podílů / VNBWPA / Обязательства по непогашенным ценным бумагам и долям","368","","0","","Liability","CZK"
"D.III.32. - Krátkodobé přijaté zálohy na transfery / Kurzfristige erhaltenen Vorschüsse für Transfers / КОПАП","D.III. - Krátkodobé závazky / Kurzfristige Verbindlichkeiten / Краткосрочные обязательства","","","1","","Liability","CZK"
"374 - Krátkodobé přijaté zálohy na transfery / Kurzfristige erhaltenen Vorschüsse für Transfers / КОПАП","D.III.32. - Krátkodobé přijaté zálohy na transfery / Kurzfristige erhaltenen Vorschüsse für Transfers / КОПАП","374","","0","","Liability","CZK"
"D.III.33. - Krátkodobé zprostředkování transferů / Kurzfristige Vermittlung von Transferzahlungen / Кратк. посредн. в транс.","D.III. - Krátkodobé závazky / Kurzfristige Verbindlichkeiten / Краткосрочные обязательства","","","1","","Liability","CZK"
"375-L - Krátkodobé zprostředkování transferů / Kurzfristige Vermittlung von Transferzahlungen / Кратк. посредн. в транс.","D.III.33. - Krátkodobé zprostředkování transferů / Kurzfristige Vermittlung von Transferzahlungen / Кратк. посредн. в транс.","375-L","","0","","Liability","CZK"
"D.III.34. - Závazky z řízení likvidity státní pokladny a státního dluhu / VLSS / ОПУЛГКГД","D.III. - Krátkodobé závazky / Kurzfristige Verbindlichkeiten / Краткосрочные обязательства","","","1","","Liability","CZK"
"248-L - Závazky z řízení likvidity státní pokladny a státního dluhu / VLSS / ОПУЛГКГД","D.III.34. - Závazky z řízení likvidity státní pokladny a státního dluhu / VLSS / ОПУЛГКГД","248-L","","0","","Liability","CZK"
"D.III.35. - Výdaje příštích období / Ausgaben für zukünftige Perioden / Расходы будущих периодов","D.III. - Krátkodobé závazky / Kurzfristige Verbindlichkeiten / Краткосрочные обязательства","","","1","","Liability","CZK"
"383 - Výdaje příštích období / Ausgaben für zukünftige Perioden / Расходы будущих периодов","D.III.35. - Výdaje příštích období / Ausgaben für zukünftige Perioden / Расходы будущих периодов","383","","0","","Liability","CZK"
"D.III.36. - Výnosy příštích období / Einnahmen für zukünftige Perioden / Доходы будущих периодов","D.III. - Krátkodobé závazky / Kurzfristige Verbindlichkeiten / Краткосрочные обязательства","","","1","","Liability","CZK"
"384 - Výnosy příštích období / Einnahmen für zukünftige Perioden / Доходы будущих периодов","D.III.36. - Výnosy příštích období / Einnahmen für zukünftige Perioden / Доходы будущих периодов","384","","0","","Liability","CZK"
"D.III.37. - Dohadné účty pasivní / Schätzkonten (Passivseite} / Оценочные счета (пассивные}","D.III. - Krátkodobé závazky / Kurzfristige Verbindlichkeiten / Краткосрочные обязательства","","","1","","Liability","CZK"
"389 - Dohadné účty pasivní / Schätzkonten (Passivseite} / Оценочные счета (пассивные}","D.III.37. - Dohadné účty pasivní / Schätzkonten (Passivseite} / Оценочные счета (пассивные}","389","","0","","Liability","CZK"
"D.III.38. - Ostatní krátkodobé závazky / Andere kurzfristige Verbindlichkeiten / Прочие краткосрочные обязательства","D.III. - Krátkodobé závazky / Kurzfristige Verbindlichkeiten / Краткосрочные обязательства","","","1","","Liability","CZK"
"378 - Ostatní krátkodobé závazky / Andere kurzfristige Verbindlichkeiten / Прочие краткосрочные обязательства","D.III.38. - Ostatní krátkodobé závazky / Andere kurzfristige Verbindlichkeiten / Прочие краткосрочные обязательства","378","","0","","Liability","CZK"
