"Account Name","Parent Account","Account Number","Parent Account Number","Is Group","Account Type","Root Type","Account Currency"
"Assets - Aktiva - 资产","","","","1","","Asset","CZK"
"Liabilities - Pasiva - 负债","","","","1","","Liability","CZK"
"Equity - Vlastní kapitál - 权益","","","","1","","Equity","CZK"
"Expenses - Náklady - 费用","","","","1","Expense Account","Expense","CZK"
"Income - Výnosy - 收入","","","","1","Income Account","Income","CZK"
"A. - Stálá aktiva / Fixed Assets / 固定资产","Assets - Aktiva - 资产","","","1","","Asset","CZK"
"B. - Oběžná aktiva / Current Assets / 流动资产","Assets - Aktiva - 资产","","","1","","Asset","CZK"
"C. - Vlastní kapitál / Equity / Net Assets / 所有者权益 / 净资产","Equity - Vlastní kapitál - 权益","","","1","","Equity","CZK"
"D. - Cizí zdroje / Liabilities / 负债","Liabilities - Pasiva - 负债","","","1","","Liability","CZK"
"A. - NÁKLADY CELKEM / Total Expenses / 总费用","Expenses - Náklady - 费用","","","1","","Expense","CZK"
"B. - VÝNOSY CELKEM / Total Revenues / 总收入","Income - Výnosy - 收入","","","1","","Income","CZK"
"C. - VÝSLEDEK HOSPODAŘENÍ / Operating Result / 经营成果","Income - Výnosy - 收入","","","1","","Income","CZK"
"A.I. - Dlouhodobý nehmotný majetek / Long-term Intangible Assets / 长期无形资产","A. - Stálá aktiva / Fixed Assets / 固定资产","","","1","","Asset","CZK"
"B.I. - Zásoby / Inventories / 存货","B. - Oběžná aktiva / Current Assets / 流动资产","","","1","","Asset","CZK"
"C.I. - Jmění účetní jednotky a upravující položky / Equity of the Accounting Unit and Adjusting Items / 会计单位净资产及调整项目","C. - Vlastní kapitál / Equity / Net Assets / 所有者权益 / 净资产","","","1","","Equity","CZK"
"D.I. - Rezervy / Provisions / 预计负债","D. - Cizí zdroje / Liabilities / 负债","","","1","","Liability","CZK"
"A.I. - Náklady z činnosti / Operating Expenses / 经营费用","A. - NÁKLADY CELKEM / Total Expenses / 总费用","","","1","","Expense","CZK"
"A.V. - Daň z příjmů / Income Tax / 所得税","A. - NÁKLADY CELKEM / Total Expenses / 总费用","","","1","","Expense","CZK"
"B.I. - Výnosy z činnosti / Operating Income / 经营收入","B. - VÝNOSY CELKEM / Total Revenues / 总收入","","","1","","Income","CZK"
"B.V. - Výnosy ze sdílených daní a poplatků / Revenue from Shared Taxes and Fees / 共享税和费用的收入","B. - VÝNOSY CELKEM / Total Revenues / 总收入","","","1","","Income","CZK"
"C.1. - Výsledek hospodaření před zdaněním / Operating Result Before Tax / 税前经营成果","C. - VÝSLEDEK HOSPODAŘENÍ / Operating Result / 经营成果","","","1","","Income","CZK"
"C.2. - Výsledek hospodaření běžného účetního období / Result of Operations for the Regular Accounting Period / 常规会计期间的经营成果","C. - VÝSLEDEK HOSPODAŘENÍ / Operating Result / 经营成果","","","1","","Income","CZK"
"A.II. - Dlouhodobý hmotný majetek / Long-term Tangible Assets / 长期有形资产","A. - Stálá aktiva / Fixed Assets / 固定资产","","","1","","Asset","CZK"
"A.IV. - Dlouhodobé pohledávky / Long-term Receivables / 长期应收款","A. - Stálá aktiva / Fixed Assets / 固定资产","","","1","","Asset","CZK"
"B.II. - Krátkodobé pohledávky / Short-term Receivables / 短期应收款项","B. - Oběžná aktiva / Current Assets / 流动资产","","","1","","Asset","CZK"
"C.II. - Fondy účetní jednotky / Accounting Unit Funds / 会计单位基金","C. - Vlastní kapitál / Equity / Net Assets / 所有者权益 / 净资产","","","1","","Equity","CZK"
"C.IV. - Příjmový a výdajový účet rozpočtového hospodaření / Budgetary Revenue and Expenditure Account / 预算收支账户","C. - Vlastní kapitál / Equity / Net Assets / 所有者权益 / 净资产","","","1","","Equity","CZK"
"D.II. - Dlouhodobé závazky / Long-term Liabilities / 长期负债","D. - Cizí zdroje / Liabilities / 负债","","","1","","Liability","CZK"
"A.II. - Finanční náklady / Financial Expenses / 财务费用","A. - NÁKLADY CELKEM / Total Expenses / 总费用","","","1","","Expense","CZK"
"A.IV. - Náklady ze sdílených daní a poplatků / Expenses from Shared Taxes and Fees / 共享税及费用支出","A. - NÁKLADY CELKEM / Total Expenses / 总费用","","","1","","Expense","CZK"
"B.II. - Finanční výnosy / Financial Income / 财务收入","B. - VÝNOSY CELKEM / Total Revenues / 总收入","","","1","","Income","CZK"
"B.IV. - Výnosy z transferů / Revenue from Transfers / 转移收入","B. - VÝNOSY CELKEM / Total Revenues / 总收入","","","1","","Income","CZK"
"A.I.1. - Nehmotné výsledky výzkumu a vývoje / Intangible Results of Research and Development / 研究与开发的无形成果","A.I. - Dlouhodobý nehmotný majetek / Long-term Intangible Assets / 长期无形资产","","","1","","Asset","CZK"
"012 - Nehmotné výsledky výzkumu a vývoje / Intangible Results of Research and Development / 研究与开发的无形成果","A.I.1. - Nehmotné výsledky výzkumu a vývoje / Intangible Results of Research and Development / 研究与开发的无形成果","012","","0","","Asset","CZK"
"A.I.2. - Software","A.I. - Dlouhodobý nehmotný majetek / Long-term Intangible Assets / 长期无形资产","","","1","","Asset","CZK"
"013 - Software","A.I.2. - Software","013","","0","","Asset","CZK"
"A.I.3. - Ocenitelná práva / Measurable Rights / 可计量权利","A.I. - Dlouhodobý nehmotný majetek / Long-term Intangible Assets / 长期无形资产","","","1","","Asset","CZK"
"014 - Ocenitelná práva / Measurable Rights / 可计量权利","A.I.3. - Ocenitelná práva / Measurable Rights / 可计量权利","014","","0","","Asset","CZK"
"A.I.4. - Povolenky na emise a preferenční limity / Emission Allowances and Preferential Limits / 排放许可和优先限额","A.I. - Dlouhodobý nehmotný majetek / Long-term Intangible Assets / 长期无形资产","","","1","","Asset","CZK"
"015 - Povolenky na emise a preferenční limity / Emission Allowances and Preferential Limits / 排放许可和优先限额","A.I.4. - Povolenky na emise a preferenční limity / Emission Allowances and Preferential Limits / 排放许可和优先限额","015","","0","","Asset","CZK"
"A.I.5. - Drobný dlouhodobý nehmotný majetek / Minor Long-term Intangible Assets / 小额长期无形资产","A.I. - Dlouhodobý nehmotný majetek / Long-term Intangible Assets / 长期无形资产","","","1","","Asset","CZK"
"018 - Drobný dlouhodobý nehmotný majetek / Minor Long-term Intangible Assets / 小额长期无形资产","A.I.5. - Drobný dlouhodobý nehmotný majetek / Minor Long-term Intangible Assets / 小额长期无形资产","018","","0","","Asset","CZK"
"A.I.6. - Ostatní dlouhodobý nehmotný majetek / Other Intangible Assets / 其他无形资产","A.I. - Dlouhodobý nehmotný majetek / Long-term Intangible Assets / 长期无形资产","","","1","","Asset","CZK"
"019 - Ostatní dlouhodobý nehmotný majetek / Other Intangible Assets / 其他无形资产","A.I.6. - Ostatní dlouhodobý nehmotný majetek / Other Intangible Assets / 其他无形资产","019","","0","","Asset","CZK"
"A.I.7. - Nedokončený dlouhodobý nehmotný majetek / Incomplete Long-term Intangible Assets / 未完成的长期无形资产","A.I. - Dlouhodobý nehmotný majetek / Long-term Intangible Assets / 长期无形资产","","","1","","Asset","CZK"
"041 - Nedokončený dlouhodobý nehmotný majetek / Incomplete Long-term Intangible Assets / 未完成的长期无形资产","A.I.7. - Nedokončený dlouhodobý nehmotný majetek / Incomplete Long-term Intangible Assets / 未完成的长期无形资产","041","","0","","Asset","CZK"
"A.I.8. - Poskytnuté zálohy na dlouhodobý nehmotný majetek / Advances for Long-term Intangible Assets / 长期无形资产预付款","A.I. - Dlouhodobý nehmotný majetek / Long-term Intangible Assets / 长期无形资产","","","1","","Asset","CZK"
"051 - Poskytnuté zálohy na dlouhodobý nehmotný majetek / Advances for Long-term Intangible Assets / 长期无形资产预付款","A.I.8. - Poskytnuté zálohy na dlouhodobý nehmotný majetek / Advances for Long-term Intangible Assets / 长期无形资产预付款","051","","0","","Asset","CZK"
"A.I.9. - Dlouhodobý nehmotný majetek určený k prodeji / Long-term Intangible Assets Held for Sale / 持有待售的长期无形资产","A.I. - Dlouhodobý nehmotný majetek / Long-term Intangible Assets / 长期无形资产","","","1","","Asset","CZK"
"035 - Dlouhodobý nehmotný majetek určený k prodeji / Long-term Intangible Assets Held for Sale / 持有待售的长期无形资产","A.I.9. - Dlouhodobý nehmotný majetek určený k prodeji / Long-term Intangible Assets Held for Sale / 持有待售的长期无形资产","035","","0","","Asset","CZK"
"A.III. - Dlouhodobý finanční majetek / Long-term Financial Assets / 长期金融资产","A. - Stálá aktiva / Fixed Assets / 固定资产","","","1","","Asset","CZK"
"AKTIVA - Aktiva celkem / Total Assets / 总资产","Assets - Aktiva - 资产","","","1","","Asset","CZK"
"B.I.1. - Pořízení materiálu / Acquisition of Materials / 材料采购","B.I. - Zásoby / Inventories / 存货","","","1","","Asset","CZK"
"111 - Pořízení materiálu / Acquisition of Materials / 材料采购","B.I.1. - Pořízení materiálu / Acquisition of Materials / 材料采购","111","","0","","Asset","CZK"
"B.I.2. - Materiál na skladě / Inventory / 库存材料","B.I. - Zásoby / Inventories / 存货","","","1","","Asset","CZK"
"112 - Materiál na skladě / Inventory / 库存材料","B.I.2. - Materiál na skladě / Inventory / 库存材料","112","","0","","Asset","CZK"
"B.I.3. - Materiál na cestě / Materials in Transit / 在途材料","B.I. - Zásoby / Inventories / 存货","","","1","","Asset","CZK"
"119 - Materiál na cestě / Materials in Transit / 在途材料","B.I.3. - Materiál na cestě / Materials in Transit / 在途材料","119","","0","","Asset","CZK"
"B.I.4. - Nedokončená výroba / Work in Progress / 在产品","B.I. - Zásoby / Inventories / 存货","","","1","","Asset","CZK"
"121 - Nedokončená výroba / Work in Progress / 在产品","B.I.4. - Nedokončená výroba / Work in Progress / 在产品","121","","0","","Asset","CZK"
"B.I.5. - Polotovary vlastní výroby / Work in Progress of Own Production / 自产半成品","B.I. - Zásoby / Inventories / 存货","","","1","","Asset","CZK"
"122 - Polotovary vlastní výroby / Work in Progress of Own Production / 自产半成品","B.I.5. - Polotovary vlastní výroby / Work in Progress of Own Production / 自产半成品","122","","0","","Asset","CZK"
"B.I.6. - Výrobky / Inventories / 存货","B.I. - Zásoby / Inventories / 存货","","","1","","Asset","CZK"
"123 - Výrobky / Inventories / 存货","B.I.6. - Výrobky / Inventories / 存货","123","","0","","Asset","CZK"
"B.I.7. - Pořízení zboží / Acquisition of Goods / 商品采购","B.I. - Zásoby / Inventories / 存货","","","1","","Asset","CZK"
"131 - Pořízení zboží / Acquisition of Goods / 商品采购","B.I.7. - Pořízení zboží / Acquisition of Goods / 商品采购","131","","0","","Asset","CZK"
"B.I.8. - Zboží na skladě / Inventory / 存货","B.I. - Zásoby / Inventories / 存货","","","1","","Asset","CZK"
"132 - Zboží na skladě / Inventory / 存货","B.I.8. - Zboží na skladě / Inventory / 存货","132","","0","","Asset","CZK"
"B.I.9. - Zboží na cestě / Goods in Transit / 在途商品","B.I. - Zásoby / Inventories / 存货","","","1","","Asset","CZK"
"138 - Zboží na cestě / Goods in Transit / 在途商品","B.I.9. - Zboží na cestě / Goods in Transit / 在途商品","138","","0","","Asset","CZK"
"B.III. - Krátkodobý finanční majetek / Short-term Financial Assets / 短期金融资产","B. - Oběžná aktiva / Current Assets / 流动资产","","","1","","Asset","CZK"
"C.I.1. - Jmění účetní jednotky / Net Assets of the Accounting Unit / 会计单位的净资产","C.I. - Jmění účetní jednotky a upravující položky / Equity of the Accounting Unit and Adjusting Items / 会计单位净资产及调整项目","","","1","","Equity","CZK"
"401 - Jmění účetní jednotky / Net Assets of the Accounting Unit / 会计单位的净资产","C.I.1. - Jmění účetní jednotky / Net Assets of the Accounting Unit / 会计单位的净资产","401","","0","","Equity","CZK"
"C.I.2. - Fond privatizace / Privatization Fund / 私有化基金","C.I. - Jmění účetní jednotky a upravující položky / Equity of the Accounting Unit and Adjusting Items / 会计单位净资产及调整项目","","","1","","Equity","CZK"
"402 - Fond privatizace / Privatization Fund / 私有化基金","C.I.2. - Fond privatizace / Privatization Fund / 私有化基金","402","","0","","Equity","CZK"
"C.I.3. - Transfery na pořízení dlouhodobého majetku / Transfers for Acquisition of Long-Term Assets / 长期资产购置转移","C.I. - Jmění účetní jednotky a upravující položky / Equity of the Accounting Unit and Adjusting Items / 会计单位净资产及调整项目","","","1","","Equity","CZK"
"403 - Transfery na pořízení dlouhodobého majetku / Transfers for Acquisition of Long-Term Assets / 长期资产购置转移","C.I.3. - Transfery na pořízení dlouhodobého majetku / Transfers for Acquisition of Long-Term Assets / 长期资产购置转移","403","","0","","Equity","CZK"
"C.I.4. - Kurzové rozdíly / Foreign Exchange Differences / 外汇差额","C.I. - Jmění účetní jednotky a upravující položky / Equity of the Accounting Unit and Adjusting Items / 会计单位净资产及调整项目","","","1","","Equity","CZK"
"405 - Kurzové rozdíly / Foreign Exchange Differences / 外汇差额","C.I.4. - Kurzové rozdíly / Foreign Exchange Differences / 外汇差额","405","","0","","Equity","CZK"
"C.I.5. - Oceňovací rozdíly při prvotním použití metody / Revaluation Differences on Initial Application of a Method / 首次重估差异","C.I. - Jmění účetní jednotky a upravující položky / Equity of the Accounting Unit and Adjusting Items / 会计单位净资产及调整项目","","","1","","Equity","CZK"
"406 - Oceňovací rozdíly při prvotním použití metody / Revaluation Differences on Initial Application of a Method / 首次采用方法时的重估差异","C.I.5. - Oceňovací rozdíly při prvotním použití metody / Revaluation Differences on Initial Application of a Method / 首次重估差异","406","","0","","Equity","CZK"
"C.I.6. - Jiné oceňovací rozdíly / Other Revaluation Differences / 其他重估差异","C.I. - Jmění účetní jednotky a upravující položky / Equity of the Accounting Unit and Adjusting Items / 会计单位净资产及调整项目","","","1","","Equity","CZK"
"407 - Jiné oceňovací rozdíly / Other Revaluation Differences / 其他重估差异","C.I.6. - Jiné oceňovací rozdíly / Other Revaluation Differences / 其他重估差异","407","","0","","Equity","CZK"
"C.I.7. - Opravy předcházejících účetních období / Prior Period Adjustments / 前期差错更正","C.I. - Jmění účetní jednotky a upravující položky / Equity of the Accounting Unit and Adjusting Items / 会计单位净资产及调整项目","","","1","","Equity","CZK"
"408 - Opravy předcházejících účetních období / Prior Period Adjustments / 前期差错更正","C.I.7. - Opravy předcházejících účetních období / Prior Period Adjustments / 前期差错更正","408","","0","","Equity","CZK"
"C.III. - Výsledek hospodaření / Operating Result / 经营成果","C. - Vlastní kapitál / Equity / Net Assets / 所有者权益 / 净资产","","","1","","Equity","CZK"
"D.I.1. - Rezervy / Provisions / 预计负债","D.I. - Rezervy / Provisions / 预计负债","","","1","","Liability","CZK"
"441 - Rezervy / Provisions / 预计负债","D.I.1. - Rezervy / Provisions / 预计负债","441","","0","","Liability","CZK"
"D.III. - Krátkodobé závazky / Short-term Liabilities / 短期负债","D. - Cizí zdroje / Liabilities / 负债","","","1","","Liability","CZK"
"PASIVA - Pasiva celkem / Total Liabilities / 总负债","Liabilities - Pasiva - 负债","","","1","","Liability","CZK"
"A.I.1. - Spotřeba materiálu / Consumption of Materials / 材料消耗","A.I. - Náklady z činnosti / Operating Expenses / 经营费用","","","1","","Expense","CZK"
"501 - Spotřeba materiálu / Consumption of Materials / 材料消耗","A.I.1. - Spotřeba materiálu / Consumption of Materials / 材料消耗","501","","0","","Expense","CZK"
"A.I.2. - Spotřeba energie / Energy Consumption / 能源消耗","A.I. - Náklady z činnosti / Operating Expenses / 经营费用","","","1","","Expense","CZK"
"502 - Spotřeba energie / Energy Consumption / 能源消耗","A.I.2. - Spotřeba energie / Energy Consumption / 能源消耗","502","","0","","Expense","CZK"
"A.I.3. - Spotřeba jiných neskladovatelných dodávek / Consumption of Other Non-Stockable Supplies / 其他非库存物资的消耗","A.I. - Náklady z činnosti / Operating Expenses / 经营费用","","","1","","Expense","CZK"
"503 - Spotřeba jiných neskladovatelných dodávek / Consumption of Other Non-Stockable Supplies / 其他非库存物资的消耗","A.I.3. - Spotřeba jiných neskladovatelných dodávek / Consumption of Other Non-Stockable Supplies / 其他非库存物资的消耗","503","","0","","Expense","CZK"
"A.I.4. - Prodané zboží / Goods Sold / 已售商品","A.I. - Náklady z činnosti / Operating Expenses / 经营费用","","","1","","Expense","CZK"
"504 - Prodané zboží / Goods Sold / 已售商品","A.I.4. - Prodané zboží / Goods Sold / 已售商品","504","","0","","Expense","CZK"
"A.I.5. - Aktivace dlouhodobého majetku / Capitalization of Long-term Assets / 长期资产的资本化","A.I. - Náklady z činnosti / Operating Expenses / 经营费用","","","1","","Expense","CZK"
"506 - Aktivace dlouhodobého majetku / Capitalization of Long-term Assets / 长期资产的资本化","A.I.5. - Aktivace dlouhodobého majetku / Capitalization of Long-term Assets / 长期资产的资本化","506","","0","","Expense","CZK"
"A.I.6. - Aktivace oběžného majetku / Capitalization of Current Assets / 流动资产资本化","A.I. - Náklady z činnosti / Operating Expenses / 经营费用","","","1","","Expense","CZK"
"507 - Aktivace oběžného majetku / Capitalization of Current Assets / 流动资产资本化","A.I.6. - Aktivace oběžného majetku / Capitalization of Current Assets / 流动资产资本化","507","","0","","Expense","CZK"
"A.I.7. - Změna stavu zásob vlastní výroby / Change in Inventories of Goods Produced / 自产存货变动","A.I. - Náklady z činnosti / Operating Expenses / 经营费用","","","1","","Expense","CZK"
"508 - Změna stavu zásob vlastní výroby / Change in Inventories of Goods Produced / 自产存货变动","A.I.7. - Změna stavu zásob vlastní výroby / Change in Inventories of Goods Produced / 自产存货变动","508","","0","","Expense","CZK"
"A.I.8. - Opravy a udržování / Repairs and Maintenance / 修理和维护","A.I. - Náklady z činnosti / Operating Expenses / 经营费用","","","1","","Expense","CZK"
"511 - Opravy a udržování / Repairs and Maintenance / 修理和维护","A.I.8. - Opravy a udržování / Repairs and Maintenance / 修理和维护","511","","0","","Expense","CZK"
"A.I.9. - Cestovné / Travel Expenses / 差旅费","A.I. - Náklady z činnosti / Operating Expenses / 经营费用","","","1","","Expense","CZK"
"512 - Cestovné / Travel Expenses / 差旅费","A.I.9. - Cestovné / Travel Expenses / 差旅费","512","","0","","Expense","CZK"
"A.III. - Náklady na transfery / Transfer Costs / 转移成本","A. - NÁKLADY CELKEM / Total Expenses / 总费用","","","1","","Expense","CZK"
"A.V.1. - Daň z příjmů / Income Tax / 所得税","A.V. - Daň z příjmů / Income Tax / 所得税","","","1","","Expense","CZK"
"591 - Daň z příjmů / Income Tax / 所得税","A.V.1. - Daň z příjmů / Income Tax / 所得税","591","","0","","Expense","CZK"
"A.V.2. - Dodatečné odvody daně z příjmů / Additional Income Tax Deductions / 额外所得税扣除","A.V. - Daň z příjmů / Income Tax / 所得税","","","1","","Expense","CZK"
"595 - Dodatečné odvody daně z příjmů / Additional Income Tax Deductions / 额外所得税扣除","A.V.2. - Dodatečné odvody daně z příjmů / Additional Income Tax Deductions / 额外所得税扣除","595","","0","","Expense","CZK"
"B.I.1. - Výnosy z prodeje vlastních výrobků / Revenue from Sale of Own Products / 自产产品销售收入","B.I. - Výnosy z činnosti / Operating Income / 经营收入","","","1","","Income","CZK"
"601 - Výnosy z prodeje vlastních výrobků / Revenue from Sale of Own Products / 自产产品销售收入","B.I.1. - Výnosy z prodeje vlastních výrobků / Revenue from Sale of Own Products / 自产产品销售收入","601","","0","","Income","CZK"
"B.I.2. - Výnosy z prodeje služeb / Revenue from Sale of Services / 销售服务收入","B.I. - Výnosy z činnosti / Operating Income / 经营收入","","","1","","Income","CZK"
"602 - Výnosy z prodeje služeb / Revenue from Sale of Services / 销售服务收入","B.I.2. - Výnosy z prodeje služeb / Revenue from Sale of Services / 销售服务收入","602","","0","","Income","CZK"
"B.I.3. - Výnosy z pronájmu / Rental Income / 租赁收入","B.I. - Výnosy z činnosti / Operating Income / 经营收入","","","1","","Income","CZK"
"603 - Výnosy z pronájmu / Rental Income / 租赁收入","B.I.3. - Výnosy z pronájmu / Rental Income / 租赁收入","603","","0","","Income","CZK"
"B.I.4. - Výnosy z prodaného zboží / Revenue from Sale of Goods / 销售商品收入","B.I. - Výnosy z činnosti / Operating Income / 经营收入","","","1","","Income","CZK"
"604 - Výnosy z prodaného zboží / Revenue from Sale of Goods / 销售商品收入","B.I.4. - Výnosy z prodaného zboží / Revenue from Sale of Goods / 销售商品收入","604","","0","","Income","CZK"
"B.I.5. - Výnosy ze správních poplatků / Revenue from Administrative Fees / 行政费用收入","B.I. - Výnosy z činnosti / Operating Income / 经营收入","","","1","","Income","CZK"
"605 - Výnosy ze správních poplatků / Revenue from Administrative Fees / 行政费用收入","B.I.5. - Výnosy ze správních poplatků / Revenue from Administrative Fees / 行政费用收入","605","","0","","Income","CZK"
"B.I.6. - Výnosy z místních poplatků / Revenues from Local Fees / 地方收费收入","B.I. - Výnosy z činnosti / Operating Income / 经营收入","","","1","","Income","CZK"
"606 - Výnosy z místních poplatků / Revenues from Local Fees / 地方收费收入","B.I.6. - Výnosy z místních poplatků / Revenues from Local Fees / 地方收费收入","606","","0","","Income","CZK"
"B.I.7. - Výnosy ze soudních poplatků / Revenue from Court Fees / 法院费用收入","B.I. - Výnosy z činnosti / Operating Income / 经营收入","","","1","","Income","CZK"
"607 - Výnosy ze soudních poplatků / Revenue from Court Fees / 法院费用收入","B.I.7. - Výnosy ze soudních poplatků / Revenue from Court Fees / 法院费用收入","607","","0","","Income","CZK"
"B.I.8. - Jiné výnosy z vlastních výkonů / Other Income from Own Activities / 其他自身活动收入","B.I. - Výnosy z činnosti / Operating Income / 经营收入","","","1","","Income","CZK"
"609 - Jiné výnosy z vlastních výkonů / Other Income from Own Activities / 其他自身活动收入","B.I.8. - Jiné výnosy z vlastních výkonů / Other Income from Own Activities / 其他自身活动收入","609","","0","","Income","CZK"
"B.I.9. - Smluvní pokuty a úroky z prodlení / Contract Penalties and Delay Interest / 合同违约金及迟延利息","B.I. - Výnosy z činnosti / Operating Income / 经营收入","","","1","","Income","CZK"
"641 - Smluvní pokuty a úroky z prodlení / Contract Penalties and Delay Interest / 合同违约金及迟延利息","B.I.9. - Smluvní pokuty a úroky z prodlení / Contract Penalties and Delay Interest / 合同违约金及迟延利息","641","","0","","Income","CZK"
"B.III. - Výnosy z daní a poplatků / Revenue from Taxes and Fees / 税收和费用收入","B. - VÝNOSY CELKEM / Total Revenues / 总收入","","","1","","Income","CZK"
"B.V.1. - Výnosy ze sdílené daně z příjmů fyzických osob / Revenue from Shared Income Tax on Individuals / 共享个人所得税收入","B.V. - Výnosy ze sdílených daní a poplatků / Revenue from Shared Taxes and Fees / 共享税和费用的收入","","","1","","Income","CZK"
"681 - Výnosy ze sdílené daně z příjmů fyzických osob / Revenue from Shared Income Tax on Individuals / 共享个人所得税收入","B.V.1. - Výnosy ze sdílené daně z příjmů fyzických osob / Revenue from Shared Income Tax on Individuals / 共享个人所得税收入","681","","0","","Income","CZK"
"B.V.2. - Výnosy ze sdílené daně z příjmů právnických osob / Revenues from Shared Income Tax on Legal Entities / 共享法人所得税收入","B.V. - Výnosy ze sdílených daní a poplatků / Revenue from Shared Taxes and Fees / 共享税和费用的收入","","","1","","Income","CZK"
"682 - Výnosy ze sdílené daně z příjmů právnických osob / Revenues from Shared Income Tax on Legal Entities / 共享法人所得税收入","B.V.2. - Výnosy ze sdílené daně z příjmů právnických osob / Revenues from Shared Income Tax on Legal Entities / 共享法人所得税收入","682","","0","","Income","CZK"
"B.V.3. - Výnosy ze sdílené daně z přidané hodnoty / Revenue from Shared Value Added Tax / 共享增值税收入","B.V. - Výnosy ze sdílených daní a poplatků / Revenue from Shared Taxes and Fees / 共享税和费用的收入","","","1","","Income","CZK"
"684 - Výnosy ze sdílené daně z přidané hodnoty / Revenue from Shared Value Added Tax / 共享增值税收入","B.V.3. - Výnosy ze sdílené daně z přidané hodnoty / Revenue from Shared Value Added Tax / 共享增值税收入","684","","0","","Income","CZK"
"B.V.4. - Výnosy ze sdílených spotřebních daní / Revenues from Shared Consumption Taxes / 共享消费税收入","B.V. - Výnosy ze sdílených daní a poplatků / Revenue from Shared Taxes and Fees / 共享税和费用的收入","","","1","","Income","CZK"
"685 - Výnosy ze sdílených spotřebních daní / Revenues from Shared Consumption Taxes / 共享消费税收入","B.V.4. - Výnosy ze sdílených spotřebních daní / Revenues from Shared Consumption Taxes / 共享消费税收入","685","","0","","Income","CZK"
"B.V.5. - Výnosy ze sdílených majetkových daní / Revenue from Shared Property Taxes / 共享财产税收入","B.V. - Výnosy ze sdílených daní a poplatků / Revenue from Shared Taxes and Fees / 共享税和费用的收入","","","1","","Income","CZK"
"686 - Výnosy ze sdílených majetkových daní / Revenue from Shared Property Taxes / 共享财产税收入","B.V.5. - Výnosy ze sdílených majetkových daní / Revenue from Shared Property Taxes / 共享财产税收入","686","","0","","Income","CZK"
"B.V.6. - Výnosy z ostatních sdílených daní a poplatků / Revenue from Other Shared Taxes and Fees / 其他共享税和费用收入","B.V. - Výnosy ze sdílených daní a poplatků / Revenue from Shared Taxes and Fees / 共享税和费用的收入","","","1","","Income","CZK"
"688 - Výnosy z ostatních sdílených daní a poplatků / Revenue from Other Shared Taxes and Fees / 其他共享税和费用收入","B.V.6. - Výnosy z ostatních sdílených daní a poplatků / Revenue from Other Shared Taxes and Fees / 其他共享税和费用收入","688","","0","","Income","CZK"
"A.II.1. - Pozemky / Land / 土地","A.II. - Dlouhodobý hmotný majetek / Long-term Tangible Assets / 长期有形资产","","","1","","Asset","CZK"
"031 - Pozemky / Land / 土地","A.II.1. - Pozemky / Land / 土地","031","","0","","Asset","CZK"
"A.II.2. - Kulturní předměty / Cultural Assets / 文化资产","A.II. - Dlouhodobý hmotný majetek / Long-term Tangible Assets / 长期有形资产","","","1","","Asset","CZK"
"032 - Kulturní předměty / Cultural Assets / 文化资产","A.II.2. - Kulturní předměty / Cultural Assets / 文化资产","032","","0","","Asset","CZK"
"A.II.3. - Stavby / Construction in Progress / 在建工程","A.II. - Dlouhodobý hmotný majetek / Long-term Tangible Assets / 长期有形资产","","","1","","Asset","CZK"
"021 - Stavby / Construction in Progress / 在建工程","A.II.3. - Stavby / Construction in Progress / 在建工程","021","","0","","Asset","CZK"
"A.II.4. - Samostatné hmotné movité věci a soubory hmotných movitých věcí / Tang. Movable Prop. / 有形动产","A.II. - Dlouhodobý hmotný majetek / Long-term Tangible Assets / 长期有形资产","","","1","","Asset","CZK"
"022 - Samostatné hmotné movité věci a soubory hmotných movitých věcí / Tang. Movable Prop. / 有形动产","A.II.4. - Samostatné hmotné movité věci a soubory hmotných movitých věcí / Tang. Movable Prop. / 有形动产","022","","0","","Asset","CZK"
"A.II.5. - Pěstitelské celky trvalých porostů / Perennial Plantations / 多年生种植园","A.II. - Dlouhodobý hmotný majetek / Long-term Tangible Assets / 长期有形资产","","","1","","Asset","CZK"
"025 - Pěstitelské celky trvalých porostů / Perennial Plantations / 多年生种植园","A.II.5. - Pěstitelské celky trvalých porostů / Perennial Plantations / 多年生种植园","025","","0","","Asset","CZK"
"A.II.6. - Drobný dlouhodobý hmotný majetek / Minor Long-term Tangible Assets / 次要长期有形资产","A.II. - Dlouhodobý hmotný majetek / Long-term Tangible Assets / 长期有形资产","","","1","","Asset","CZK"
"028 - Drobný dlouhodobý hmotný majetek / Minor Long-term Tangible Assets / 次要长期有形资产","A.II.6. - Drobný dlouhodobý hmotný majetek / Minor Long-term Tangible Assets / 次要长期有形资产","028","","0","","Asset","CZK"
"A.II.7. - Ostatní dlouhodobý hmotný majetek / Other Long-term Tangible Assets / 其他长期有形资产","A.II. - Dlouhodobý hmotný majetek / Long-term Tangible Assets / 长期有形资产","","","1","","Asset","CZK"
"029 - Ostatní dlouhodobý hmotný majetek / Other Long-term Tangible Assets / 其他长期有形资产","A.II.7. - Ostatní dlouhodobý hmotný majetek / Other Long-term Tangible Assets / 其他长期有形资产","029","","0","","Asset","CZK"
"A.II.8. - Nedokončený dlouhodobý hmotný majetek / Incomplete Long-Term Tangible Assets / 未完成长期有形资产","A.II. - Dlouhodobý hmotný majetek / Long-term Tangible Assets / 长期有形资产","","","1","","Asset","CZK"
"042 - Nedokončený dlouhodobý hmotný majetek / Incomplete Long-Term Tangible Assets / 未完成长期有形资产","A.II.8. - Nedokončený dlouhodobý hmotný majetek / Incomplete Long-Term Tangible Assets / 未完成长期有形资产","042","","0","","Asset","CZK"
"A.II.9. - Poskytnuté zálohy na dlouhodobý hmotný majetek / Advances for Long-term Property, Plant, and Equipment / 长期资产预付款","A.II. - Dlouhodobý hmotný majetek / Long-term Tangible Assets / 长期有形资产","","","1","","Asset","CZK"
"052 - Poskytnuté zálohy na dlouhodobý hmotný majetek / Advances for Long-term Property, Plant, and Equipment / 长期资产预付款","A.II.9. - Poskytnuté zálohy na dlouhodobý hmotný majetek / Advances for Long-term Property, Plant, and Equipment / 长期资产预付款","052","","0","","Asset","CZK"
"A.IV.1. - Poskytnuté návratné finanční výpomoci dlouhodobé / Long-term Recourse Financial Assistance Provided / 提供的长期有追索权财务援助","A.IV. - Dlouhodobé pohledávky / Long-term Receivables / 长期应收款","","","1","","Asset","CZK"
"462 - Poskytnuté návratné finanční výpomoci dlouhodobé / Long-term Recourse Financial Assistance Provided / 提供的长期有追索权财务援助","A.IV.1. - Poskytnuté návratné finanční výpomoci dlouhodobé / Long-term Recourse Financial Assistance Provided / 提供的长期有追索权财务援助","462","","0","","Asset","CZK"
"A.IV.2. - Dlouhodobé pohledávky z postoupených úvěrů / Long-Term Receivables from Assigned Loans / 长期应收已分配贷款","A.IV. - Dlouhodobé pohledávky / Long-term Receivables / 长期应收款","","","1","","Asset","CZK"
"464 - Dlouhodobé pohledávky z postoupených úvěrů / Long-Term Receivables from Assigned Loans / 长期应收已分配贷款","A.IV.2. - Dlouhodobé pohledávky z postoupených úvěrů / Long-Term Receivables from Assigned Loans / 长期应收已分配贷款","464","","0","","Asset","CZK"
"A.IV.3. - Dlouhodobé poskytnuté zálohy / Long-term Advances Provided / 提供的长期预付款","A.IV. - Dlouhodobé pohledávky / Long-term Receivables / 长期应收款","","","1","","Asset","CZK"
"465 - Dlouhodobé poskytnuté zálohy / Long-term Advances Provided / 提供的长期预付款","A.IV.3. - Dlouhodobé poskytnuté zálohy / Long-term Advances Provided / 提供的长期预付款","465","","0","","Asset","CZK"
"A.IV.4. - Dlouhodobé pohledávky z ručení / Long-term Receivables from Guarantees / 长期担保应收款项","A.IV. - Dlouhodobé pohledávky / Long-term Receivables / 长期应收款","","","1","","Asset","CZK"
"466 - Dlouhodobé pohledávky z ručení / Long-term Receivables from Guarantees / 长期担保应收款项","A.IV.4. - Dlouhodobé pohledávky z ručení / Long-term Receivables from Guarantees / 长期担保应收款项","466","","0","","Asset","CZK"
"A.IV.5. - Ostatní dlouhodobé pohledávky / Other Long-Term Receivables / 其他长期应收款","A.IV. - Dlouhodobé pohledávky / Long-term Receivables / 长期应收款","","","1","","Asset","CZK"
"469 - Ostatní dlouhodobé pohledávky / Other Long-Term Receivables / 其他长期应收款","A.IV.5. - Ostatní dlouhodobé pohledávky / Other Long-Term Receivables / 其他长期应收款","469","","0","","Asset","CZK"
"A.IV.6. - Dlouhodobé poskytnuté zálohy na transfery / Long-term Advances for Transfers / 长期转移预付款","A.IV. - Dlouhodobé pohledávky / Long-term Receivables / 长期应收款","","","1","","Asset","CZK"
"471 - Dlouhodobé poskytnuté zálohy na transfery / Long-term Advances for Transfers / 长期转移预付款","A.IV.6. - Dlouhodobé poskytnuté zálohy na transfery / Long-term Advances for Transfers / 长期转移预付款","471","","0","","Asset","CZK"
"A.IV.7. - Dlouhodobé zprostředkování transferů / Long-term Transfer Intermediation / 长期转移中介","A.IV. - Dlouhodobé pohledávky / Long-term Receivables / 长期应收款","","","1","","Asset","CZK"
"475 - Dlouhodobé zprostředkování transferů / Long-term Transfer Intermediation / 长期转移中介","A.IV.7. - Dlouhodobé zprostředkování transferů / Long-term Transfer Intermediation / 长期转移中介","475","","0","","Asset","CZK"
"B.I.10. - Ostatní zásoby / Other Inventories / 其他存货","B.I. - Zásoby / Inventories / 存货","","","1","","Asset","CZK"
"139 - Ostatní zásoby / Other Inventories / 其他存货","B.I.10. - Ostatní zásoby / Other Inventories / 其他存货","139","","0","","Asset","CZK"
"B.II.1. - Odběratelé / Customers / 客户","B.II. - Krátkodobé pohledávky / Short-term Receivables / 短期应收款项","","","1","","Asset","CZK"
"311 - Odběratelé / Customers / 客户","B.II.1. - Odběratelé / Customers / 客户","311","","0","","Asset","CZK"
"B.II.2. - Směnky k inkasu / Bills Receivable / 应收票据","B.II. - Krátkodobé pohledávky / Short-term Receivables / 短期应收款项","","","1","","Asset","CZK"
"312 - Směnky k inkasu / Bills Receivable / 应收票据","B.II.2. - Směnky k inkasu / Bills Receivable / 应收票据","312","","0","","Asset","CZK"
"B.II.3. - Pohledávky za eskontované cenné papíry / Receivables from Discounted Securities / 贴现证券应收款","B.II. - Krátkodobé pohledávky / Short-term Receivables / 短期应收款项","","","1","","Asset","CZK"
"313 - Pohledávky za eskontované cenné papíry / Receivables from Discounted Securities / 贴现证券应收款","B.II.3. - Pohledávky za eskontované cenné papíry / Receivables from Discounted Securities / 贴现证券应收款","313","","0","","Asset","CZK"
"B.II.4. - Krátkodobé poskytnuté zálohy / Short-term Advances Provided / 短期预付款","B.II. - Krátkodobé pohledávky / Short-term Receivables / 短期应收款项","","","1","","Asset","CZK"
"314 - Krátkodobé poskytnuté zálohy / Short-term Advances Provided / 短期预付款","B.II.4. - Krátkodobé poskytnuté zálohy / Short-term Advances Provided / 短期预付款","314","","0","","Asset","CZK"
"B.II.5. - Jiné pohledávky z hlavní činnosti / Other Receivables from Main Activities / 主营业务其他应收款","B.II. - Krátkodobé pohledávky / Short-term Receivables / 短期应收款项","","","1","","Asset","CZK"
"315 - Jiné pohledávky z hlavní činnosti / Other Receivables from Main Activities / 主营业务其他应收款","B.II.5. - Jiné pohledávky z hlavní činnosti / Other Receivables from Main Activities / 主营业务其他应收款","315","","0","","Asset","CZK"
"B.II.6. - Poskytnuté návratné finanční výpomoci krátkodobé / Short-term Reimbursable Financial Assistance / 短期可偿还财务援助","B.II. - Krátkodobé pohledávky / Short-term Receivables / 短期应收款项","","","1","","Asset","CZK"
"316 - Poskytnuté návratné finanční výpomoci krátkodobé / Short-term Reimbursable Financial Assistance / 短期可偿还财务援助","B.II.6. - Poskytnuté návratné finanční výpomoci krátkodobé / Short-term Reimbursable Financial Assistance / 短期可偿还财务援助","316","","0","","Asset","CZK"
"B.II.7. - Krátkodobé pohledávky z postoupených úvěrů / Short-term Receivables from Assigned Loans / 转让贷款的短期应收款项","B.II. - Krátkodobé pohledávky / Short-term Receivables / 短期应收款项","","","1","","Asset","CZK"
"317 - Krátkodobé pohledávky z postoupených úvěrů / Short-term Receivables from Assigned Loans / 转让贷款的短期应收款项","B.II.7. - Krátkodobé pohledávky z postoupených úvěrů / Short-term Receivables from Assigned Loans / 转让贷款的短期应收款项","317","","0","","Asset","CZK"
"B.II.8. - Pohledávky z přerozdělovaných daní / Receivables from Reallocated Taxes / 再分配税款的应收账款","B.II. - Krátkodobé pohledávky / Short-term Receivables / 短期应收款项","","","1","","Asset","CZK"
"319 - Pohledávky z přerozdělovaných daní / Receivables from Reallocated Taxes / 再分配税款的应收账款","B.II.8. - Pohledávky z přerozdělovaných daní / Receivables from Reallocated Taxes / 再分配税款的应收账款","319","","0","","Asset","CZK"
"B.II.9. - Pohledávky za zaměstnanci / Employee Receivables / 员工应收款项","B.II. - Krátkodobé pohledávky / Short-term Receivables / 短期应收款项","","","1","","Asset","CZK"
"335 - Pohledávky za zaměstnanci / Employee Receivables / 员工应收款项","B.II.9. - Pohledávky za zaměstnanci / Employee Receivables / 员工应收款项","335","","0","","Asset","CZK"
"C.II.1. - Fond odměn / Compensation Fund / 薪酬基金","C.II. - Fondy účetní jednotky / Accounting Unit Funds / 会计单位基金","","","1","","Equity","CZK"
"411 - Fond odměn / Compensation Fund / 薪酬基金","C.II.1. - Fond odměn / Compensation Fund / 薪酬基金","411","","0","","Equity","CZK"
"C.II.2. - Fond kulturních a sociálních potřeb / Fund for Cultural and Social Needs / 文化和社会需求基金","C.II. - Fondy účetní jednotky / Accounting Unit Funds / 会计单位基金","","","1","","Equity","CZK"
"412 - Fond kulturních a sociálních potřeb / Fund for Cultural and Social Needs / 文化和社会需求基金","C.II.2. - Fond kulturních a sociálních potřeb / Fund for Cultural and Social Needs / 文化和社会需求基金","412","","0","","Equity","CZK"
"C.II.3. - Rezervní fond tvořený ze zlepšeného výsledku hospodaření / Provision Fund from Improved Operating Results / 经营改善准备金","C.II. - Fondy účetní jednotky / Accounting Unit Funds / 会计单位基金","","","1","","Equity","CZK"
"413 - Rezervní fond tvořený ze zlepšeného výsledku hospodaření / Provision Fund from Improved Operating Results / 经营改善准备金","C.II.3. - Rezervní fond tvořený ze zlepšeného výsledku hospodaření / Provision Fund from Improved Operating Results / 经营改善准备金","413","","0","","Equity","CZK"
"C.II.4. - Rezervní fond z ostatních titulů / Provision Fund from Other Titles / 其他标题的预计负债基金","C.II. - Fondy účetní jednotky / Accounting Unit Funds / 会计单位基金","","","1","","Equity","CZK"
"414 - Rezervní fond z ostatních titulů / Provision Fund from Other Titles / 其他标题的预计负债基金","C.II.4. - Rezervní fond z ostatních titulů / Provision Fund from Other Titles / 其他标题的预计负债基金","414","","0","","Equity","CZK"
"C.II.5. - Fond reprodukce majetku, fond investic / Asset Reproduction Fund, Investment Fund / 资产再生产基金、投资基金","C.II. - Fondy účetní jednotky / Accounting Unit Funds / 会计单位基金","","","1","","Equity","CZK"
"416 - Fond reprodukce majetku, fond investic / Asset Reproduction Fund, Investment Fund / 资产再生产基金、投资基金","C.II.5. - Fond reprodukce majetku, fond investic / Asset Reproduction Fund, Investment Fund / 资产再生产基金、投资基金","416","","0","","Equity","CZK"
"C.II.6. - Ostatní fondy / Other Funds / 其他基金","C.II. - Fondy účetní jednotky / Accounting Unit Funds / 会计单位基金","","","1","","Equity","CZK"
"419 - Ostatní fondy / Other Funds / 其他基金","C.II.6. - Ostatní fondy / Other Funds / 其他基金","419","","0","","Equity","CZK"
"C.IV.1. - Příjmový účet organizačních složek státu / Revenue Account of State Budgetary Organizations / 国家预算单位收入账户","C.IV. - Příjmový a výdajový účet rozpočtového hospodaření / Budgetary Revenue and Expenditure Account / 预算收支账户","","","1","","Equity","CZK"
"222 - Příjmový účet organizačních složek státu / Revenue Account of State Budgetary Organizations / 国家预算单位收入账户","C.IV.1. - Příjmový účet organizačních složek státu / Revenue Account of State Budgetary Organizations / 国家预算单位收入账户","222","","0","","Equity","CZK"
"C.IV.2. - Zvláštní výdajový účet / Special Expenditure Account / 特别支出账户","C.IV. - Příjmový a výdajový účet rozpočtového hospodaření / Budgetary Revenue and Expenditure Account / 预算收支账户","","","1","","Equity","CZK"
"223 - Zvláštní výdajový účet / Special Expenditure Account / 特别支出账户","C.IV.2. - Zvláštní výdajový účet / Special Expenditure Account / 特别支出账户","223","","0","","Equity","CZK"
"C.IV.3. - Účet hospodaření státního rozpočtu / State Budget Management Account / 国家预算管理账户","C.IV. - Příjmový a výdajový účet rozpočtového hospodaření / Budgetary Revenue and Expenditure Account / 预算收支账户","","","1","","Equity","CZK"
"227 - Účet hospodaření státního rozpočtu / State Budget Management Account / 国家预算管理账户","C.IV.3. - Účet hospodaření státního rozpočtu / State Budget Management Account / 国家预算管理账户","227","","0","","Equity","CZK"
"C.IV.4. - Agregované příjmy a výdaje předcházejících účetních období / Agg. Rev. & Exp. Prior Periods / 前期汇总收入费用","C.IV. - Příjmový a výdajový účet rozpočtového hospodaření / Budgetary Revenue and Expenditure Account / 预算收支账户","","","1","","Equity","CZK"
"404 - Agregované příjmy a výdaje předcházejících účetních období / Agg. Rev. & Exp. Prior Periods / 前期汇总收入费用","C.IV.4. - Agregované příjmy a výdaje předcházejících účetních období / Agg. Rev. & Exp. Prior Periods / 前期汇总收入费用","404","","0","","Equity","CZK"
"D.II.1. - Dlouhodobé úvěry / Long-Term Loans / 长期借款","D.II. - Dlouhodobé závazky / Long-term Liabilities / 长期负债","","","1","","Liability","CZK"
"451 - Dlouhodobé úvěry / Long-Term Loans / 长期借款","D.II.1. - Dlouhodobé úvěry / Long-Term Loans / 长期借款","451","","0","","Liability","CZK"
"D.II.2. - Přijaté návratné finanční výpomoci dlouhodobé / Long-Term Reimbursable Financial Assistance Received / 收到的长期可偿还财务援助","D.II. - Dlouhodobé závazky / Long-term Liabilities / 长期负债","","","1","","Liability","CZK"
"452 - Přijaté návratné finanční výpomoci dlouhodobé / Long-Term Reimbursable Financial Assistance Received / 收到的长期可偿还财务援助","D.II.2. - Přijaté návratné finanční výpomoci dlouhodobé / Long-Term Reimbursable Financial Assistance Received / 收到的长期可偿还财务援助","452","","0","","Liability","CZK"
"D.II.3. - Dlouhodobé závazky z vydaných dluhopisů / Long-Term Liabilities from Issued Bonds / 发行债券形成的长期负债","D.II. - Dlouhodobé závazky / Long-term Liabilities / 长期负债","","","1","","Liability","CZK"
"453 - Dlouhodobé závazky z vydaných dluhopisů / Long-Term Liabilities from Issued Bonds / 发行债券形成的长期负债","D.II.3. - Dlouhodobé závazky z vydaných dluhopisů / Long-Term Liabilities from Issued Bonds / 发行债券形成的长期负债","453","","0","","Liability","CZK"
"D.II.4. - Dlouhodobé přijaté zálohy / Long-term Deposits Received / 长期收到的押金","D.II. - Dlouhodobé závazky / Long-term Liabilities / 长期负债","","","1","","Liability","CZK"
"455 - Dlouhodobé přijaté zálohy / Long-term Deposits Received / 长期收到的押金","D.II.4. - Dlouhodobé přijaté zálohy / Long-term Deposits Received / 长期收到的押金","455","","0","","Liability","CZK"
"D.II.5. - Dlouhodobé závazky z ručení / Long-term Provisions for Guarantees / 长期预计负债（担保）","D.II. - Dlouhodobé závazky / Long-term Liabilities / 长期负债","","","1","","Liability","CZK"
"456 - Dlouhodobé závazky z ručení / Long-term Provisions for Guarantees / 长期预计负债（担保）","D.II.5. - Dlouhodobé závazky z ručení / Long-term Provisions for Guarantees / 长期预计负债（担保）","456","","0","","Liability","CZK"
"D.II.6. - Dlouhodobé směnky k úhradě / Long-term Bills Payable / 长期应付票据","D.II. - Dlouhodobé závazky / Long-term Liabilities / 长期负债","","","1","","Liability","CZK"
"457 - Dlouhodobé směnky k úhradě / Long-term Bills Payable / 长期应付票据","D.II.6. - Dlouhodobé směnky k úhradě / Long-term Bills Payable / 长期应付票据","457","","0","","Liability","CZK"
"D.II.7. - Ostatní dlouhodobé závazky / Other Long-term Liabilities / 其他长期负债","D.II. - Dlouhodobé závazky / Long-term Liabilities / 长期负债","","","1","","Liability","CZK"
"459 - Ostatní dlouhodobé závazky / Other Long-term Liabilities / 其他长期负债","D.II.7. - Ostatní dlouhodobé závazky / Other Long-term Liabilities / 其他长期负债","459","","0","","Liability","CZK"
"D.II.8. - Dlouhodobé přijaté zálohy na transfery / Long-term Advance Payments Received for Transfers / 长期收到的转移预付款","D.II. - Dlouhodobé závazky / Long-term Liabilities / 长期负债","","","1","","Liability","CZK"
"472 - Dlouhodobé přijaté zálohy na transfery / Long-term Advance Payments Received for Transfers / 长期收到的转移预付款","D.II.8. - Dlouhodobé přijaté zálohy na transfery / Long-term Advance Payments Received for Transfers / 长期收到的转移预付款","472","","0","","Liability","CZK"
"D.II.9. - Dlouhodobé zprostředkování transferů / Long-term Transfer Intermediation / 长期转移中介","D.II. - Dlouhodobé závazky / Long-term Liabilities / 长期负债","","","1","","Liability","CZK"
"475-L - Dlouhodobé zprostředkování transferů / Long-term Transfer Intermediation / 长期转移中介","D.II.9. - Dlouhodobé zprostředkování transferů / Long-term Transfer Intermediation / 长期转移中介","475-L","","0","","Liability","CZK"
"A.I.10. - Náklady na reprezentaci / Representation Expenses / 代表费用","A.I. - Náklady z činnosti / Operating Expenses / 经营费用","","","1","","Expense","CZK"
"513 - Náklady na reprezentaci / Representation Expenses / 代表费用","A.I.10. - Náklady na reprezentaci / Representation Expenses / 代表费用","513","","0","","Expense","CZK"
"A.I.11. - Aktivace vnitroorganizačních služeb / Activation of Internal Organizational Services / 内部组织服务激活","A.I. - Náklady z činnosti / Operating Expenses / 经营费用","","","1","","Expense","CZK"
"516 - Aktivace vnitroorganizačních služeb / Activation of Internal Organizational Services / 内部组织服务激活","A.I.11. - Aktivace vnitroorganizačních služeb / Activation of Internal Organizational Services / 内部组织服务激活","516","","0","","Expense","CZK"
"A.I.12. - Ostatní služby / Other Services / 其他服务","A.I. - Náklady z činnosti / Operating Expenses / 经营费用","","","1","","Expense","CZK"
"518 - Ostatní služby / Other Services / 其他服务","A.I.12. - Ostatní služby / Other Services / 其他服务","518","","0","","Expense","CZK"
"A.I.13. - Mzdové náklady / Wages and Salaries Expense / 工资及薪金费用","A.I. - Náklady z činnosti / Operating Expenses / 经营费用","","","1","","Expense","CZK"
"521 - Mzdové náklady / Wages and Salaries Expense / 工资及薪金费用","A.I.13. - Mzdové náklady / Wages and Salaries Expense / 工资及薪金费用","521","","0","","Expense","CZK"
"A.I.14. - Zákonné sociální pojištění / Statutory Social Insurance / 法定社会保险","A.I. - Náklady z činnosti / Operating Expenses / 经营费用","","","1","","Expense","CZK"
"524 - Zákonné sociální pojištění / Statutory Social Insurance / 法定社会保险","A.I.14. - Zákonné sociální pojištění / Statutory Social Insurance / 法定社会保险","524","","0","","Expense","CZK"
"A.I.15. - Jiné sociální pojištění / Other Social Insurance / 其他社会保险","A.I. - Náklady z činnosti / Operating Expenses / 经营费用","","","1","","Expense","CZK"
"525 - Jiné sociální pojištění / Other Social Insurance / 其他社会保险","A.I.15. - Jiné sociální pojištění / Other Social Insurance / 其他社会保险","525","","0","","Expense","CZK"
"A.I.16. - Zákonné sociální náklady / Statutory Social Costs / 法定社会保障费用","A.I. - Náklady z činnosti / Operating Expenses / 经营费用","","","1","","Expense","CZK"
"527 - Zákonné sociální náklady / Statutory Social Costs / 法定社会保障费用","A.I.16. - Zákonné sociální náklady / Statutory Social Costs / 法定社会保障费用","527","","0","","Expense","CZK"
"A.I.17. - Jiné sociální náklady / Other Social Expenses / 其他社会费用","A.I. - Náklady z činnosti / Operating Expenses / 经营费用","","","1","","Expense","CZK"
"528 - Jiné sociální náklady / Other Social Expenses / 其他社会费用","A.I.17. - Jiné sociální náklady / Other Social Expenses / 其他社会费用","528","","0","","Expense","CZK"
"A.I.18. - Daň silniční / Road Tax / 道路税","A.I. - Náklady z činnosti / Operating Expenses / 经营费用","","","1","","Expense","CZK"
"531 - Daň silniční / Road Tax / 道路税","A.I.18. - Daň silniční / Road Tax / 道路税","531","","0","","Expense","CZK"
"A.I.19. - Daň z nemovitostí / Property Tax / 房产税","A.I. - Náklady z činnosti / Operating Expenses / 经营费用","","","1","","Expense","CZK"
"532 - Daň z nemovitostí / Property Tax / 房产税","A.I.19. - Daň z nemovitostí / Property Tax / 房产税","532","","0","","Expense","CZK"
"A.I.20. - Jiné daně a poplatky / Other Taxes and Fees / 其他税和费用","A.I. - Náklady z činnosti / Operating Expenses / 经营费用","","","1","","Expense","CZK"
"538 - Jiné daně a poplatky / Other Taxes and Fees / 其他税和费用","A.I.20. - Jiné daně a poplatky / Other Taxes and Fees / 其他税和费用","538","","0","","Expense","CZK"
"A.I.21. - Vratky nepřímých daní / Refunds of Indirect Taxes / 间接税退税","A.I. - Náklady z činnosti / Operating Expenses / 经营费用","","","1","","Expense","CZK"
"539 - Vratky nepřímých daní / Refunds of Indirect Taxes / 间接税退税","A.I.21. - Vratky nepřímých daní / Refunds of Indirect Taxes / 间接税退税","539","","0","","Expense","CZK"
"A.I.22. - Smluvní pokuty a úroky z prodlení / Contract Penalties and Delay Interest / 合同违约金及迟延利息","A.I. - Náklady z činnosti / Operating Expenses / 经营费用","","","1","","Expense","CZK"
"541 - Smluvní pokuty a úroky z prodlení / Contract Penalties and Delay Interest / 合同违约金及迟延利息","A.I.22. - Smluvní pokuty a úroky z prodlení / Contract Penalties and Delay Interest / 合同违约金及迟延利息","541","","0","","Expense","CZK"
"A.I.23. - Jiné pokuty a penále / Other Fines and Penalties / 其他罚款和罚金","A.I. - Náklady z činnosti / Operating Expenses / 经营费用","","","1","","Expense","CZK"
"542 - Jiné pokuty a penále / Other Fines and Penalties / 其他罚款和罚金","A.I.23. - Jiné pokuty a penále / Other Fines and Penalties / 其他罚款和罚金","542","","0","","Expense","CZK"
"A.I.24. - Dary a jiná bezúplatná předání / Donations and Other Grants / 捐赠及其他无偿转让","A.I. - Náklady z činnosti / Operating Expenses / 经营费用","","","1","","Expense","CZK"
"543 - Dary a jiná bezúplatná předání / Donations and Other Grants / 捐赠及其他无偿转让","A.I.24. - Dary a jiná bezúplatná předání / Donations and Other Grants / 捐赠及其他无偿转让","543","","0","","Expense","CZK"
"A.I.25. - Prodaný materiál / Sold Materials / 已售材料","A.I. - Náklady z činnosti / Operating Expenses / 经营费用","","","1","","Expense","CZK"
"544 - Prodaný materiál / Sold Materials / 已售材料","A.I.25. - Prodaný materiál / Sold Materials / 已售材料","544","","0","","Expense","CZK"
"A.I.26. - Manka a škody / Shortages and Damages / 短缺和毁损","A.I. - Náklady z činnosti / Operating Expenses / 经营费用","","","1","","Expense","CZK"
"547 - Manka a škody / Shortages and Damages / 短缺和毁损","A.I.26. - Manka a škody / Shortages and Damages / 短缺和毁损","547","","0","","Expense","CZK"
"A.I.27. - Tvorba fondů / Creation of Funds / 基金的设立","A.I. - Náklady z činnosti / Operating Expenses / 经营费用","","","1","","Expense","CZK"
"548 - Tvorba fondů / Creation of Funds / 基金的设立","A.I.27. - Tvorba fondů / Creation of Funds / 基金的设立","548","","0","","Expense","CZK"
"A.I.28. - Odpisy dlouhodobého majetku / Amortization of Long-term Assets / 长期资产摊销","A.I. - Náklady z činnosti / Operating Expenses / 经营费用","","","1","","Expense","CZK"
"551 - Odpisy dlouhodobého majetku / Amortization of Long-term Assets / 长期资产摊销","A.I.28. - Odpisy dlouhodobého majetku / Amortization of Long-term Assets / 长期资产摊销","551","","0","","Expense","CZK"
"A.I.29. - Prodaný dlouhodobý nehmotný majetek / Disposal of Long-term Intangible Assets / 长期无形资产处置","A.I. - Náklady z činnosti / Operating Expenses / 经营费用","","","1","","Expense","CZK"
"552 - Prodaný dlouhodobý nehmotný majetek / Disposal of Long-term Intangible Assets / 长期无形资产处置","A.I.29. - Prodaný dlouhodobý nehmotný majetek / Disposal of Long-term Intangible Assets / 长期无形资产处置","552","","0","","Expense","CZK"
"A.I.30. - Prodaný dlouhodobý hmotný majetek / Sold Long-Term Tangible Assets / 已售长期有形资产","A.I. - Náklady z činnosti / Operating Expenses / 经营费用","","","1","","Expense","CZK"
"553 - Prodaný dlouhodobý hmotný majetek / Sold Long-Term Tangible Assets / 已售长期有形资产","A.I.30. - Prodaný dlouhodobý hmotný majetek / Sold Long-Term Tangible Assets / 已售长期有形资产","553","","0","","Expense","CZK"
"A.I.31. - Prodané pozemky / Proceeds from Sale of Land / 土地出售收入","A.I. - Náklady z činnosti / Operating Expenses / 经营费用","","","1","","Expense","CZK"
"554 - Prodané pozemky / Proceeds from Sale of Land / 土地出售收入","A.I.31. - Prodané pozemky / Proceeds from Sale of Land / 土地出售收入","554","","0","","Expense","CZK"
"A.I.32. - Tvorba a zúčtování rezerv / Creation and Settlement of Provisions / 预计负债的形成与结算","A.I. - Náklady z činnosti / Operating Expenses / 经营费用","","","1","","Expense","CZK"
"555 - Tvorba a zúčtování rezerv / Creation and Settlement of Provisions / 预计负债的形成与结算","A.I.32. - Tvorba a zúčtování rezerv / Creation and Settlement of Provisions / 预计负债的形成与结算","555","","0","","Expense","CZK"
"A.I.33. - Tvorba a zúčtování opravných položek / Creation and Settlement of Adjusting Items / 调整事项的产生与结算","A.I. - Náklady z činnosti / Operating Expenses / 经营费用","","","1","","Expense","CZK"
"556 - Tvorba a zúčtování opravných položek / Creation and Settlement of Adjusting Items / 调整事项的产生与结算","A.I.33. - Tvorba a zúčtování opravných položek / Creation and Settlement of Adjusting Items / 调整事项的产生与结算","556","","0","","Expense","CZK"
"A.I.34. - Náklady z vyřazených pohledávek / Costs of Written-off Receivables / 已核销应收款项的损失","A.I. - Náklady z činnosti / Operating Expenses / 经营费用","","","1","","Expense","CZK"
"557 - Náklady z vyřazených pohledávek / Costs of Written-off Receivables / 已核销应收款项的损失","A.I.34. - Náklady z vyřazených pohledávek / Costs of Written-off Receivables / 已核销应收款项的损失","557","","0","","Expense","CZK"
"A.I.35. - Náklady z drobného dlouhodobého majetku / Expenses from Minor Long-Term Assets / 小额长期资产费用","A.I. - Náklady z činnosti / Operating Expenses / 经营费用","","","1","","Expense","CZK"
"558 - Náklady z drobného dlouhodobého majetku / Expenses from Minor Long-Term Assets / 小额长期资产费用","A.I.35. - Náklady z drobného dlouhodobého majetku / Expenses from Minor Long-Term Assets / 小额长期资产费用","558","","0","","Expense","CZK"
"A.I.36. - Ostatní náklady z činnosti / Other Operating Expenses / 其他经营费用","A.I. - Náklady z činnosti / Operating Expenses / 经营费用","","","1","","Expense","CZK"
"549 - Ostatní náklady z činnosti / Other Operating Expenses / 其他经营费用","A.I.36. - Ostatní náklady z činnosti / Other Operating Expenses / 其他经营费用","549","","0","","Expense","CZK"
"A.II.1. - Prodané cenné papíry a podíly / Disposal of Financial Instruments and Equity Interests / 处置金融工具和股权投资","A.II. - Finanční náklady / Financial Expenses / 财务费用","","","1","","Expense","CZK"
"561 - Prodané cenné papíry a podíly / Disposal of Financial Instruments and Equity Interests / 处置金融工具和股权投资","A.II.1. - Prodané cenné papíry a podíly / Disposal of Financial Instruments and Equity Interests / 处置金融工具和股权投资","561","","0","","Expense","CZK"
"A.II.2. - Úroky / Interest Income / 利息收入","A.II. - Finanční náklady / Financial Expenses / 财务费用","","","1","","Expense","CZK"
"562 - Úroky / Interest Income / 利息收入","A.II.2. - Úroky / Interest Income / 利息收入","562","","0","","Expense","CZK"
"A.II.3. - Kurzové ztráty / Foreign Exchange Losses / 汇兑损失","A.II. - Finanční náklady / Financial Expenses / 财务费用","","","1","","Expense","CZK"
"563 - Kurzové ztráty / Foreign Exchange Losses / 汇兑损失","A.II.3. - Kurzové ztráty / Foreign Exchange Losses / 汇兑损失","563","","0","","Expense","CZK"
"A.II.4. - Náklady z přecenění reálnou hodnotou / Costs from Revaluation to Fair Value / 按公允价值重新计量的成本","A.II. - Finanční náklady / Financial Expenses / 财务费用","","","1","","Expense","CZK"
"564 - Náklady z přecenění reálnou hodnotou / Costs from Revaluation to Fair Value / 按公允价值重新计量的成本","A.II.4. - Náklady z přecenění reálnou hodnotou / Costs from Revaluation to Fair Value / 按公允价值重新计量的成本","564","","0","","Expense","CZK"
"A.II.5. - Ostatní finanční náklady / Other Financial Expenses / 其他财务费用","A.II. - Finanční náklady / Financial Expenses / 财务费用","","","1","","Expense","CZK"
"569 - Ostatní finanční náklady / Other Financial Expenses / 其他财务费用","A.II.5. - Ostatní finanční náklady / Other Financial Expenses / 其他财务费用","569","","0","","Expense","CZK"
"A.IV.1. - Náklady ze sdílené daně z příjmů fyzických osob / Costs from Shared Income Tax on Individuals / 共享个人所得税的成本","A.IV. - Náklady ze sdílených daní a poplatků / Expenses from Shared Taxes and Fees / 共享税及费用支出","","","1","","Expense","CZK"
"581 - Náklady ze sdílené daně z příjmů fyzických osob / Costs from Shared Income Tax on Individuals / 共享个人所得税的成本","A.IV.1. - Náklady ze sdílené daně z příjmů fyzických osob / Costs from Shared Income Tax on Individuals / 共享个人所得税的成本","581","","0","","Expense","CZK"
"A.IV.2. - Náklady ze sdílené daně z příjmů právnických osob / Costs from Shared Corporate Income Tax / 共享企业所得税成本","A.IV. - Náklady ze sdílených daní a poplatků / Expenses from Shared Taxes and Fees / 共享税及费用支出","","","1","","Expense","CZK"
"582 - Náklady ze sdílené daně z příjmů právnických osob / Costs from Shared Corporate Income Tax / 共享企业所得税成本","A.IV.2. - Náklady ze sdílené daně z příjmů právnických osob / Costs from Shared Corporate Income Tax / 共享企业所得税成本","582","","0","","Expense","CZK"
"A.IV.3. - Náklady ze sdílené daně z přidané hodnoty / Expenses from Shared Value Added Tax / 共享增值税费用","A.IV. - Náklady ze sdílených daní a poplatků / Expenses from Shared Taxes and Fees / 共享税及费用支出","","","1","","Expense","CZK"
"584 - Náklady ze sdílené daně z přidané hodnoty / Expenses from Shared Value Added Tax / 共享增值税费用","A.IV.3. - Náklady ze sdílené daně z přidané hodnoty / Expenses from Shared Value Added Tax / 共享增值税费用","584","","0","","Expense","CZK"
"A.IV.4. - Náklady ze sdílených spotřebních daní / Costs from Shared Consumption Taxes / 共享消费税成本","A.IV. - Náklady ze sdílených daní a poplatků / Expenses from Shared Taxes and Fees / 共享税及费用支出","","","1","","Expense","CZK"
"585 - Náklady ze sdílených spotřebních daní / Costs from Shared Consumption Taxes / 共享消费税成本","A.IV.4. - Náklady ze sdílených spotřebních daní / Costs from Shared Consumption Taxes / 共享消费税成本","585","","0","","Expense","CZK"
"A.IV.5. - Náklady z ostatních sdílených daní a poplatků / Expenses from Other Shared Taxes and Fees / 其他共享税和费用支出","A.IV. - Náklady ze sdílených daní a poplatků / Expenses from Shared Taxes and Fees / 共享税及费用支出","","","1","","Expense","CZK"
"586 - Náklady z ostatních sdílených daní a poplatků / Expenses from Other Shared Taxes and Fees / 其他共享税和费用支出","A.IV.5. - Náklady z ostatních sdílených daní a poplatků / Expenses from Other Shared Taxes and Fees / 其他共享税和费用支出","586","","0","","Expense","CZK"
"B.I.10. - Jiné pokuty a penále / Other Fines and Penalties / 其他罚款和罚金","B.I. - Výnosy z činnosti / Operating Income / 经营收入","","","1","","Income","CZK"
"642 - Jiné pokuty a penále / Other Fines and Penalties / 其他罚款和罚金","B.I.10. - Jiné pokuty a penále / Other Fines and Penalties / 其他罚款和罚金","642","","0","","Income","CZK"
"B.I.11. - Výnosy z vyřazených pohledávek / Income from Written-off Receivables / 已核销应收账款的收入","B.I. - Výnosy z činnosti / Operating Income / 经营收入","","","1","","Income","CZK"
"643 - Výnosy z vyřazených pohledávek / Income from Written-off Receivables / 已核销应收账款的收入","B.I.11. - Výnosy z vyřazených pohledávek / Income from Written-off Receivables / 已核销应收账款的收入","643","","0","","Income","CZK"
"B.I.12. - Výnosy z prodeje materiálu / Gains from Sale of Materials / 材料销售收益","B.I. - Výnosy z činnosti / Operating Income / 经营收入","","","1","","Income","CZK"
"644 - Výnosy z prodeje materiálu / Gains from Sale of Materials / 材料销售收益","B.I.12. - Výnosy z prodeje materiálu / Gains from Sale of Materials / 材料销售收益","644","","0","","Income","CZK"
"B.I.13. - Výnosy z prodeje dlouhodobého nehmotného majetku / Gains from Sale of Long-Term Intangible Assets / 出售长期无形资产的收益","B.I. - Výnosy z činnosti / Operating Income / 经营收入","","","1","","Income","CZK"
"645 - Výnosy z prodeje dlouhodobého nehmotného majetku / Gains from Sale of Long-Term Intangible Assets / 出售长期无形资产的收益","B.I.13. - Výnosy z prodeje dlouhodobého nehmotného majetku / Gains from Sale of Long-Term Intangible Assets / 出售长期无形资产的收益","645","","0","","Income","CZK"
"B.I.14. - Výnosy z prodeje dlouhodobého hmotného majetku kromě pozemků / Proc. Sale L/T Tang. (excl. Land} / 出售长期有形资产","B.I. - Výnosy z činnosti / Operating Income / 经营收入","","","1","","Income","CZK"
"646 - Výnosy z prodeje dlouhodobého hmotného majetku kromě pozemků / Proc. Sale L/T Tang. (excl. Land} / 出售长期有形资产","B.I.14. - Výnosy z prodeje dlouhodobého hmotného majetku kromě pozemků / Proc. Sale L/T Tang. (excl. Land} / 出售长期有形资产","646","","0","","Income","CZK"
"B.I.15. - Výnosy z prodeje pozemků / Revenue from Sale of Land / 土地销售收入","B.I. - Výnosy z činnosti / Operating Income / 经营收入","","","1","","Income","CZK"
"647 - Výnosy z prodeje pozemků / Revenue from Sale of Land / 土地销售收入","B.I.15. - Výnosy z prodeje pozemků / Revenue from Sale of Land / 土地销售收入","647","","0","","Income","CZK"
"B.I.16. - Čerpání fondů / Fund Drawdowns / 基金拨款","B.I. - Výnosy z činnosti / Operating Income / 经营收入","","","1","","Income","CZK"
"648 - Čerpání fondů / Fund Drawdowns / 基金拨款","B.I.16. - Čerpání fondů / Fund Drawdowns / 基金拨款","648","","0","","Income","CZK"
"B.I.17. - Ostatní výnosy z činnosti / Other Income from Operations / 其他业务收入","B.I. - Výnosy z činnosti / Operating Income / 经营收入","","","1","","Income","CZK"
"649 - Ostatní výnosy z činnosti / Other Income from Operations / 其他业务收入","B.I.17. - Ostatní výnosy z činnosti / Other Income from Operations / 其他业务收入","649","","0","","Income","CZK"
"B.II.1. - Výnosy z prodeje cenných papírů a podílů / Gains on Sale of Fin. Inst. & Eq. Inv. / 出售金融工具及股权投资收益","B.II. - Finanční výnosy / Financial Income / 财务收入","","","1","","Income","CZK"
"661 - Výnosy z prodeje cenných papírů a podílů / Gains from Sale of Financial Instruments and Equity Investments / 出售金融工具和股权投资的收益","B.II.1. - Výnosy z prodeje cenných papírů a podílů / Gains on Sale of Fin. Inst. & Eq. Inv. / 出售金融工具及股权投资收益","661","","0","","Income","CZK"
"B.II.2. - Úroky / Interest Income / 利息收入","B.II. - Finanční výnosy / Financial Income / 财务收入","","","1","","Income","CZK"
"662 - Úroky / Interest Income / 利息收入","B.II.2. - Úroky / Interest Income / 利息收入","662","","0","","Income","CZK"
"B.II.3. - Kurzové zisky / Foreign Exchange Gains / 外汇收益","B.II. - Finanční výnosy / Financial Income / 财务收入","","","1","","Income","CZK"
"663 - Kurzové zisky / Foreign Exchange Gains / 外汇收益","B.II.3. - Kurzové zisky / Foreign Exchange Gains / 外汇收益","663","","0","","Income","CZK"
"B.II.4. - Výnosy z přecenění reálnou hodnotou / Gains from Revaluation to Fair Value / 公允价值重估收益","B.II. - Finanční výnosy / Financial Income / 财务收入","","","1","","Income","CZK"
"664 - Výnosy z přecenění reálnou hodnotou / Gains from Revaluation to Fair Value / 公允价值重估收益","B.II.4. - Výnosy z přecenění reálnou hodnotou / Gains from Revaluation to Fair Value / 公允价值重估收益","664","","0","","Income","CZK"
"B.II.5. - Výnosy z dlouhodobého finančního majetku / Revenue from Long-Term Financial Assets / 长期金融资产收入","B.II. - Finanční výnosy / Financial Income / 财务收入","","","1","","Income","CZK"
"665 - Výnosy z dlouhodobého finančního majetku / Revenue from Long-Term Financial Assets / 长期金融资产收入","B.II.5. - Výnosy z dlouhodobého finančního majetku / Revenue from Long-Term Financial Assets / 长期金融资产收入","665","","0","","Income","CZK"
"B.II.6. - Ostatní finanční výnosy / Other Financial Income / 其他金融收入","B.II. - Finanční výnosy / Financial Income / 财务收入","","","1","","Income","CZK"
"669 - Ostatní finanční výnosy / Other Financial Income / 其他金融收入","B.II.6. - Ostatní finanční výnosy / Other Financial Income / 其他金融收入","669","","0","","Income","CZK"
"B.IV.1. - Výnosy vybraných ústředních vládních institucí z transferů / Transfers Rev. from Sel. Cent. Gov. Inst. / 选定中央政府转移收入","B.IV. - Výnosy z transferů / Revenue from Transfers / 转移收入","","","1","","Income","CZK"
"671 - Výnosy vybraných ústředních vládních institucí z transferů / Transfers Rev. from Sel. Cent. Gov. Inst. / 选定中央政府转移收入","B.IV.1. - Výnosy vybraných ústředních vládních institucí z transferů / Transfers Rev. from Sel. Cent. Gov. Inst. / 选定中央政府转移收入","671","","0","","Income","CZK"
"B.IV.2. - Výnosy vybraných místních vládních institucí z transferů / Local Gov. Transfers / 地方转移","B.IV. - Výnosy z transferů / Revenue from Transfers / 转移收入","","","1","","Income","CZK"
"672 - Výnosy vybraných místních vládních institucí z transferů / Transfer Income of Selected Local Government Institutions / 地方转移","B.IV.2. - Výnosy vybraných místních vládních institucí z transferů / Local Gov. Transfers / 地方转移","672","","0","","Income","CZK"
"B.IV.3. - Výnosy vybraných ústředních vládních institucí z předfinancování transferů / Pre-fin. Trans. Rev. / 预融资转移","B.IV. - Výnosy z transferů / Revenue from Transfers / 转移收入","","","1","","Income","CZK"
"675 - Výnosy vybraných ústředních vládních institucí z předfinancování transferů / Pre-fin. Trans. Rev. / 预融资转移","B.IV.3. - Výnosy vybraných ústředních vládních institucí z předfinancování transferů / Pre-fin. Trans. Rev. / 预融资转移","675","","0","","Income","CZK"
"A.II.10. - Dlouhodobý hmotný majetek určený k prodeji / Non-current Assets Held for Sale / 持有待售的非流动资产","A.II. - Dlouhodobý hmotný majetek / Long-term Tangible Assets / 长期有形资产","","","1","","Asset","CZK"
"036 - Dlouhodobý hmotný majetek určený k prodeji / Non-current Assets Held for Sale / 持有待售的非流动资产","A.II.10. - Dlouhodobý hmotný majetek určený k prodeji / Non-current Assets Held for Sale / 持有待售的非流动资产","036","","0","","Asset","CZK"
"A.III.1. - Majetkové účasti v osobách s rozhodujícím vlivem / Investments in Associates with Controlling Influence / 控制联营投资","A.III. - Dlouhodobý finanční majetek / Long-term Financial Assets / 长期金融资产","","","1","","Asset","CZK"
"061 - Majetkové účasti v osobách s rozhodujícím vlivem / Investments in Associates with Controlling Influence / 对具有控制权的联营企业的投资","A.III.1. - Majetkové účasti v osobách s rozhodujícím vlivem / Investments in Associates with Controlling Influence / 控制联营投资","061","","0","","Asset","CZK"
"A.III.2. - Majetkové účasti v osobách s podstatným vlivem / Investments in Associates and Joint Ventures / 对联营企业和合营企业的投资","A.III. - Dlouhodobý finanční majetek / Long-term Financial Assets / 长期金融资产","","","1","","Asset","CZK"
"062 - Majetkové účasti v osobách s podstatným vlivem / Investments in Associates and Joint Ventures / 对联营企业和合营企业的投资","A.III.2. - Majetkové účasti v osobách s podstatným vlivem / Investments in Associates and Joint Ventures / 对联营企业和合营企业的投资","062","","0","","Asset","CZK"
"A.III.3. - Dluhové cenné papíry držené do splatnosti / Held-to-Maturity Debt Securities / 持有至到期投资","A.III. - Dlouhodobý finanční majetek / Long-term Financial Assets / 长期金融资产","","","1","","Asset","CZK"
"063 - Dluhové cenné papíry držené do splatnosti / Held-to-Maturity Debt Securities / 持有至到期投资","A.III.3. - Dluhové cenné papíry držené do splatnosti / Held-to-Maturity Debt Securities / 持有至到期投资","063","","0","","Asset","CZK"
"A.III.4. - Dlouhodobé půjčky / Long-term Loans / 长期借款","A.III. - Dlouhodobý finanční majetek / Long-term Financial Assets / 长期金融资产","","","1","","Asset","CZK"
"067 - Dlouhodobé půjčky / Long-term Loans / 长期借款","A.III.4. - Dlouhodobé půjčky / Long-term Loans / 长期借款","067","","0","","Asset","CZK"
"A.III.5. - Termínované vklady dlouhodobé / Long-term Time Deposits / 长期定期存款","A.III. - Dlouhodobý finanční majetek / Long-term Financial Assets / 长期金融资产","","","1","","Asset","CZK"
"068 - Termínované vklady dlouhodobé / Long-term Time Deposits / 长期定期存款","A.III.5. - Termínované vklady dlouhodobé / Long-term Time Deposits / 长期定期存款","068","","0","","Asset","CZK"
"A.III.6. - Ostatní dlouhodobý finanční majetek / Other Long-term Financial Assets / 其他长期金融资产","A.III. - Dlouhodobý finanční majetek / Long-term Financial Assets / 长期金融资产","","","1","","Asset","CZK"
"069 - Ostatní dlouhodobý finanční majetek / Other Long-term Financial Assets / 其他长期金融资产","A.III.6. - Ostatní dlouhodobý finanční majetek / Other Long-term Financial Assets / 其他长期金融资产","069","","0","","Asset","CZK"
"A.III.7. - Pořizovaný dlouhodobý finanční majetek / Acquisition of Long-term Financial Assets / 长期金融资产的购置","A.III. - Dlouhodobý finanční majetek / Long-term Financial Assets / 长期金融资产","","","1","","Asset","CZK"
"043 - Pořizovaný dlouhodobý finanční majetek / Acquisition of Long-term Financial Assets / 长期金融资产的购置","A.III.7. - Pořizovaný dlouhodobý finanční majetek / Acquisition of Long-term Financial Assets / 长期金融资产的购置","043","","0","","Asset","CZK"
"A.III.8. - Poskytnuté zálohy na dlouhodobý finanční majetek / Advances Provided for Long-term Financial Assets / 长期金融资产预付款","A.III. - Dlouhodobý finanční majetek / Long-term Financial Assets / 长期金融资产","","","1","","Asset","CZK"
"053 - Poskytnuté zálohy na dlouhodobý finanční majetek / Advances Provided for Long-term Financial Assets / 长期金融资产预付款","A.III.8. - Poskytnuté zálohy na dlouhodobý finanční majetek / Advances Provided for Long-term Financial Assets / 长期金融资产预付款","053","","0","","Asset","CZK"
"B.II.10. - Sociální zabezpečení / Social Security / 社会保障","B.II. - Krátkodobé pohledávky / Short-term Receivables / 短期应收款项","","","1","","Asset","CZK"
"336 - Sociální zabezpečení / Social Security / 社会保障","B.II.10. - Sociální zabezpečení / Social Security / 社会保障","336","","0","","Asset","CZK"
"B.II.11. - Zdravotní pojištění / Health Insurance / 健康保险","B.II. - Krátkodobé pohledávky / Short-term Receivables / 短期应收款项","","","1","","Asset","CZK"
"337 - Zdravotní pojištění / Health Insurance / 健康保险","B.II.11. - Zdravotní pojištění / Health Insurance / 健康保险","337","","0","","Asset","CZK"
"B.II.12. - Důchodové spoření / Pension Savings / 养老金储蓄","B.II. - Krátkodobé pohledávky / Short-term Receivables / 短期应收款项","","","1","","Asset","CZK"
"338 - Důchodové spoření / Pension Savings / 养老金储蓄","B.II.12. - Důchodové spoření / Pension Savings / 养老金储蓄","338","","0","","Asset","CZK"
"B.II.13. - Daň z příjmů / Income Tax / 所得税","B.II. - Krátkodobé pohledávky / Short-term Receivables / 短期应收款项","","","1","","Asset","CZK"
"341 - Daň z příjmů / Income Tax / 所得税","B.II.13. - Daň z příjmů / Income Tax / 所得税","341","","0","","Asset","CZK"
"B.II.14. - Ostatní daně, poplatky a jiná obdobná peněžitá plnění / Other Taxes, Fees, and Similar Cash Payments / 其他税、费及类似现金支付","B.II. - Krátkodobé pohledávky / Short-term Receivables / 短期应收款项","","","1","","Asset","CZK"
"342 - Ostatní daně, poplatky a jiná obdobná peněžitá plnění / Other Taxes, Fees, and Similar Cash Payments / 其他税、费及类似现金支付","B.II.14. - Ostatní daně, poplatky a jiná obdobná peněžitá plnění / Other Taxes, Fees, and Similar Cash Payments / 其他税、费及类似现金支付","342","","0","","Asset","CZK"
"B.II.15. - Daň z přidané hodnoty / Value Added Tax / 增值税","B.II. - Krátkodobé pohledávky / Short-term Receivables / 短期应收款项","","","1","","Asset","CZK"
"343 - Daň z přidané hodnoty / Value Added Tax / 增值税","B.II.15. - Daň z přidané hodnoty / Value Added Tax / 增值税","343","","0","","Asset","CZK"
"B.II.16. - Pohledávky za osobami mimo vybrané vládní instituce / Ext. Gov. Rec. / 非政府应收","B.II. - Krátkodobé pohledávky / Short-term Receivables / 短期应收款项","","","1","","Asset","CZK"
"344 - Pohledávky za osobami mimo vybrané vládní instituce / Ext. Gov. Rec. / 非政府应收","B.II.16. - Pohledávky za osobami mimo vybrané vládní instituce / Ext. Gov. Rec. / 非政府应收","344","","0","","Asset","CZK"
"B.II.17. - Pohledávky za vybranými ústředními vládními institucemi / Sel. Cent. Gov. Rec. / 选定中央应收","B.II. - Krátkodobé pohledávky / Short-term Receivables / 短期应收款项","","","1","","Asset","CZK"
"346 - Pohledávky za vybranými ústředními vládními institucemi / Sel. Cent. Gov. Rec. / 选定中央应收","B.II.17. - Pohledávky za vybranými ústředními vládními institucemi / Sel. Cent. Gov. Rec. / 选定中央应收","346","","0","","Asset","CZK"
"B.II.18. - Pohledávky za vybranými místními vládními institucemi / Receiv. from Sel. LG Inst. / 选定地方政府应收","B.II. - Krátkodobé pohledávky / Short-term Receivables / 短期应收款项","","","1","","Asset","CZK"
"348 - Pohledávky za vybranými místními vládními institucemi / Receivables from Selected Local Government Institutions / 选定地方政府应收","B.II.18. - Pohledávky za vybranými místními vládními institucemi / Receiv. from Sel. LG Inst. / 选定地方政府应收","348","","0","","Asset","CZK"
"B.II.19. - Pohledávky ze správy daní / Receivables from Tax Administration / 税务管理应收款","B.II. - Krátkodobé pohledávky / Short-term Receivables / 短期应收款项","","","1","","Asset","CZK"
"352 - Pohledávky ze správy daní / Receivables from Tax Administration / 税务管理应收款","B.II.19. - Pohledávky ze správy daní / Receivables from Tax Administration / 税务管理应收款","352","","0","","Asset","CZK"
"B.II.20. - Zúčtování z přerozdělování daní / Settlement from Tax Redistribution / 税收再分配结算","B.II. - Krátkodobé pohledávky / Short-term Receivables / 短期应收款项","","","1","","Asset","CZK"
"355 - Zúčtování z přerozdělování daní / Settlement from Tax Redistribution / 税收再分配结算","B.II.20. - Zúčtování z přerozdělování daní / Settlement from Tax Redistribution / 税收再分配结算","355","","0","","Asset","CZK"
"B.II.21. - Pohledávky z exekuce a ostatního nakládání s cizím majetkem / Exec. & Mgmt. Rec. / 执行应收","B.II. - Krátkodobé pohledávky / Short-term Receivables / 短期应收款项","","","1","","Asset","CZK"
"356 - Pohledávky z exekuce a ostatního nakládání s cizím majetkem / Exec. & Mgmt. Rec. / 执行应收","B.II.21. - Pohledávky z exekuce a ostatního nakládání s cizím majetkem / Exec. & Mgmt. Rec. / 执行应收","356","","0","","Asset","CZK"
"B.II.22. - Ostatní pohledávky ze správy daní / Other Tax Receivables / 其他税收债权","B.II. - Krátkodobé pohledávky / Short-term Receivables / 短期应收款项","","","1","","Asset","CZK"
"358 - Ostatní pohledávky ze správy daní / Other Tax Receivables / 其他税收债权","B.II.22. - Ostatní pohledávky ze správy daní / Other Tax Receivables / 其他税收债权","358","","0","","Asset","CZK"
"B.II.23. - Krátkodobé pohledávky z ručení / Short-term Receivables from Guarantees / 短期担保应收款项","B.II. - Krátkodobé pohledávky / Short-term Receivables / 短期应收款项","","","1","","Asset","CZK"
"361 - Krátkodobé pohledávky z ručení / Short-term Receivables from Guarantees / 短期担保应收款项","B.II.23. - Krátkodobé pohledávky z ručení / Short-term Receivables from Guarantees / 短期担保应收款项","361","","0","","Asset","CZK"
"B.II.24. - Pevné termínové operace a opce / Fixed Term Derivatives and Options / 固定期限衍生工具和期权","B.II. - Krátkodobé pohledávky / Short-term Receivables / 短期应收款项","","","1","","Asset","CZK"
"363 - Pevné termínové operace a opce / Fixed Term Derivatives and Options / 固定期限衍生工具和期权","B.II.24. - Pevné termínové operace a opce / Fixed Term Derivatives and Options / 固定期限衍生工具和期权","363","","0","","Asset","CZK"
"B.II.25. - Pohledávky z neukončených finančních operací / Receivables from Uncompleted Financial Operations / 未完成金融业务的应收账款","B.II. - Krátkodobé pohledávky / Short-term Receivables / 短期应收款项","","","1","","Asset","CZK"
"369 - Pohledávky z neukončených finančních operací / Receivables from Uncompleted Financial Operations / 未完成金融业务的应收账款","B.II.25. - Pohledávky z neukončených finančních operací / Receivables from Uncompleted Financial Operations / 未完成金融业务的应收账款","369","","0","","Asset","CZK"
"B.II.26. - Pohledávky z finančního zajištění / Receivables from Financial Guarantees / 金融担保应收款","B.II. - Krátkodobé pohledávky / Short-term Receivables / 短期应收款项","","","1","","Asset","CZK"
"365 - Pohledávky z finančního zajištění / Receivables from Financial Guarantees / 金融担保应收款","B.II.26. - Pohledávky z finančního zajištění / Receivables from Financial Guarantees / 金融担保应收款","365","","0","","Asset","CZK"
"B.II.27. - Pohledávky z vydaných dluhopisů / Receivables from Issued Bonds / 发行债券的应收账款","B.II. - Krátkodobé pohledávky / Short-term Receivables / 短期应收款项","","","1","","Asset","CZK"
"367 - Pohledávky z vydaných dluhopisů / Receivables from Issued Bonds / 发行债券的应收账款","B.II.27. - Pohledávky z vydaných dluhopisů / Receivables from Issued Bonds / 发行债券的应收账款","367","","0","","Asset","CZK"
"B.II.28. - Krátkodobé poskytnuté zálohy na transfery / Short-term Advances for Transfers / 短期转移预付款","B.II. - Krátkodobé pohledávky / Short-term Receivables / 短期应收款项","","","1","","Asset","CZK"
"373 - Krátkodobé poskytnuté zálohy na transfery / Short-term Advances for Transfers / 短期转移预付款","B.II.28. - Krátkodobé poskytnuté zálohy na transfery / Short-term Advances for Transfers / 短期转移预付款","373","","0","","Asset","CZK"
"B.II.29. - Krátkodobé zprostředkování transferů / Short-term Transfer Intermediation / 短期转移中介","B.II. - Krátkodobé pohledávky / Short-term Receivables / 短期应收款项","","","1","","Asset","CZK"
"375 - Krátkodobé zprostředkování transferů / Short-term Transfer Intermediation / 短期转移中介","B.II.29. - Krátkodobé zprostředkování transferů / Short-term Transfer Intermediation / 短期转移中介","375","","0","","Asset","CZK"
"B.II.30. - Náklady příštích období / Deferred Expenses / 递延费用","B.II. - Krátkodobé pohledávky / Short-term Receivables / 短期应收款项","","","1","","Asset","CZK"
"381 - Náklady příštích období / Deferred Expenses / 递延费用","B.II.30. - Náklady příštích období / Deferred Expenses / 递延费用","381","","0","","Asset","CZK"
"B.II.31. - Příjmy příštích období / Revenue from Future Periods / 未来期间收入","B.II. - Krátkodobé pohledávky / Short-term Receivables / 短期应收款项","","","1","","Asset","CZK"
"385 - Příjmy příštích období / Revenue from Future Periods / 未来期间收入","B.II.31. - Příjmy příštích období / Revenue from Future Periods / 未来期间收入","385","","0","","Asset","CZK"
"B.II.32. - Dohadné účty aktivní / Prov. Accts. (Act.) / 预估账户（资产）","B.II. - Krátkodobé pohledávky / Short-term Receivables / 短期应收款项","","","1","","Asset","CZK"
"388 - Dohadné účty aktivní / Prov. Accts. (Act.) / 预估账户（资产）","B.II.32. - Dohadné účty aktivní / Prov. Accts. (Act.) / 预估账户（资产）","388","","0","","Asset","CZK"
"B.II.33. - Ostatní krátkodobé pohledávky / Other Short-term Receivables / 其他短期应收款项","B.II. - Krátkodobé pohledávky / Short-term Receivables / 短期应收款项","","","1","","Asset","CZK"
"377 - Ostatní krátkodobé pohledávky / Other Short-term Receivables / 其他短期应收款项","B.II.33. - Ostatní krátkodobé pohledávky / Other Short-term Receivables / 其他短期应收款项","377","","0","","Asset","CZK"
"B.III.1. - Majetkové cenné papíry k obchodování / Trading Financial Assets / 交易性金融资产","B.III. - Krátkodobý finanční majetek / Short-term Financial Assets / 短期金融资产","","","1","","Asset","CZK"
"251 - Majetkové cenné papíry k obchodování / Trading Financial Assets / 交易性金融资产","B.III.1. - Majetkové cenné papíry k obchodování / Trading Financial Assets / 交易性金融资产","251","","0","","Asset","CZK"
"B.III.2. - Dluhové cenné papíry k obchodování / Debt Securities for Trading / 交易性债务证券","B.III. - Krátkodobý finanční majetek / Short-term Financial Assets / 短期金融资产","","","1","","Asset","CZK"
"253 - Dluhové cenné papíry k obchodování / Debt Securities for Trading / 交易性债务证券","B.III.2. - Dluhové cenné papíry k obchodování / Debt Securities for Trading / 交易性债务证券","253","","0","","Asset","CZK"
"B.III.3. - Jiné cenné papíry / Other Marketable Securities / 其他有价证券","B.III. - Krátkodobý finanční majetek / Short-term Financial Assets / 短期金融资产","","","1","","Asset","CZK"
"256 - Jiné cenné papíry / Other Marketable Securities / 其他有价证券","B.III.3. - Jiné cenné papíry / Other Marketable Securities / 其他有价证券","256","","0","","Asset","CZK"
"B.III.4. - Termínované vklady krátkodobé / Short-term Time Deposits / 短期定期存款","B.III. - Krátkodobý finanční majetek / Short-term Financial Assets / 短期金融资产","","","1","","Asset","CZK"
"244 - Termínované vklady krátkodobé / Short-term Time Deposits / 短期定期存款","B.III.4. - Termínované vklady krátkodobé / Short-term Time Deposits / 短期定期存款","244","","0","","Asset","CZK"
"B.III.5. - Jiné běžné účty / Other Current Bank Accounts / 其他银行存款","B.III. - Krátkodobý finanční majetek / Short-term Financial Assets / 短期金融资产","","","1","","Asset","CZK"
"245 - Jiné běžné účty / Other Current Bank Accounts / 其他银行存款","B.III.5. - Jiné běžné účty / Other Current Bank Accounts / 其他银行存款","245","","0","","Asset","CZK"
"B.III.6. - Účty státních finančních aktiv / State Financial Assets Accounts / 国家金融资产账户","B.III. - Krátkodobý finanční majetek / Short-term Financial Assets / 短期金融资产","","","1","","Asset","CZK"
"247 - Účty státních finančních aktiv / State Financial Assets Accounts / 国家金融资产账户","B.III.6. - Účty státních finančních aktiv / State Financial Assets Accounts / 国家金融资产账户","247","","0","","Asset","CZK"
"B.III.7. - Účty řízení likvidity státní pokladny a státního dluhu / Acct. for St. Treas. & St. Debt Mgmt. / 国库债务管理账户","B.III. - Krátkodobý finanční majetek / Short-term Financial Assets / 短期金融资产","","","1","","Asset","CZK"
"248 - Účty řízení likvidity státní pokladny a státního dluhu / Acct. for St. Treas. & St. Debt Mgmt. / 国库债务管理账户","B.III.7. - Účty řízení likvidity státní pokladny a státního dluhu / Acct. for St. Treas. & St. Debt Mgmt. / 国库债务管理账户","248","","0","","Asset","CZK"
"B.III.8. - Účty pro sdílení daní a pro dělenou správu / Accounts for Tax Sharing and Joint Administration / 税收共享和共同管理账户","B.III. - Krátkodobý finanční majetek / Short-term Financial Assets / 短期金融资产","","","1","","Asset","CZK"
"249 - Účty pro sdílení daní a pro dělenou správu / Accounts for Tax Sharing and Joint Administration / 税收共享和共同管理账户","B.III.8. - Účty pro sdílení daní a pro dělenou správu / Accounts for Tax Sharing and Joint Administration / 税收共享和共同管理账户","249","","0","","Asset","CZK"
"B.III.9. - Běžný účet / Current Bank Account / 银行存款","B.III. - Krátkodobý finanční majetek / Short-term Financial Assets / 短期金融资产","","","1","","Asset","CZK"
"241 - Běžný účet / Current Bank Account / 银行存款","B.III.9. - Běžný účet / Current Bank Account / 银行存款","241","","0","","Asset","CZK"
"C.III.1. - Výsledek hospodaření běžného účetního období / Result of Operations for the Regular Accounting Period / 常规会计期间的经营成果","C.III. - Výsledek hospodaření / Operating Result / 经营成果","","","1","","Equity","CZK"
"C.III.2. - Výsledek hospodaření ve schvalovacím řízení / Operating Result in Approval Process / 审批过程中的经营成果","C.III. - Výsledek hospodaření / Operating Result / 经营成果","","","1","","Equity","CZK"
"431 - Výsledek hospodaření ve schvalovacím řízení / Operating Result in Approval Process / 审批过程中的经营成果","C.III.2. - Výsledek hospodaření ve schvalovacím řízení / Operating Result in Approval Process / 审批过程中的经营成果","431","","0","","Equity","CZK"
"C.III.3. - Výsledek hospodaření předcházejících účetních období / Results of Operations from Prior Periods / 前期经营成果","C.III. - Výsledek hospodaření / Operating Result / 经营成果","","","1","","Equity","CZK"
"432 - Výsledek hospodaření předcházejících účetních období / Results of Operations from Prior Periods / 前期经营成果","C.III.3. - Výsledek hospodaření předcházejících účetních období / Results of Operations from Prior Periods / 前期经营成果","432","","0","","Equity","CZK"
"D.III.1. - Krátkodobé úvěry / Short-term Loans / 短期贷款","D.III. - Krátkodobé závazky / Short-term Liabilities / 短期负债","","","1","","Liability","CZK"
"281 - Krátkodobé úvěry / Short-term Loans / 短期贷款","D.III.1. - Krátkodobé úvěry / Short-term Loans / 短期贷款","281","","0","","Liability","CZK"
"D.III.2. - Eskontované krátkodobé dluhopisy (směnky) / Discounted Short-term Debt Instruments (Bills of Exchange} / 贴现短期债务工具（汇票）","D.III. - Krátkodobé závazky / Short-term Liabilities / 短期负债","","","1","","Liability","CZK"
"282 - Eskontované krátkodobé dluhopisy (směnky) / Discounted Short-term Debt Instruments (Bills of Exchange} / 贴现短期债务工具（汇票）","D.III.2. - Eskontované krátkodobé dluhopisy (směnky) / Discounted Short-term Debt Instruments (Bills of Exchange} / 贴现短期债务工具（汇票）","282","","0","","Liability","CZK"
"D.III.3. - Krátkodobé závazky z vydaných dluhopisů / Short-term Liabilities from Issued Bonds / 发行债券的短期负债","D.III. - Krátkodobé závazky / Short-term Liabilities / 短期负债","","","1","","Liability","CZK"
"283 - Krátkodobé závazky z vydaných dluhopisů / Short-term Liabilities from Issued Bonds / 发行债券的短期负债","D.III.3. - Krátkodobé závazky z vydaných dluhopisů / Short-term Liabilities from Issued Bonds / 发行债券的短期负债","283","","0","","Liability","CZK"
"D.III.4. - Jiné krátkodobé půjčky / Other Short-Term Loans / 其他短期借款","D.III. - Krátkodobé závazky / Short-term Liabilities / 短期负债","","","1","","Liability","CZK"
"289 - Jiné krátkodobé půjčky / Other Short-Term Loans / 其他短期借款","D.III.4. - Jiné krátkodobé půjčky / Other Short-Term Loans / 其他短期借款","289","","0","","Liability","CZK"
"D.III.5. - Dodavatelé / Trade Payables / 应付账款","D.III. - Krátkodobé závazky / Short-term Liabilities / 短期负债","","","1","","Liability","CZK"
"321 - Dodavatelé / Trade Payables / 应付账款","D.III.5. - Dodavatelé / Trade Payables / 应付账款","321","","0","","Liability","CZK"
"D.III.6. - Směnky k úhradě / Bills Payable / 应付票据","D.III. - Krátkodobé závazky / Short-term Liabilities / 短期负债","","","1","","Liability","CZK"
"322 - Směnky k úhradě / Bills Payable / 应付票据","D.III.6. - Směnky k úhradě / Bills Payable / 应付票据","322","","0","","Liability","CZK"
"D.III.7. - Krátkodobé přijaté zálohy / Short-term Advances Received / 收到的短期预付款","D.III. - Krátkodobé závazky / Short-term Liabilities / 短期负债","","","1","","Liability","CZK"
"324 - Krátkodobé přijaté zálohy / Short-term Advances Received / 收到的短期预付款","D.III.7. - Krátkodobé přijaté zálohy / Short-term Advances Received / 收到的短期预付款","324","","0","","Liability","CZK"
"D.III.8. - Závazky z dělené správy / Liabilities from Shared Administration / 共同管理负债","D.III. - Krátkodobé závazky / Short-term Liabilities / 短期负债","","","1","","Liability","CZK"
"325 - Závazky z dělené správy / Liabilities from Shared Administration / 共同管理负债","D.III.8. - Závazky z dělené správy / Liabilities from Shared Administration / 共同管理负债","325","","0","","Liability","CZK"
"D.III.9. - Přijaté návratné finanční výpomoci krátkodobé / Short-term Receivable Financial Assistance / 短期应收财政补助","D.III. - Krátkodobé závazky / Short-term Liabilities / 短期负债","","","1","","Liability","CZK"
"326 - Přijaté návratné finanční výpomoci krátkodobé / Short-term Receivable Financial Assistance / 短期应收财政补助","D.III.9. - Přijaté návratné finanční výpomoci krátkodobé / Short-term Receivable Financial Assistance / 短期应收财政补助","326","","0","","Liability","CZK"
"A.III.1. - Náklady vybraných ústředních vládních institucí na transfery / Sel. CG Inst. Trans. Exp. / 选定中央转移支出","A.III. - Náklady na transfery / Transfer Costs / 转移成本","","","1","","Expense","CZK"
"571 - Náklady vybraných ústředních vládních institucí na transfery / Sel. CG Inst. Trans. Exp. / 选定中央转移支出","A.III.1. - Náklady vybraných ústředních vládních institucí na transfery / Sel. CG Inst. Trans. Exp. / 选定中央转移支出","571","","0","","Expense","CZK"
"A.III.2. - Náklady vybraných místních vládních institucí na transfery / Costs Sel. Loc. Gov. Trans. / 选定地方转移成本","A.III. - Náklady na transfery / Transfer Costs / 转移成本","","","1","","Expense","CZK"
"572 - Náklady vybraných místních vládních institucí na transfery / Costs Sel. Loc. Gov. Trans. / 选定地方转移成本","A.III.2. - Náklady vybraných místních vládních institucí na transfery / Costs Sel. Loc. Gov. Trans. / 选定地方转移成本","572","","0","","Expense","CZK"
"A.III.3. - Náklady vybraných ústředních vládních institucí na předfinancování transferů / Pre-fin. Trans. Costs / 预融资转移成本","A.III. - Náklady na transfery / Transfer Costs / 转移成本","","","1","","Expense","CZK"
"575 - Náklady vybraných ústředních vládních institucí na předfinancování transferů / Pre-fin. Trans. Costs / 预融资转移成本","A.III.3. - Náklady vybraných ústředních vládních institucí na předfinancování transferů / Pre-fin. Trans. Costs / 预融资转移成本","575","","0","","Expense","CZK"
"B.III.1. - Výnosy z daně z příjmů fyzických osob / Revenue from Personal Income Tax / 个人所得税收入","B.III. - Výnosy z daní a poplatků / Revenue from Taxes and Fees / 税收和费用收入","","","1","","Income","CZK"
"631 - Výnosy z daně z příjmů fyzických osob / Revenue from Personal Income Tax / 个人所得税收入","B.III.1. - Výnosy z daně z příjmů fyzických osob / Revenue from Personal Income Tax / 个人所得税收入","631","","0","","Income","CZK"
"B.III.2. - Výnosy z daně z příjmů právnických osob / Income from Corporate Income Tax / 企业所得税收入","B.III. - Výnosy z daní a poplatků / Revenue from Taxes and Fees / 税收和费用收入","","","1","","Income","CZK"
"632 - Výnosy z daně z příjmů právnických osob / Income from Corporate Income Tax / 企业所得税收入","B.III.2. - Výnosy z daně z příjmů právnických osob / Income from Corporate Income Tax / 企业所得税收入","632","","0","","Income","CZK"
"B.III.3. - Výnosy ze sociálního pojištění / Revenues from Social Insurance / 社会保险收入","B.III. - Výnosy z daní a poplatků / Revenue from Taxes and Fees / 税收和费用收入","","","1","","Income","CZK"
"633 - Výnosy ze sociálního pojištění / Revenues from Social Insurance / 社会保险收入","B.III.3. - Výnosy ze sociálního pojištění / Revenues from Social Insurance / 社会保险收入","633","","0","","Income","CZK"
"B.III.4. - Výnosy z daně z přidané hodnoty / Revenue from Value Added Tax / 增值税收入","B.III. - Výnosy z daní a poplatků / Revenue from Taxes and Fees / 税收和费用收入","","","1","","Income","CZK"
"634 - Výnosy z daně z přidané hodnoty / Revenue from Value Added Tax / 增值税收入","B.III.4. - Výnosy z daně z přidané hodnoty / Revenue from Value Added Tax / 增值税收入","634","","0","","Income","CZK"
"B.III.5. - Výnosy ze spotřebních daní / Revenue from Consumption Taxes / 消费税收入","B.III. - Výnosy z daní a poplatků / Revenue from Taxes and Fees / 税收和费用收入","","","1","","Income","CZK"
"635 - Výnosy ze spotřebních daní / Revenue from Consumption Taxes / 消费税收入","B.III.5. - Výnosy ze spotřebních daní / Revenue from Consumption Taxes / 消费税收入","635","","0","","Income","CZK"
"B.III.6. - Výnosy z majetkových daní / Revenue from Property Taxes / 财产税收入","B.III. - Výnosy z daní a poplatků / Revenue from Taxes and Fees / 税收和费用收入","","","1","","Income","CZK"
"636 - Výnosy z majetkových daní / Revenue from Property Taxes / 财产税收入","B.III.6. - Výnosy z majetkových daní / Revenue from Property Taxes / 财产税收入","636","","0","","Income","CZK"
"B.III.7. - Výnosy z energetických daní / Revenues from Energy Taxes / 能源税收入","B.III. - Výnosy z daní a poplatků / Revenue from Taxes and Fees / 税收和费用收入","","","1","","Income","CZK"
"637 - Výnosy z energetických daní / Revenues from Energy Taxes / 能源税收入","B.III.7. - Výnosy z energetických daní / Revenues from Energy Taxes / 能源税收入","637","","0","","Income","CZK"
"B.III.8. - Výnosy z daně silniční / Revenues from Road Taxes / 道路税收入","B.III. - Výnosy z daní a poplatků / Revenue from Taxes and Fees / 税收和费用收入","","","1","","Income","CZK"
"638 - Výnosy z daně silniční / Revenues from Road Taxes / 道路税收入","B.III.8. - Výnosy z daně silniční / Revenues from Road Taxes / 道路税收入","638","","0","","Income","CZK"
"B.III.9. - Výnosy z ostatních daní a poplatků / Revenue from Other Taxes and Fees / 其他税款和费用收入","B.III. - Výnosy z daní a poplatků / Revenue from Taxes and Fees / 税收和费用收入","","","1","","Income","CZK"
"639 - Výnosy z ostatních daní a poplatků / Revenue from Other Taxes and Fees / 其他税款和费用收入","B.III.9. - Výnosy z ostatních daní a poplatků / Revenue from Other Taxes and Fees / 其他税款和费用收入","639","","0","","Income","CZK"
"B.III.10. - Běžný účet FKSP / Current Bank Account FKSP / FKSP银行存款","B.III. - Krátkodobý finanční majetek / Short-term Financial Assets / 短期金融资产","","","1","","Asset","CZK"
"243 - Běžný účet FKSP / Current Bank Account FKSP / FKSP银行存款","B.III.10. - Běžný účet FKSP / Current Bank Account FKSP / FKSP银行存款","243","","0","","Asset","CZK"
"B.III.11. - Základní běžný účet územních samosprávných celků / Basic Curr. Acct. of LGUs / 地方政府单位基本银行存款","B.III. - Krátkodobý finanční majetek / Short-term Financial Assets / 短期金融资产","","","1","","Asset","CZK"
"231 - Základní běžný účet územních samosprávných celků / Basic Current Bank Account of Local Government Units / 地方政府单位基本银行存款","B.III.11. - Základní běžný účet územních samosprávných celků / Basic Curr. Acct. of LGUs / 地方政府单位基本银行存款","231","","0","","Asset","CZK"
"B.III.12. - Běžné účty fondů územních samosprávných celků / Current Accounts of Local Government Units / 地方政府单位银行存款","B.III. - Krátkodobý finanční majetek / Short-term Financial Assets / 短期金融资产","","","1","","Asset","CZK"
"236 - Běžné účty fondů územních samosprávných celků / Current Accounts of Local Government Units / 地方政府单位银行存款","B.III.12. - Běžné účty fondů územních samosprávných celků / Current Accounts of Local Government Units / 地方政府单位银行存款","236","","0","","Asset","CZK"
"B.III.13. - Běžné účty státních fondů / Current Bank Accounts of State Funds / 国家基金的银行存款","B.III. - Krátkodobý finanční majetek / Short-term Financial Assets / 短期金融资产","","","1","","Asset","CZK"
"224 - Běžné účty státních fondů / Current Bank Accounts of State Funds / 国家基金的银行存款","B.III.13. - Běžné účty státních fondů / Current Bank Accounts of State Funds / 国家基金的银行存款","224","","0","","Asset","CZK"
"B.III.14. - Běžné účty fondů organizačních složek státu / Current Bank Accounts of State Budgetary Organizations / 国家预算单位的银行存款","B.III. - Krátkodobý finanční majetek / Short-term Financial Assets / 短期金融资产","","","1","","Asset","CZK"
"225 - Běžné účty fondů organizačních složek státu / Current Bank Accounts of State Budgetary Organizations / 国家预算单位的银行存款","B.III.14. - Běžné účty fondů organizačních složek státu / Current Bank Accounts of State Budgetary Organizations / 国家预算单位的银行存款","225","","0","","Asset","CZK"
"B.III.15. - Ceniny / Cash Equivalents (Vouchers/Stamps} / 有价票证","B.III. - Krátkodobý finanční majetek / Short-term Financial Assets / 短期金融资产","","","1","","Asset","CZK"
"263 - Ceniny / Cash Equivalents (Vouchers/Stamps} / 有价票证","B.III.15. - Ceniny / Cash Equivalents (Vouchers/Stamps} / 有价票证","263","","0","","Asset","CZK"
"B.III.16. - Peníze na cestě / Cash in Transit / 在途资金","B.III. - Krátkodobý finanční majetek / Short-term Financial Assets / 短期金融资产","","","1","","Asset","CZK"
"262 - Peníze na cestě / Cash in Transit / 在途资金","B.III.16. - Peníze na cestě / Cash in Transit / 在途资金","262","","0","","Asset","CZK"
"B.III.17. - Pokladna / Cash on Hand / 库存现金","B.III. - Krátkodobý finanční majetek / Short-term Financial Assets / 短期金融资产","","","1","","Asset","CZK"
"261 - Pokladna / Cash on Hand / 库存现金","B.III.17. - Pokladna / Cash on Hand / 库存现金","261","","0","","Asset","CZK"
"D.III.10. - Zaměstnanci / Employees / 员工","D.III. - Krátkodobé závazky / Short-term Liabilities / 短期负债","","","1","","Liability","CZK"
"331 - Zaměstnanci / Employees / 员工","D.III.10. - Zaměstnanci / Employees / 员工","331","","0","","Liability","CZK"
"D.III.11. - Jiné závazky vůči zaměstnancům / Other Liabilities to Employees / 其他对员工的负债","D.III. - Krátkodobé závazky / Short-term Liabilities / 短期负债","","","1","","Liability","CZK"
"333 - Jiné závazky vůči zaměstnancům / Other Liabilities to Employees / 其他对员工的负债","D.III.11. - Jiné závazky vůči zaměstnancům / Other Liabilities to Employees / 其他对员工的负债","333","","0","","Liability","CZK"
"D.III.12. - Sociální zabezpečení / Social Security / 社会保障","D.III. - Krátkodobé závazky / Short-term Liabilities / 短期负债","","","1","","Liability","CZK"
"336-L - Sociální zabezpečení / Social Security / 社会保障","D.III.12. - Sociální zabezpečení / Social Security / 社会保障","336-L","","0","","Liability","CZK"
"D.III.13. - Zdravotní pojištění / Health Insurance / 健康保险","D.III. - Krátkodobé závazky / Short-term Liabilities / 短期负债","","","1","","Liability","CZK"
"337-L - Zdravotní pojištění / Health Insurance / 健康保险","D.III.13. - Zdravotní pojištění / Health Insurance / 健康保险","337-L","","0","","Liability","CZK"
"D.III.14. - Důchodové spoření / Pension Savings / 养老金储蓄","D.III. - Krátkodobé závazky / Short-term Liabilities / 短期负债","","","1","","Liability","CZK"
"338-L - Důchodové spoření / Pension Savings / 养老金储蓄","D.III.14. - Důchodové spoření / Pension Savings / 养老金储蓄","338-L","","0","","Liability","CZK"
"D.III.15. - Daň z příjmů / Income Tax / 所得税","D.III. - Krátkodobé závazky / Short-term Liabilities / 短期负债","","","1","","Liability","CZK"
"341-L - Daň z příjmů / Income Tax / 所得税","D.III.15. - Daň z příjmů / Income Tax / 所得税","341-L","","0","","Liability","CZK"
"D.III.16. - Ostatní daně, poplatky a jiná obdobná peněžitá plnění / Other Taxes, Fees, and Similar Cash Payments / 其他税、费及类似现金支付","D.III. - Krátkodobé závazky / Short-term Liabilities / 短期负债","","","1","","Liability","CZK"
"342-L - Ostatní daně, poplatky a jiná obdobná peněžitá plnění / Other Taxes, Fees, and Similar Cash Payments / 其他税、费及类似现金支付","D.III.16. - Ostatní daně, poplatky a jiná obdobná peněžitá plnění / Other Taxes, Fees, and Similar Cash Payments / 其他税、费及类似现金支付","342-L","","0","","Liability","CZK"
"D.III.17. - Daň z přidané hodnoty / Value Added Tax / 增值税","D.III. - Krátkodobé závazky / Short-term Liabilities / 短期负债","","","1","","Liability","CZK"
"343-L - Daň z přidané hodnoty / Value Added Tax / 增值税","D.III.17. - Daň z přidané hodnoty / Value Added Tax / 增值税","343-L","","0","","Liability","CZK"
"D.III.18. - Závazky k osobám mimo vybrané vládní instituce / Liab. to Non-Inst. Pers. / 非机构人员负债","D.III. - Krátkodobé závazky / Short-term Liabilities / 短期负债","","","1","","Liability","CZK"
"345 - Závazky k osobám mimo vybrané vládní instituce / Liabilities to Persons Outside Selected Government Institutions / 非机构人员负债","D.III.18. - Závazky k osobám mimo vybrané vládní instituce / Liab. to Non-Inst. Pers. / 非机构人员负债","345","","0","","Liability","CZK"
"D.III.19. - Závazky k vybraným ústředním vládním institucím / Liabilities to Selected Central Government Institutions / 选定中央机构负债","D.III. - Krátkodobé závazky / Short-term Liabilities / 短期负债","","","1","","Liability","CZK"
"347 - Závazky k vybraným ústředním vládním institucím / Liabilities to Selected Central Government Institutions / 对选定中央政府机构的负债","D.III.19. - Závazky k vybraným ústředním vládním institucím / Liabilities to Selected Central Government Institutions / 选定中央机构负债","347","","0","","Liability","CZK"
"D.III.20. - Závazky k vybraným místním vládním institucím / Liabilities to Selected Local Government Institutions / 对选定地方政府机构的负债","D.III. - Krátkodobé závazky / Short-term Liabilities / 短期负债","","","1","","Liability","CZK"
"349 - Závazky k vybraným místním vládním institucím / Liabilities to Selected Local Government Institutions / 对选定地方政府机构的负债","D.III.20. - Závazky k vybraným místním vládním institucím / Liabilities to Selected Local Government Institutions / 对选定地方政府机构的负债","349","","0","","Liability","CZK"
"D.III.21. - Přijaté zálohy daní / Advance Tax Payments Received / 收到的预缴税款","D.III. - Krátkodobé závazky / Short-term Liabilities / 短期负债","","","1","","Liability","CZK"
"351 - Přijaté zálohy daní / Advance Tax Payments Received / 收到的预缴税款","D.III.21. - Přijaté zálohy daní / Advance Tax Payments Received / 收到的预缴税款","351","","0","","Liability","CZK"
"D.III.22. - Přeplatky na daních / Tax Overpayments / 税款预付","D.III. - Krátkodobé závazky / Short-term Liabilities / 短期负债","","","1","","Liability","CZK"
"353 - Přeplatky na daních / Tax Overpayments / 税款预付","D.III.22. - Přeplatky na daních / Tax Overpayments / 税款预付","353","","0","","Liability","CZK"
"D.III.23. - Závazky z vratek nepřímých daní / Liabilities from Refunds of Indirect Taxes / 间接税退款负债","D.III. - Krátkodobé závazky / Short-term Liabilities / 短期负债","","","1","","Liability","CZK"
"354 - Závazky z vratek nepřímých daní / Liabilities from Refunds of Indirect Taxes / 间接税退款负债","D.III.23. - Závazky z vratek nepřímých daní / Liabilities from Refunds of Indirect Taxes / 间接税退款负债","354","","0","","Liability","CZK"
"D.III.24. - Zúčtování z přerozdělování daní / Settlement from Tax Redistribution / 税收再分配结算","D.III. - Krátkodobé závazky / Short-term Liabilities / 短期负债","","","1","","Liability","CZK"
"355-L - Zúčtování z přerozdělování daní / Settlement from Tax Redistribution / 税收再分配结算","D.III.24. - Zúčtování z přerozdělování daní / Settlement from Tax Redistribution / 税收再分配结算","355-L","","0","","Liability","CZK"
"D.III.25. - Závazky z exekuce a ostatního nakládání s cizím majetkem / Liab. Exec. & Mgmt. Cizí / 执行管理负债","D.III. - Krátkodobé závazky / Short-term Liabilities / 短期负债","","","1","","Liability","CZK"
"357 - Závazky z exekuce a ostatního nakládání s cizím majetkem / Liab. Exec. & Mgmt. Cizí / 执行管理负债","D.III.25. - Závazky z exekuce a ostatního nakládání s cizím majetkem / Liab. Exec. & Mgmt. Cizí / 执行管理负债","357","","0","","Liability","CZK"
"D.III.26. - Ostatní závazky ze správy daní / Other Tax Administration Liabilities / 其他税收管理负债","D.III. - Krátkodobé závazky / Short-term Liabilities / 短期负债","","","1","","Liability","CZK"
"359 - Ostatní závazky ze správy daní / Other Tax Administration Liabilities / 其他税收管理负债","D.III.26. - Ostatní závazky ze správy daní / Other Tax Administration Liabilities / 其他税收管理负债","359","","0","","Liability","CZK"
"D.III.27. - Krátkodobé závazky z ručení / Short-term Provisions for Guarantees / 短期预计负债（担保）","D.III. - Krátkodobé závazky / Short-term Liabilities / 短期负债","","","1","","Liability","CZK"
"362 - Krátkodobé závazky z ručení / Short-term Provisions for Guarantees / 短期预计负债（担保）","D.III.27. - Krátkodobé závazky z ručení / Short-term Provisions for Guarantees / 短期预计负债（担保）","362","","0","","Liability","CZK"
"D.III.28. - Pevné termínové operace a opce / Fixed Term Derivatives and Options / 固定期限衍生工具和期权","D.III. - Krátkodobé závazky / Short-term Liabilities / 短期负债","","","1","","Liability","CZK"
"363-L - Pevné termínové operace a opce / Fixed Term Derivatives and Options / 固定期限衍生工具和期权","D.III.28. - Pevné termínové operace a opce / Fixed Term Derivatives and Options / 固定期限衍生工具和期权","363-L","","0","","Liability","CZK"
"D.III.29. - Závazky z neukončených finančních operací / Liabilities from Uncompleted Financial Operations / 未完成财务操作的负债","D.III. - Krátkodobé závazky / Short-term Liabilities / 短期负债","","","1","","Liability","CZK"
"364 - Závazky z neukončených finančních operací / Liabilities from Uncompleted Financial Operations / 未完成财务操作的负债","D.III.29. - Závazky z neukončených finančních operací / Liabilities from Uncompleted Financial Operations / 未完成财务操作的负债","364","","0","","Liability","CZK"
"D.III.30. - Závazky z finančního zajištění / Liabilities from Financial Guarantees / 金融担保负债","D.III. - Krátkodobé závazky / Short-term Liabilities / 短期负债","","","1","","Liability","CZK"
"366 - Závazky z finančního zajištění / Liabilities from Financial Guarantees / 金融担保负债","D.III.30. - Závazky z finančního zajištění / Liabilities from Financial Guarantees / 金融担保负债","366","","0","","Liability","CZK"
"D.III.31. - Závazky z upsaných nesplacených cenných papírů a podílů / Liab. from Unpd. Sec. & Eq. Int. / 未付证券及股权负债","D.III. - Krátkodobé závazky / Short-term Liabilities / 短期负债","","","1","","Liability","CZK"
"368 - Závazky z upsaných nesplacených cenných papírů a podílů / Liab. from Unpd. Sec. & Eq. Int. / 未付证券及股权负债","D.III.31. - Závazky z upsaných nesplacených cenných papírů a podílů / Liab. from Unpd. Sec. & Eq. Int. / 未付证券及股权负债","368","","0","","Liability","CZK"
"D.III.32. - Krátkodobé přijaté zálohy na transfery / Short-term Advance Payments Received for Transfers / 短期收到的转移预付款","D.III. - Krátkodobé závazky / Short-term Liabilities / 短期负债","","","1","","Liability","CZK"
"374 - Krátkodobé přijaté zálohy na transfery / Short-term Advance Payments Received for Transfers / 短期收到的转移预付款","D.III.32. - Krátkodobé přijaté zálohy na transfery / Short-term Advance Payments Received for Transfers / 短期收到的转移预付款","374","","0","","Liability","CZK"
"D.III.33. - Krátkodobé zprostředkování transferů / Short-term Transfer Intermediation / 短期转移中介","D.III. - Krátkodobé závazky / Short-term Liabilities / 短期负债","","","1","","Liability","CZK"
"375-L - Krátkodobé zprostředkování transferů / Short-term Transfer Intermediation / 短期转移中介","D.III.33. - Krátkodobé zprostředkování transferů / Short-term Transfer Intermediation / 短期转移中介","375-L","","0","","Liability","CZK"
"D.III.34. - Závazky z řízení likvidity státní pokladny a státního dluhu / Liab. St. Treas. & Debt Mgmt. / 国库债务管理负债","D.III. - Krátkodobé závazky / Short-term Liabilities / 短期负债","","","1","","Liability","CZK"
"248-L - Závazky z řízení likvidity státní pokladny a státního dluhu / Liab. St. Treas. & Debt Mgmt. / 国库债务管理负债","D.III.34. - Závazky z řízení likvidity státní pokladny a státního dluhu / Liab. St. Treas. & Debt Mgmt. / 国库债务管理负债","248-L","","0","","Liability","CZK"
"D.III.35. - Výdaje příštích období / Expenditures for Future Periods / 未来期间支出","D.III. - Krátkodobé závazky / Short-term Liabilities / 短期负债","","","1","","Liability","CZK"
"383 - Výdaje příštích období / Expenditures for Future Periods / 未来期间支出","D.III.35. - Výdaje příštích období / Expenditures for Future Periods / 未来期间支出","383","","0","","Liability","CZK"
"D.III.36. - Výnosy příštích období / Income of Future Periods / 未来期间的收入","D.III. - Krátkodobé závazky / Short-term Liabilities / 短期负债","","","1","","Liability","CZK"
"384 - Výnosy příštích období / Income of Future Periods / 未来期间的收入","D.III.36. - Výnosy příštích období / Income of Future Periods / 未来期间的收入","384","","0","","Liability","CZK"
"D.III.37. - Dohadné účty pasivní / Provisions / 预计负债","D.III. - Krátkodobé závazky / Short-term Liabilities / 短期负债","","","1","","Liability","CZK"
"389 - Dohadné účty pasivní / Provisions / 预计负债","D.III.37. - Dohadné účty pasivní / Provisions / 预计负债","389","","0","","Liability","CZK"
"D.III.38. - Ostatní krátkodobé závazky / Other Short-Term Liabilities / 其他短期负债","D.III. - Krátkodobé závazky / Short-term Liabilities / 短期负债","","","1","","Liability","CZK"
"378 - Ostatní krátkodobé závazky / Other Short-Term Liabilities / 其他短期负债","D.III.38. - Ostatní krátkodobé závazky / Other Short-Term Liabilities / 其他短期负债","378","","0","","Liability","CZK"
