"/BIC/ZC_VYKAZ Výkaz";"/BIC/ZC_VTAB Tabulka výkazu";"/BIC/ZC_POLVYK Položka výkazu";"/BIC/ZC_SYNUC Syntetický účet";"/BIC/ZC_CISPOL Číslo položky";"DATEFROM Platí od";"DATETO Platí do";"TXTXL Dlouhý text"
"001";"000100";"A.";"-";"002";"20140101";"99991231";"Stálá aktiva"
"001";"000100";"A.";"-";"002";"20120101";"20131231";"Stálá aktiva"
"001";"000100";"A.";"-";"002";"10000101";"20111231";"Stálá aktiva"
"001";"000100";"A.I.";"-";"003";"20140101";"99991231";"Dlouhodobý nehmotný majetek"
"001";"000100";"A.I.";"-";"003";"20120101";"20131231";"Dlouhodobý nehmotný majetek"
"001";"000100";"A.I.";"-";"003";"10000101";"20111231";"Dlouhodobý nehmotný majetek"
"001";"000100";"A.I.1.";"012";"004";"20140101";"99991231";"Nehmotné výsledky výzkumu a vývoje"
"001";"000100";"A.I.1.";"012";"004";"20120101";"20131231";"Nehmotné výsledky výzkumu a vývoje"
"001";"000100";"A.I.1.";"012";"004";"10000101";"20111231";"Nehmotné výsledky výzkumu a vývoje"
"001";"000100";"A.I.10.";"035";"013";"20140101";"20151231";"Dlouhodobý nehmotný majetek určený k prodeji"
"001";"000100";"A.I.2.";"013";"005";"20140101";"99991231";"Software"
"001";"000100";"A.I.2.";"013";"005";"10000101";"20111231";"Software"
"001";"000100";"A.I.2.";"013";"005";"20120101";"20131231";"Software"
"001";"000100";"A.I.3.";"014";"006";"10000101";"20111231";"Ocenitelná práva"
"001";"000100";"A.I.3.";"014";"006";"20140101";"99991231";"Ocenitelná práva"
"001";"000100";"A.I.3.";"014";"006";"20120101";"20131231";"Ocenitelná práva"
"001";"000100";"A.I.4.";"015";"007";"20140101";"99991231";"Povolenky na emise a preferenční limity"
"001";"000100";"A.I.4.";"015";"007";"20120101";"20131231";"Povolenky na emise a preferenční limity"
"001";"000100";"A.I.4.";"015";"007";"10000101";"20111231";"Povolenky na emise a preferenční limity"
"001";"000100";"A.I.5.";"018";"008";"20140101";"99991231";"Drobný dlouhodobý nehmotný majetek"
"001";"000100";"A.I.5.";"018";"008";"20120101";"20131231";"Drobný dlouhodobý nehmotný majetek"
"001";"000100";"A.I.5.";"018";"008";"10000101";"20111231";"Drobný dlouhodobý nehmotný majetek"
"001";"000100";"A.I.6.";"019";"009";"10000101";"20111231";"Ostatní dlouhodobý nehmotný majetek"
"001";"000100";"A.I.6.";"019";"009";"20120101";"20131231";"Ostatní dlouhodobý nehmotný majetek"
"001";"000100";"A.I.6.";"019";"009";"20140101";"99991231";"Ostatní dlouhodobý nehmotný majetek"
"001";"000100";"A.I.7.";"041";"010";"10000101";"20111231";"Nedokončený dlouhodobý nehmotný majetek"
"001";"000100";"A.I.7.";"041";"010";"20120101";"20131231";"Nedokončený dlouhodobý nehmotný majetek"
"001";"000100";"A.I.7.";"041";"010";"20140101";"99991231";"Nedokončený dlouhodobý nehmotný majetek"
"001";"000100";"A.I.8.";"051";"011";"20160101";"99991231";"Poskytnuté zálohy na dlouhodobý nehmotný majetek"
"001";"000100";"A.I.8.";"044";"011";"10000101";"20111231";"Uspořádací účet technického zhodnocení dlouhodobého nehmotného majetku"
"001";"000100";"A.I.8.";"044";"011";"20120101";"20131231";"Uspořádací účet technického zhodnocení dlouhodobého nehmotného majetku"
"001";"000100";"A.I.8.";"044";"011";"20140101";"20151231";"Uspořádací účet technického zhodnocení dlouhodobého nehmotného majetku"
"001";"000100";"A.I.9.";"051";"012";"20140101";"20151231";"Poskytnuté zálohy na dlouhodobý nehmotný majetek"
"001";"000100";"A.I.9.";"051";"012";"20120101";"20131231";"Poskytnuté zálohy na dlouhodobý nehmotný majetek"
"001";"000100";"A.I.9.";"035";"012";"20160101";"99991231";"Dlouhodobý nehmotný majetek určený k prodeji"
"001";"000100";"A.I.9.";"051";"012";"10000101";"20111231";"Poskytnuté zálohy na dlouhodobý nehmotný majetek"
"001";"000100";"A.II.";"-";"013";"20120101";"20131231";"Dlouhodobý hmotný majetek"
"001";"000100";"A.II.";"-";"013";"10000101";"20111231";"Dlouhodobý hmotný majetek"
"001";"000100";"A.II.";"-";"014";"20140101";"99991231";"Dlouhodobý hmotný majetek"
"001";"000100";"A.II.1.";"031";"014";"20120101";"20131231";"Pozemky"
"001";"000100";"A.II.1.";"031";"014";"10000101";"20111231";"Pozemky"
"001";"000100";"A.II.1.";"031";"015";"20140101";"99991231";"Pozemky"
"001";"000100";"A.II.10.";"052";"023";"20120101";"20131231";"Poskytnuté zálohy na dlouhodobý hmotný majetek"
"001";"000100";"A.II.10.";"052";"023";"10000101";"20111231";"Poskytnuté zálohy na dlouhodobý hmotný majetek"
"001";"000100";"A.II.10.";"052";"024";"20140101";"20151231";"Poskytnuté zálohy na dlouhodobý hmotný majetek"
"001";"000100";"A.II.10.";"036";"024";"20160101";"99991231";"Dlouhodobý hmotný majetek určený k prodeji"
"001";"000100";"A.II.11.";"036";"025";"20140101";"20151231";"Dlouhodobý hmotný majetek určený k prodeji"
"001";"000100";"A.II.2.";"032";"016";"20140101";"99991231";"Kulturní předměty"
"001";"000100";"A.II.2.";"032";"015";"10000101";"20111231";"Kulturní předměty"
"001";"000100";"A.II.2.";"032";"015";"20120101";"20131231";"Kulturní předměty"
"001";"000100";"A.II.3.";"021";"017";"20140101";"99991231";"Stavby"
"001";"000100";"A.II.3.";"021";"016";"10000101";"20111231";"Stavby"
"001";"000100";"A.II.3.";"021";"016";"20120101";"20131231";"Stavby"
"001";"000100";"A.II.4.";"022";"017";"20120101";"20131231";"Samostatné movité věci a soubory movitých věcí"
"001";"000100";"A.II.4.";"022";"017";"10000101";"20111231";"Samostatné movité věci a soubory movitých věcí"
"001";"000100";"A.II.4.";"022";"018";"20140101";"99991231";"Samostatné hmotné movité věci a soubory hmotných movitých věcí"
"001";"000100";"A.II.5.";"025";"018";"20120101";"20131231";"Pěstitelské celky trvalých porostů"
"001";"000100";"A.II.5.";"025";"018";"10000101";"20111231";"Pěstitelské celky trvalých porostů"
"001";"000100";"A.II.5.";"025";"019";"20140101";"99991231";"Pěstitelské celky trvalých porostů"
"001";"000100";"A.II.6.";"028";"019";"20120101";"20131231";"Drobný dlouhodobý hmotný majetek"
"001";"000100";"A.II.6.";"028";"019";"10000101";"20111231";"Drobný dlouhodobý hmotný majetek"
"001";"000100";"A.II.6.";"028";"020";"20140101";"99991231";"Drobný dlouhodobý hmotný majetek"
"001";"000100";"A.II.7.";"029";"020";"20120101";"20131231";"Ostatní dlouhodobý hmotný majetek"
"001";"000100";"A.II.7.";"029";"020";"10000101";"20111231";"Ostatní dlouhodobý hmotný majetek"
"001";"000100";"A.II.7.";"029";"021";"20140101";"99991231";"Ostatní dlouhodobý hmotný majetek"
"001";"000100";"A.II.8.";"042";"021";"20120101";"20131231";"Nedokončený dlouhodobý hmotný majetek"
"001";"000100";"A.II.8.";"042";"021";"10000101";"20111231";"Nedokončený dlouhodobý hmotný majetek"
"001";"000100";"A.II.8.";"042";"022";"20140101";"99991231";"Nedokončený dlouhodobý hmotný majetek"
"001";"000100";"A.II.9.";"045";"022";"10000101";"20111231";"Uspořádací účet technického zhodnocení dlouhodobého hmotného majetku"
"001";"000100";"A.II.9.";"045";"022";"20120101";"20131231";"Uspořádací účet technického zhodnocení dlouhodobého hmotného majetku"
"001";"000100";"A.II.9.";"052";"023";"20160101";"99991231";"Poskytnuté zálohy na dlouhodobý hmotný majetek"
"001";"000100";"A.II.9.";"045";"023";"20140101";"20151231";"Uspořádací účet technického zhodnocení dlouhodobého hmotného majetku"
"001";"000100";"A.III.";"-";"026";"20140101";"99991231";"Dlouhodobý finanční majetek"
"001";"000100";"A.III.";"-";"024";"20120101";"20131231";"Dlouhodobý finanční majetek"
"001";"000100";"A.III.";"-";"024";"10000101";"20111231";"Dlouhodobý finanční majetek"
"001";"000100";"A.III.1.";"061";"025";"10000101";"20111231";"Majetkové účasti v osobách s rozhodujícím vlivem"
"001";"000100";"A.III.1.";"061";"027";"20140101";"99991231";"Majetkové účasti v osobách s rozhodujícím vlivem"
"001";"000100";"A.III.1.";"061";"025";"20120101";"20131231";"Majetkové účasti v osobách s rozhodujícím vlivem"
"001";"000100";"A.III.2.";"062";"028";"20140101";"99991231";"Majetkové účasti v osobách s podstatným vlivem"
"001";"000100";"A.III.2.";"062";"026";"20120101";"20131231";"Majetkové účasti v osobách s podstatným vlivem"
"001";"000100";"A.III.2.";"062";"026";"10000101";"20111231";"Majetkové účasti v osobách s podstatným vlivem"
"001";"000100";"A.III.3.";"063";"029";"20140101";"99991231";"Dluhové cenné papíry držené do splatnosti"
"001";"000100";"A.III.3.";"063";"027";"20120101";"20131231";"Dluhové cenné papíry držené do splatnosti"
"001";"000100";"A.III.3.";"063";"027";"10000101";"20111231";"Dluhové cenné papíry držené do splatnosti"
"001";"000100";"A.III.4.";"066";"028";"10000101";"20111231";"Půjčky osobám ve skupině"
"001";"000100";"A.III.4.";"067";"028";"20120101";"20131231";"Dlouhodobé půjčky"
"001";"000100";"A.III.4.";"067";"030";"20140101";"99991231";"Dlouhodobé půjčky"
"001";"000100";"A.III.5.";"068";"031";"20140101";"99991231";"Termínované vklady dlouhodobé"
"001";"000100";"A.III.5.";"067";"029";"10000101";"20111231";"Jiné dlouhodobé půjčky"
"001";"000100";"A.III.5.";"068";"029";"20120101";"20131231";"Termínované vklady dlouhodobé"
"001";"000100";"A.III.6.";"069";"032";"20140101";"99991231";"Ostatní dlouhodobý finanční majetek"
"001";"000100";"A.III.6.";"069";"030";"20120101";"20131231";"Ostatní dlouhodobý finanční majetek"
"001";"000100";"A.III.6.";"068";"030";"10000101";"20111231";"Termínované vklady dlouhodobé"
"001";"000100";"A.III.7.";"069";"031";"10000101";"20111231";"Ostatní dlouhodobý finanční majetek"
"001";"000100";"A.III.7.";"043";"031";"20120101";"20131231";"Pořizovaný dlouhodobý finanční majetek"
"001";"000100";"A.III.7.";"043";"033";"20140101";"99991231";"Pořizovaný dlouhodobý finanční majetek"
"001";"000100";"A.III.8.";"043";"032";"10000101";"20111231";"Pořizovaný dlouhodobý finanční majetek"
"001";"000100";"A.III.8.";"053";"032";"20120101";"20131231";"Poskytnuté zálohy na dlouhodobý finanční majetek"
"001";"000100";"A.III.8.";"053";"034";"20140101";"99991231";"Poskytnuté zálohy na dlouhodobý finanční majetek"
"001";"000100";"A.III.9.";"053";"033";"10000101";"20111231";"Poskytnuté zálohy na dlouhodobý finanční majetek"
"001";"000100";"A.IV.";"-";"035";"20140101";"99991231";"Dlouhodobé pohledávky"
"001";"000100";"A.IV.";"-";"033";"20120101";"20131231";"Dlouhodobé pohledávky"
"001";"000100";"A.IV.";"-";"034";"10000101";"20111231";"Dlouhodobé pohledávky"
"001";"000100";"A.IV.1.";"462";"036";"20140101";"99991231";"Poskytnuté návratné finanční výpomoci dlouhodobé"
"001";"000100";"A.IV.1.";"462";"034";"20120101";"20131231";"Poskytnuté návratné finanční výpomoci dlouhodobé"
"001";"000100";"A.IV.1.";"462";"035";"10000101";"20111231";"Poskytnuté návratné finanční výpomoci dlouhodobé"
"001";"000100";"A.IV.2.";"464";"035";"20120101";"20131231";"Dlouhodobé pohledávky z postoupených úvěrů"
"001";"000100";"A.IV.2.";"464";"036";"10000101";"20111231";"Dlouhodobé pohledávky z postoupených úvěrů"
"001";"000100";"A.IV.2.";"464";"037";"20140101";"99991231";"Dlouhodobé pohledávky z postoupených úvěrů"
"001";"000100";"A.IV.3.";"465";"037";"10000101";"20111231";"Dlouhodobé poskytnuté zálohy"
"001";"000100";"A.IV.3.";"465";"036";"20120101";"20131231";"Dlouhodobé poskytnuté zálohy"
"001";"000100";"A.IV.3.";"465";"038";"20140101";"99991231";"Dlouhodobé poskytnuté zálohy"
"001";"000100";"A.IV.4.";"466";"038";"10000101";"20111231";"Dlouhodobé pohledávky z ručení"
"001";"000100";"A.IV.4.";"466";"037";"20120101";"20131231";"Dlouhodobé pohledávky z ručení"
"001";"000100";"A.IV.4.";"466";"039";"20140101";"99991231";"Dlouhodobé pohledávky z ručení"
"001";"000100";"A.IV.5.";"468";"039";"10000101";"20111231";"Dlouhodobé pohledávky z nástrojů spolufinancovaných ze zahraničí"
"001";"000100";"A.IV.5.";"468";"038";"20120101";"20131231";"Dlouhodobé pohledávky z nástrojů spolufinancovaných ze zahraničí"
"001";"000100";"A.IV.5.";"468";"040";"20140101";"20141231";"Dlouhodobé pohledávky z nástrojů spolufinancovaných ze zahraničí"
"001";"000100";"A.IV.5.";"469";"040";"20150101";"99991231";"Ostatní dlouhodobé pohledávky"
"001";"000100";"A.IV.6.";"469";"040";"10000101";"20111231";"Ostatní dlouhodobé pohledávky"
"001";"000100";"A.IV.6.";"469";"039";"20120101";"20131231";"Ostatní dlouhodobé pohledávky"
"001";"000100";"A.IV.6.";"469";"041";"20140101";"20141231";"Ostatní dlouhodobé pohledávky"
"001";"000100";"A.IV.6.";"471";"041";"20150101";"99991231";"Dlouhodobé poskytnuté zálohy na transfery"
"001";"000100";"A.IV.7.";"475";"042";"20150101";"20151231";"Zprostředkování dlouhodobých transferů"
"001";"000100";"A.IV.7.";"475";"042";"20160101";"99991231";"Dlouhodobé zprostředkování transferů"
"001";"000100";"A.IV.7.";"471";"040";"20120101";"20131231";"Dlouhodobé poskytnuté zálohy na transfery"
"001";"000100";"A.IV.7.";"471";"042";"20140101";"20141231";"Dlouhodobé poskytnuté zálohy na transfery"
"001";"000100";"AKTIVA";"-";"001";"10000101";"20111231";"Aktiva celkem"
"001";"000100";"AKTIVA";"-";"001";"20120101";"20131231";"Aktiva celkem"
"001";"000100";"AKTIVA";"-";"001";"20140101";"99991231";"Aktiva celkem"
"001";"000100";"B.";"-";"043";"20140101";"99991231";"Oběžná aktiva"
"001";"000100";"B.";"-";"041";"10000101";"20111231";"Oběžná aktiva"
"001";"000100";"B.";"-";"041";"20120101";"20131231";"Oběžná aktiva"
"001";"000100";"B.I.";"-";"042";"10000101";"20111231";"Zásoby"
"001";"000100";"B.I.";"-";"042";"20120101";"20131231";"Zásoby"
"001";"000100";"B.I.";"-";"044";"20140101";"99991231";"Zásoby"
"001";"000100";"B.I.1.";"111";"043";"10000101";"20111231";"Pořízení materiálu"
"001";"000100";"B.I.1.";"111";"043";"20120101";"20131231";"Pořízení materiálu"
"001";"000100";"B.I.1.";"111";"045";"20140101";"99991231";"Pořízení materiálu"
"001";"000100";"B.I.10.";"139";"052";"10000101";"20111231";"Ostatní zásoby"
"001";"000100";"B.I.10.";"139";"052";"20120101";"20131231";"Ostatní zásoby"
"001";"000100";"B.I.10.";"139";"054";"20140101";"99991231";"Ostatní zásoby"
"001";"000100";"B.I.2.";"112";"046";"20140101";"99991231";"Materiál na skladě"
"001";"000100";"B.I.2.";"112";"044";"20120101";"20131231";"Materiál na skladě"
"001";"000100";"B.I.2.";"112";"044";"10000101";"20111231";"Materiál na skladě"
"001";"000100";"B.I.3.";"119";"047";"20140101";"99991231";"Materiál na cestě"
"001";"000100";"B.I.3.";"119";"045";"20120101";"20131231";"Materiál na cestě"
"001";"000100";"B.I.3.";"119";"045";"10000101";"20111231";"Materiál na cestě"
"001";"000100";"B.I.4.";"121";"048";"20140101";"99991231";"Nedokončená výroba"
"001";"000100";"B.I.4.";"121";"046";"20120101";"20131231";"Nedokončená výroba"
"001";"000100";"B.I.4.";"121";"046";"10000101";"20111231";"Nedokončená výroba"
"001";"000100";"B.I.5.";"122";"049";"20140101";"99991231";"Polotovary vlastní výroby"
"001";"000100";"B.I.5.";"122";"047";"20120101";"20131231";"Polotovary vlastní výroby"
"001";"000100";"B.I.5.";"122";"047";"10000101";"20111231";"Polotovary vlastní výroby"
"001";"000100";"B.I.6.";"123";"048";"20120101";"20131231";"Výrobky"
"001";"000100";"B.I.6.";"123";"048";"10000101";"20111231";"Výrobky"
"001";"000100";"B.I.6.";"123";"050";"20140101";"99991231";"Výrobky"
"001";"000100";"B.I.7.";"131";"049";"20120101";"20131231";"Pořízení zboží"
"001";"000100";"B.I.7.";"131";"049";"10000101";"20111231";"Pořízení zboží"
"001";"000100";"B.I.7.";"131";"051";"20140101";"99991231";"Pořízení zboží"
"001";"000100";"B.I.8.";"132";"052";"20140101";"99991231";"Zboží na skladě"
"001";"000100";"B.I.8.";"132";"050";"20120101";"20131231";"Zboží na skladě"
"001";"000100";"B.I.8.";"132";"050";"10000101";"20111231";"Zboží na skladě"
"001";"000100";"B.I.9.";"138";"053";"20140101";"99991231";"Zboží na cestě"
"001";"000100";"B.I.9.";"138";"051";"20120101";"20131231";"Zboží na cestě"
"001";"000100";"B.I.9.";"138";"051";"10000101";"20111231";"Zboží na cestě"
"001";"000100";"B.II.";"-";"055";"20140101";"99991231";"Krátkodobé pohledávky"
"001";"000100";"B.II.";"-";"053";"20120101";"20131231";"Krátkodobé pohledávky"
"001";"000100";"B.II.";"-";"053";"10000101";"20111231";"Krátkodobé pohledávky"
"001";"000100";"B.II.1.";"311";"056";"20140101";"99991231";"Odběratelé"
"001";"000100";"B.II.1.";"311";"054";"20120101";"20131231";"Odběratelé"
"001";"000100";"B.II.1.";"311";"054";"10000101";"20111231";"Odběratelé"
"001";"000100";"B.II.10.";"336";"065";"20140101";"99991231";"Sociální zabezpečení"
"001";"000100";"B.II.10.";"335";"063";"10000101";"20111231";"Pohledávky za zaměstnanci"
"001";"000100";"B.II.10.";"335";"063";"20120101";"20131231";"Pohledávky za zaměstnanci"
"001";"000100";"B.II.11.";"336";"064";"10000101";"20111231";"Zúčtování s institucemi sociálního zabezpečení a zdravotního pojištění"
"001";"000100";"B.II.11.";"336";"064";"20120101";"20131231";"Zúčtování s institucemi sociálního zabezpečení a zdravotního pojištění"
"001";"000100";"B.II.11.";"337";"066";"20140101";"99991231";"Zdravotní pojištění"
"001";"000100";"B.II.12.";"341";"065";"10000101";"20111231";"Daň z příjmů"
"001";"000100";"B.II.12.";"341";"065";"20120101";"20131231";"Daň z příjmů"
"001";"000100";"B.II.12.";"338";"067";"20140101";"99991231";"Důchodové spoření"
"001";"000100";"B.II.13.";"342";"066";"20120101";"20131231";"Jiné přímé daně"
"001";"000100";"B.II.13.";"342";"066";"10000101";"20111231";"Jiné přímé daně"
"001";"000100";"B.II.13.";"341";"068";"20140101";"99991231";"Daň z příjmů"
"001";"000100";"B.II.14.";"343";"067";"20120101";"20131231";"Daň z přidané hodnoty"
"001";"000100";"B.II.14.";"343";"067";"10000101";"20111231";"Daň z přidané hodnoty"
"001";"000100";"B.II.14.";"342";"069";"20150101";"99991231";"Ostatní daně, poplatky a jiná obdobná peněžitá plnění"
"001";"000100";"B.II.14.";"342";"069";"20140101";"20141231";"Jiné přímé daně"
"001";"000100";"B.II.15.";"343";"070";"20140101";"99991231";"Daň z přidané hodnoty"
"001";"000100";"B.II.15.";"344";"068";"20120101";"20131231";"Jiné daně a poplatky"
"001";"000100";"B.II.15.";"345";"068";"10000101";"20111231";"Jiné daně a poplatky"
"001";"000100";"B.II.16.";"344";"071";"20150101";"99991231";"Pohledávky za osobami mimo vybrané vládní instituce"
"001";"000100";"B.II.16.";"344";"071";"20140101";"20141231";"Jiné daně a poplatky"
"001";"000100";"B.II.16.";"346";"069";"20120101";"20131231";"Pohledávky za vybranými ústředními vládními institucemi"
"001";"000100";"B.II.16.";"346";"069";"20110101";"20111231";"Pohledávky za ústředními rozpočty"
"001";"000100";"B.II.16.";"346";"069";"10000101";"20101231";"Pohledávky za státním rozpočtem"
"001";"000100";"B.II.17.";"346";"072";"20140101";"99991231";"Pohledávky za vybranými ústředními vládními institucemi"
"001";"000100";"B.II.17.";"348";"070";"20120101";"20131231";"Pohledávky za vybranými místními vládními institucemi"
"001";"000100";"B.II.17.";"348";"070";"20110101";"20111231";"Pohledávky za územními rozpočty"
"001";"000100";"B.II.17.";"348";"070";"10000101";"20101231";"Pohledávky za rozpočtem územních samosprávných celků"
"001";"000100";"B.II.18.";"351";"071";"20120101";"20131231";"Pohledávky za účastníky sdružení"
"001";"000100";"B.II.18.";"351";"071";"10000101";"20111231";"Pohledávky za účastníky sdružení"
"001";"000100";"B.II.18.";"348";"073";"20140101";"99991231";"Pohledávky za vybranými místními vládními institucemi"
"001";"000100";"B.II.19.";"352";"074";"20140101";"99991231";"Pohledávky ze správy daní"
"001";"000100";"B.II.19.";"361";"072";"10000101";"20111231";"Krátkodobé pohledávky z ručení"
"001";"000100";"B.II.19.";"361";"072";"20120101";"20131231";"Krátkodobé pohledávky z ručení"
"001";"000100";"B.II.2.";"312";"057";"20140101";"99991231";"Směnky k inkasu"
"001";"000100";"B.II.2.";"312";"055";"10000101";"20111231";"Směnky k inkasu"
"001";"000100";"B.II.2.";"312";"055";"20120101";"20131231";"Směnky k inkasu"
"001";"000100";"B.II.20.";"355";"075";"20140101";"99991231";"Zúčtování z přerozdělování daní"
"001";"000100";"B.II.20.";"363";"073";"10000101";"20111231";"Pevné termínové operace a opce"
"001";"000100";"B.II.20.";"363";"073";"20120101";"20131231";"Pevné termínové operace a opce"
"001";"000100";"B.II.21.";"356";"076";"20140101";"99991231";"Pohledávky z exekuce a ostatního nakládání s cizím majetkem"
"001";"000100";"B.II.21.";"365";"074";"10000101";"20111231";"Pohledávky z finančního zajištění"
"001";"000100";"B.II.21.";"365";"074";"20120101";"20131231";"Pohledávky z finančního zajištění"
"001";"000100";"B.II.22.";"358";"077";"20140101";"99991231";"Ostatní pohledávky ze správy daní"
"001";"000100";"B.II.22.";"367";"075";"10000101";"20111231";"Pohledávky z vydaných dluhopisů"
"001";"000100";"B.II.22.";"367";"075";"20120101";"20131231";"Pohledávky z vydaných dluhopisů"
"001";"000100";"B.II.23.";"361";"078";"20140101";"99991231";"Krátkodobé pohledávky z ručení"
"001";"000100";"B.II.23.";"371";"076";"20120101";"20131231";"Krátkodobé pohledávky z nástrojů spolufinancovaných ze zahraničí"
"001";"000100";"B.II.23.";"371";"076";"10000101";"20111231";"Krátkodobé pohledávky z nástrojů spolufinancovaných ze zahraničí"
"001";"000100";"B.II.24.";"373";"077";"10000101";"20101231";"Poskytnuté zálohy na dotace"
"001";"000100";"B.II.24.";"373";"077";"20110101";"20111231";"Poskytnuté zálohy na transfery"
"001";"000100";"B.II.24.";"363";"079";"20140101";"99991231";"Pevné termínové operace a opce"
"001";"000100";"B.II.24.";"373";"077";"20120101";"20131231";"Krátkodobé poskytnuté zálohy na transfery"
"001";"000100";"B.II.25.";"365";"080";"20140101";"20151231";"Pohledávky z finančního zajištění"
"001";"000100";"B.II.25.";"369";"080";"20160101";"99991231";"Pohledávky z neukončených finančních operací"
"001";"000100";"B.II.25.";"381";"078";"10000101";"20111231";"Náklady příštích období"
"001";"000100";"B.II.25.";"381";"078";"20120101";"20131231";"Náklady příštích období"
"001";"000100";"B.II.26.";"367";"081";"20140101";"20151231";"Pohledávky z vydaných dluhopisů"
"001";"000100";"B.II.26.";"365";"081";"20160101";"99991231";"Pohledávky z finančního zajištění"
"001";"000100";"B.II.26.";"385";"079";"10000101";"20111231";"Příjmy příštích období"
"001";"000100";"B.II.26.";"385";"079";"20120101";"20131231";"Příjmy příštích období"
"001";"000100";"B.II.27.";"388";"080";"10000101";"20111231";"Dohadné účty aktivní"
"001";"000100";"B.II.27.";"373";"083";"20150101";"20151231";"Krátkodobé poskytnuté zálohy na transfery"
"001";"000100";"B.II.27.";"388";"080";"20120101";"20131231";"Dohadné účty aktivní"
"001";"000100";"B.II.27.";"367";"082";"20160101";"99991231";"Pohledávky z vydaných dluhopisů"
"001";"000100";"B.II.27.";"371";"082";"20140101";"20141231";"Krátkodobé pohledávky z nástrojů spolufinancovaných ze zahraničí"
"001";"000100";"B.II.28.";"373";"083";"20140101";"20141231";"Krátkodobé poskytnuté zálohy na transfery"
"001";"000100";"B.II.28.";"375";"083";"20150101";"20151231";"Zprostředkování krátkodobých transferů"
"001";"000100";"B.II.28.";"373";"083";"20160101";"99991231";"Krátkodobé poskytnuté zálohy na transfery"
"001";"000100";"B.II.28.";"377";"081";"10000101";"20111231";"Ostatní krátkodobé pohledávky"
"001";"000100";"B.II.28.";"377";"081";"20120101";"20131231";"Ostatní krátkodobé pohledávky"
"001";"000100";"B.II.29.";"375";"084";"20160101";"99991231";"Krátkodobé zprostředkování transferů"
"001";"000100";"B.II.29.";"381";"084";"20140101";"20151231";"Náklady příštích období"
"001";"000100";"B.II.3.";"313";"056";"20120101";"20131231";"Pohledávky za eskontované cenné papíry"
"001";"000100";"B.II.3.";"313";"056";"10000101";"20111231";"Pohledávky za eskontované cenné papíry"
"001";"000100";"B.II.3.";"313";"058";"20140101";"99991231";"Pohledávky za eskontované cenné papíry"
"001";"000100";"B.II.30.";"385";"085";"20140101";"20151231";"Příjmy příštích období"
"001";"000100";"B.II.30.";"381";"085";"20160101";"99991231";"Náklady příštích období"
"001";"000100";"B.II.31.";"385";"086";"20160101";"99991231";"Příjmy příštích období"
"001";"000100";"B.II.31.";"388";"086";"20140101";"20151231";"Dohadné účty aktivní"
"001";"000100";"B.II.32.";"388";"087";"20160101";"99991231";"Dohadné účty aktivní"
"001";"000100";"B.II.32.";"377";"087";"20140101";"20151231";"Ostatní krátkodobé pohledávky"
"001";"000100";"B.II.33.";"377";"088";"20160101";"99991231";"Ostatní krátkodobé pohledávky"
"001";"000100";"B.II.4.";"314";"057";"10000101";"20111231";"Krátkodobé poskytnuté zálohy"
"001";"000100";"B.II.4.";"314";"057";"20120101";"20131231";"Krátkodobé poskytnuté zálohy"
"001";"000100";"B.II.4.";"314";"059";"20140101";"99991231";"Krátkodobé poskytnuté zálohy"
"001";"000100";"B.II.5.";"315";"060";"20140101";"99991231";"Jiné pohledávky z hlavní činnosti"
"001";"000100";"B.II.5.";"315";"058";"20120101";"20131231";"Jiné pohledávky z hlavní činnosti"
"001";"000100";"B.II.5.";"315";"058";"10000101";"20111231";"Pohledávky z hlavní činnosti"
"001";"000100";"B.II.6.";"316";"061";"20140101";"99991231";"Poskytnuté návratné finanční výpomoci krátkodobé"
"001";"000100";"B.II.6.";"316";"059";"20120101";"20131231";"Poskytnuté návratné finanční výpomoci krátkodobé"
"001";"000100";"B.II.6.";"316";"059";"10000101";"20111231";"Poskytnuté návratné finanční výpomoci krátkodobé"
"001";"000100";"B.II.7.";"317";"062";"20140101";"99991231";"Krátkodobé pohledávky z postoupených úvěrů"
"001";"000100";"B.II.7.";"317";"060";"20120101";"20131231";"Krátkodobé pohledávky z postoupených úvěrů"
"001";"000100";"B.II.7.";"317";"060";"10000101";"20111231";"Krátkodobé pohledávky z postoupených úvěrů"
"001";"000100";"B.II.8.";"318";"061";"10000101";"20111231";"Pohledávky z výběru daní"
"001";"000100";"B.II.8.";"318";"061";"20120101";"20131231";"Pohledávky z titulu daní a obdobných dávek"
"001";"000100";"B.II.8.";"319";"063";"20140101";"99991231";"Pohledávky z přerozdělovaných daní"
"001";"000100";"B.II.9.";"319";"062";"20120101";"20131231";"Pohledávky ze sdílených daní"
"001";"000100";"B.II.9.";"319";"062";"10000101";"20111231";"Pohledávky ze sdílených daní"
"001";"000100";"B.II.9.";"335";"064";"20140101";"99991231";"Pohledávky za zaměstnanci"
"001";"000100";"B.III.";"-";"082";"10000101";"20111231";"Příjmové účty rozpočtového hospodaření"
"001";"000100";"B.III.";"-";"082";"20120101";"20131231";"Krátkodobý finanční majetek"
"001";"000100";"B.III.";"-";"089";"20140101";"99991231";"Krátkodobý finanční majetek"
"001";"000100";"B.III.1.";"251";"090";"20140101";"99991231";"Majetkové cenné papíry k obchodování"
"001";"000100";"B.III.1.";"251";"083";"20120101";"20131231";"Majetkové cenné papíry k obchodování"
"001";"000100";"B.III.1.";"222";"083";"10000101";"20111231";"Příjmový účet organizačních složek státu"
"001";"000100";"B.III.10.";"243";"099";"20140101";"99991231";"Běžný účet FKSP"
"001";"000100";"B.III.10.";"243";"092";"20120101";"20131231";"Běžný účet FKSP"
"001";"000100";"B.III.11.";"231";"093";"20120101";"20131231";"Základní běžný účet územních samosprávných celků"
"001";"000100";"B.III.11.";"231";"100";"20140101";"99991231";"Základní běžný účet územních samosprávných celků"
"001";"000100";"B.III.12.";"236";"094";"20120101";"20131231";"Běžné účty fondů územních samosprávných celků"
"001";"000100";"B.III.12.";"236";"101";"20140101";"99991231";"Běžné účty fondů územních samosprávných celků"
"001";"000100";"B.III.13.";"224";"095";"20120101";"20131231";"Běžné účty státních fondů"
"001";"000100";"B.III.13.";"224";"102";"20140101";"99991231";"Běžné účty státních fondů"
"001";"000100";"B.III.14.";"225";"096";"20120101";"20131231";"Běžné účty fondů organizačních složek státu"
"001";"000100";"B.III.14.";"225";"103";"20140101";"99991231";"Běžné účty fondů organizačních složek státu"
"001";"000100";"B.III.15.";"263";"097";"20120101";"20131231";"Ceniny"
"001";"000100";"B.III.15.";"263";"104";"20140101";"99991231";"Ceniny"
"001";"000100";"B.III.16.";"262";"098";"20120101";"20131231";"Peníze na cestě"
"001";"000100";"B.III.16.";"262";"105";"20140101";"99991231";"Peníze na cestě"
"001";"000100";"B.III.17.";"261";"106";"20140101";"99991231";"Pokladna"
"001";"000100";"B.III.17.";"261";"099";"20120101";"20131231";"Pokladna"
"001";"000100";"B.III.2.";"253";"084";"20120101";"20131231";"Dluhové cenné papíry k obchodování"
"001";"000100";"B.III.2.";"253";"091";"20140101";"99991231";"Dluhové cenné papíry k obchodování"
"001";"000100";"B.III.3.";"256";"092";"20140101";"99991231";"Jiné cenné papíry"
"001";"000100";"B.III.3.";"256";"085";"20120101";"20131231";"Jiné cenné papíry"
"001";"000100";"B.III.4.";"244";"093";"20140101";"99991231";"Termínované vklady krátkodobé"
"001";"000100";"B.III.4.";"244";"086";"20120101";"20131231";"Termínované vklady krátkodobé"
"001";"000100";"B.III.5.";"245";"094";"20140101";"99991231";"Jiné běžné účty"
"001";"000100";"B.III.5.";"245";"087";"20120101";"20131231";"Jiné běžné účty"
"001";"000100";"B.III.6.";"247";"095";"20160101";"99991231";"Účty státních finančních aktiv"
"001";"000100";"B.III.6.";"247";"095";"20140101";"20151231";"Účty spravovaných prostředků"
"001";"000100";"B.III.6.";"247";"088";"20120101";"20131231";"Účty spravovaných prostředků"
"001";"000100";"B.III.7.";"248";"096";"20160101";"99991231";"Účty řízení likvidity státní pokladny a státního dluhu"
"001";"000100";"B.III.7.";"248";"096";"20140101";"20151231";"Souhrnné účty"
"001";"000100";"B.III.7.";"248";"089";"20120101";"20131231";"Souhrnné účty"
"001";"000100";"B.III.8.";"249";"097";"20140101";"99991231";"Účty pro sdílení daní a pro dělenou správu"
"001";"000100";"B.III.8.";"249";"090";"20120101";"20131231";"Účty pro sdílení daní a pro dělenou správu"
"001";"000100";"B.III.9.";"241";"098";"20140101";"99991231";"Běžný účet"
"001";"000100";"B.III.9.";"241";"091";"20120101";"20131231";"Běžný účet"
"001";"000100";"B.IV.";"-";"084";"10000101";"20111231";"Krátkodobý finanční majetek"
"001";"000100";"B.IV.1.";"251";"085";"10000101";"20111231";"Majetkové cenné papíry k obchodování"
"001";"000100";"B.IV.10.";"243";"094";"10000101";"20111231";"Běžný účet FKSP"
"001";"000100";"B.IV.11.";"231";"095";"10000101";"20111231";"Základní běžný účet územních samosprávných celků"
"001";"000100";"B.IV.12.";"236";"096";"10000101";"20111231";"Běžné účty fondů územních samosprávných celků"
"001";"000100";"B.IV.13.";"224";"097";"10000101";"20111231";"Běžné účty státních fondů"
"001";"000100";"B.IV.14.";"225";"098";"10000101";"20111231";"Běžné účty fondů organizačních složek státu"
"001";"000100";"B.IV.15.";"263";"099";"10000101";"20111231";"Ceniny"
"001";"000100";"B.IV.16.";"262";"100";"10000101";"20111231";"Peníze na cestě"
"001";"000100";"B.IV.17.";"261";"101";"10000101";"20111231";"Pokladna"
"001";"000100";"B.IV.2.";"253";"086";"10000101";"20111231";"Dluhové cenné papíry k obchodování"
"001";"000100";"B.IV.3.";"256";"087";"10000101";"20111231";"Jiné cenné papíry"
"001";"000100";"B.IV.4.";"244";"088";"10000101";"20111231";"Termínované vklady krátkodobé"
"001";"000100";"B.IV.5.";"245";"089";"10000101";"20111231";"Jiné běžné účty"
"001";"000100";"B.IV.6.";"247";"090";"10000101";"20111231";"Účty spravovaných prostředků"
"001";"000100";"B.IV.7.";"248";"091";"10000101";"20111231";"Souhrnné účty"
"001";"000100";"B.IV.8.";"249";"092";"10000101";"20111231";"Účty pro sdílení daní a pro dělenou správu"
"001";"000100";"B.IV.9.";"241";"093";"10000101";"20111231";"Běžný účet"
"001";"000100";"C.";"-";"108";"20140101";"99991231";"Vlastní kapitál"
"001";"000100";"C.";"-";"103";"10000101";"20111231";"Vlastní kapitál"
"001";"000100";"C.";"-";"103";"20120101";"20131231";"Vlastní kapitál"
"001";"000100";"C.I.";"-";"109";"20140101";"99991231";"Jmění účetní jednotky a upravující položky"
"001";"000100";"C.I.";"-";"104";"20120101";"20131231";"Jmění účetní jednotky a upravující položky"
"001";"000100";"C.I.";"-";"104";"10000101";"20111231";"Jmění účetní jednotky a upravující položky"
"001";"000100";"C.I.1.";"401";"110";"20140101";"99991231";"Jmění účetní jednotky"
"001";"000100";"C.I.1.";"401";"105";"20120101";"20131231";"Jmění účetní jednotky"
"001";"000100";"C.I.1.";"401";"105";"10000101";"20111231";"Jmění účetní jednotky"
"001";"000100";"C.I.2.";"402";"111";"20140101";"99991231";"Fond privatizace"
"001";"000100";"C.I.2.";"402";"106";"20120101";"20131231";"Fond privatizace"
"001";"000100";"C.I.2.";"402";"106";"10000101";"20111231";"Fond privatizace"
"001";"000100";"C.I.3.";"403";"112";"20140101";"99991231";"Transfery na pořízení dlouhodobého majetku"
"001";"000100";"C.I.3.";"403";"107";"20120101";"20131231";"Transfery na pořízení dlouhodobého majetku"
"001";"000100";"C.I.3.";"403";"107";"20110101";"20111231";"Transfery na pořízení dlouhodobého majetku"
"001";"000100";"C.I.3.";"403";"107";"10000101";"20101231";"Dotace na pořízení dlouhodobého majetku"
"001";"000100";"C.I.4.";"405";"108";"20120101";"20131231";"Kurzové rozdíly"
"001";"000100";"C.I.4.";"404";"108";"10000101";"20111231";"Agregované příjmy a výdaje minulých let"
"001";"000100";"C.I.4.";"405";"113";"20140101";"99991231";"Kurzové rozdíly"
"001";"000100";"C.I.5.";"406";"109";"20120101";"20131231";"Oceňovací rozdíly při prvotním použití metody"
"001";"000100";"C.I.5.";"405";"109";"10000101";"20111231";"Kurzové rozdíly"
"001";"000100";"C.I.5.";"406";"114";"20140101";"99991231";"Oceňovací rozdíly při prvotním použití metody"
"001";"000100";"C.I.6.";"407";"110";"20120101";"20131231";"Jiné oceňovací rozdíly"
"001";"000100";"C.I.6.";"406";"110";"10000101";"20111231";"Oceňovací rozdíly při změně metody"
"001";"000100";"C.I.6.";"407";"115";"20140101";"99991231";"Jiné oceňovací rozdíly"
"001";"000100";"C.I.7.";"408";"116";"20150101";"99991231";"Opravy předcházejících účetních období"
"001";"000100";"C.I.7.";"408";"115";"20140101";"20141231";"Opravy minulých období"
"001";"000100";"C.I.7.";"408";"111";"20120101";"20131231";"Opravy minulých období"
"001";"000100";"C.I.7.";"407";"111";"10000101";"20111231";"Jiné oceňovací rozdíly"
"001";"000100";"C.I.8.";"408";"112";"10000101";"20111231";"Opravy významných minulých období"
"001";"000100";"C.II.";"-";"117";"20140101";"99991231";"Fondy účetní jednotky"
"001";"000100";"C.II.";"-";"112";"20120101";"20131231";"Fondy účetní jednotky"
"001";"000100";"C.II.";"-";"113";"10000101";"20111231";"Fondy účetní jednotky"
"001";"000100";"C.II.1.";"411";"118";"20140101";"99991231";"Fond odměn"
"001";"000100";"C.II.1.";"411";"113";"20120101";"20131231";"Fond odměn"
"001";"000100";"C.II.1.";"411";"114";"10000101";"20111231";"Fond odměn"
"001";"000100";"C.II.2.";"412";"114";"20120101";"20131231";"Fond kulturních a sociálních potřeb"
"001";"000100";"C.II.2.";"412";"115";"10000101";"20111231";"Fond kulturních a sociálních potřeb"
"001";"000100";"C.II.2.";"412";"119";"20140101";"99991231";"Fond kulturních a sociálních potřeb"
"001";"000100";"C.II.3.";"413";"115";"20120101";"20131231";"Rezervní fond tvořený ze zlepšeného výsledku hospodaření"
"001";"000100";"C.II.3.";"413";"116";"10000101";"20111231";"Rezervní fond tvořený ze zlepšeného výsledku hospodaření"
"001";"000100";"C.II.3.";"413";"120";"20180101";"99991231";"Rezervní fond tvořený ze zlepšeného výsledku hospodaření"
"001";"000100";"C.II.3.";"413";"120";"20140101";"20171231";"Rezervní fond tvořený ze zlepšeného výsledku hospodaření"
"001";"000100";"C.II.4.";"414";"121";"20140101";"99991231";"Rezervní fond z ostatních titulů"
"001";"000100";"C.II.4.";"414";"116";"20120101";"20131231";"Rezervní fond z ostatních titulů"
"001";"000100";"C.II.4.";"414";"117";"10000101";"20111231";"Rezervní fond z ostatních titulů"
"001";"000100";"C.II.5.";"416";"122";"20160101";"99991231";"Fond reprodukce majetku, fond investic"
"001";"000100";"C.II.5.";"416";"122";"20140101";"20151231";"Fond reprodukce majetku, investiční fond"
"001";"000100";"C.II.5.";"416";"117";"20120101";"20131231";"Fond reprodukce majetku, investiční fond"
"001";"000100";"C.II.5.";"416";"118";"10000101";"20111231";"Fond reprodukce majetku"
"001";"000100";"C.II.6.";"419";"123";"20140101";"99991231";"Ostatní fondy"
"001";"000100";"C.II.6.";"419";"118";"20120101";"20131231";"Ostatní fondy"
"001";"000100";"C.II.6.";"419";"119";"10000101";"20111231";"Ostatní fondy"
"001";"000100";"C.III.";"-";"124";"20140101";"99991231";"Výsledek hospodaření"
"001";"000100";"C.III.";"-";"119";"20120101";"20131231";"Výsledek hospodaření"
"001";"000100";"C.III.";"-";"120";"10000101";"20111231";"Výsledek hospodaření"
"001";"000100";"C.III.1.";"493";"120";"20120101";"20131231";"Výsledek hospodaření běžného účetního období"
"001";"000100";"C.III.1.";"493";"121";"10000101";"20111231";"Výsledek hospodaření běžného účetního období"
"001";"000100";"C.III.1.";"-";"125";"20140101";"99991231";"Výsledek hospodaření běžného účetního období"
"001";"000100";"C.III.2.";"431";"121";"20120101";"20131231";"Výsledek hospodaření ve schvalovacím řízení"
"001";"000100";"C.III.2.";"431";"122";"10000101";"20111231";"Výsledek hospodaření ve schvalovacím řízení"
"001";"000100";"C.III.2.";"431";"126";"20140101";"99991231";"Výsledek hospodaření ve schvalovacím řízení"
"001";"000100";"C.III.3.";"432";"127";"20140101";"99991231";"Výsledek hospodaření předcházejících účetních období"
"001";"000100";"C.III.3.";"432";"123";"10000101";"20111231";"Nerozdělený zisk, neuhrazená ztráta minulých let"
"001";"000100";"C.III.3.";"432";"122";"20130101";"20131231";"Výsledek hospodaření minulých účetních období"
"001";"000100";"C.IV.";"-";"123";"20120101";"20131231";"Příjmový a výdajový účet rozpočtového hospodaření"
"001";"000100";"C.IV.";"-";"128";"20140101";"99991231";"Příjmový a výdajový účet rozpočtového hospodaření"
"001";"000100";"C.IV.1.";"222";"124";"20120101";"20131231";"Příjmový účet organizačních složek státu"
"001";"000100";"C.IV.1.";"222";"129";"20140101";"99991231";"Příjmový účet organizačních složek státu"
"001";"000100";"C.IV.2.";"223";"125";"20120101";"20131231";"Zvláštní výdajový účet"
"001";"000100";"C.IV.2.";"223";"130";"20140101";"99991231";"Zvláštní výdajový účet"
"001";"000100";"C.IV.3.";"227";"126";"20120101";"20131231";"Účet hospodaření státního rozpočtu"
"001";"000100";"C.IV.3.";"227";"131";"20140101";"99991231";"Účet hospodaření státního rozpočtu"
"001";"000100";"C.IV.4.";"404";"127";"20120101";"20131231";"Agregované příjmy a výdaje minulých období"
"001";"000100";"C.IV.4.";"404";"132";"20150101";"99991231";"Agregované příjmy a výdaje předcházejících účetních období"
"001";"000100";"C.IV.4.";"404";"132";"20140101";"20141231";"Agregované příjmy a výdaje minulých období"
"001";"000100";"D.";"-";"124";"10000101";"20111231";"Cizí zdroje"
"001";"000100";"D.";"-";"128";"20120101";"20131231";"Cizí zdroje"
"001";"000100";"D.";"-";"133";"20140101";"99991231";"Cizí zdroje"
"001";"000100";"D.I.";"-";"125";"10000101";"20111231";"Výdajové účty rozpočtového hospodaření"
"001";"000100";"D.I.";"-";"129";"20120101";"20131231";"Rezervy"
"001";"000100";"D.I.";"-";"134";"20140101";"99991231";"Rezervy"
"001";"000100";"D.I.1.";"441";"135";"20140101";"99991231";"Rezervy"
"001";"000100";"D.I.1.";"441";"130";"20120101";"20131231";"Rezervy"
"001";"000100";"D.I.1.";"223";"126";"10000101";"20111231";"Výdajový účet organizačních složek státu"
"001";"000100";"D.II.";"-";"131";"20120101";"20131231";"Dlouhodobé závazky"
"001";"000100";"D.II.";"-";"127";"10000101";"20111231";"Rezervy"
"001";"000100";"D.II.";"-";"136";"20140101";"99991231";"Dlouhodobé závazky"
"001";"000100";"D.II.1.";"451";"132";"20120101";"20131231";"Dlouhodobé úvěry"
"001";"000100";"D.II.1.";"441";"128";"10000101";"20111231";"Rezervy"
"001";"000100";"D.II.1.";"451";"137";"20140101";"99991231";"Dlouhodobé úvěry"
"001";"000100";"D.II.2.";"452";"133";"20120101";"20131231";"Přijaté návratné finanční výpomoci dlouhodobé"
"001";"000100";"D.II.2.";"452";"138";"20140101";"99991231";"Přijaté návratné finanční výpomoci dlouhodobé"
"001";"000100";"D.II.3.";"453";"134";"20120101";"20131231";"Dlouhodobé závazky z vydaných dluhopisů"
"001";"000100";"D.II.3.";"453";"139";"20140101";"99991231";"Dlouhodobé závazky z vydaných dluhopisů"
"001";"000100";"D.II.4.";"455";"135";"20120101";"20131231";"Dlouhodobé přijaté zálohy"
"001";"000100";"D.II.4.";"455";"140";"20140101";"99991231";"Dlouhodobé přijaté zálohy"
"001";"000100";"D.II.5.";"456";"136";"20120101";"20131231";"Dlouhodobé závazky z ručení"
"001";"000100";"D.II.5.";"456";"141";"20140101";"99991231";"Dlouhodobé závazky z ručení"
"001";"000100";"D.II.6.";"457";"137";"20120101";"20131231";"Dlouhodobé směnky k úhradě"
"001";"000100";"D.II.6.";"457";"142";"20140101";"99991231";"Dlouhodobé směnky k úhradě"
"001";"000100";"D.II.7.";"459";"143";"20150101";"99991231";"Ostatní dlouhodobé závazky"
"001";"000100";"D.II.7.";"458";"143";"20140101";"20141231";"Dlouhodobé závazky z nástrojů spolufinancovaných ze zahraničí"
"001";"000100";"D.II.7.";"458";"138";"20120101";"20131231";"Dlouhodobé závazky z nástrojů spolufinancovaných ze zahraničí"
"001";"000100";"D.II.8.";"472";"144";"20150101";"99991231";"Dlouhodobé přijaté zálohy na transfery"
"001";"000100";"D.II.8.";"459";"139";"20120101";"20131231";"Ostatní dlouhodobé závazky"
"001";"000100";"D.II.8.";"459";"144";"20140101";"20141231";"Ostatní dlouhodobé závazky"
"001";"000100";"D.II.9.";"475";"145";"20150101";"20151231";"Zprostředkování dlouhodobých transferů"
"001";"000100";"D.II.9.";"472";"145";"20140101";"20141231";"Dlouhodobé přijaté zálohy na transfery"
"001";"000100";"D.II.9.";"475";"145";"20160101";"99991231";"Dlouhodobé zprostředkování transferů"
"001";"000100";"D.II.9.";"472";"140";"20120101";"20131231";"Dlouhodobé přijaté zálohy na transfery"
"001";"000100";"D.III.";"-";"141";"20120101";"20131231";"Krátkodobé závazky"
"001";"000100";"D.III.";"-";"146";"20140101";"99991231";"Krátkodobé závazky"
"001";"000100";"D.III.";"-";"129";"10000101";"20111231";"Dlouhodobé závazky"
"001";"000100";"D.III.1.";"281";"142";"20120101";"20131231";"Krátkodobé úvěry"
"001";"000100";"D.III.1.";"451";"130";"10000101";"20111231";"Dlouhodobé úvěry"
"001";"000100";"D.III.1.";"281";"147";"20140101";"99991231";"Krátkodobé úvěry"
"001";"000100";"D.III.10.";"327";"152";"20120101";"20131231";"Přijaté zálohy daní"
"001";"000100";"D.III.10.";"331";"156";"20140101";"99991231";"Zaměstnanci"
"001";"000100";"D.III.11.";"328";"153";"20120101";"20131231";"Závazky z výběru daní"
"001";"000100";"D.III.11.";"333";"157";"20140101";"99991231";"Jiné závazky vůči zaměstnancům"
"001";"000100";"D.III.12.";"336";"158";"20140101";"99991231";"Sociální zabezpečení"
"001";"000100";"D.III.12.";"329";"154";"20120101";"20131231";"Závazky ze sdílených daní"
"001";"000100";"D.III.13.";"337";"159";"20140101";"99991231";"Zdravotní pojištění"
"001";"000100";"D.III.13.";"331";"155";"20120101";"20131231";"Zaměstnanci"
"001";"000100";"D.III.14.";"338";"160";"20140101";"99991231";"Důchodové spoření"
"001";"000100";"D.III.14.";"333";"156";"20120101";"20131231";"Jiné závazky vůči zaměstnancům"
"001";"000100";"D.III.15.";"341";"161";"20140101";"99991231";"Daň z příjmů"
"001";"000100";"D.III.15.";"336";"157";"20120101";"20131231";"Zúčtování s institucemi sociálního zabezpečení a zdravotního pojištění"
"001";"000100";"D.III.16.";"341";"158";"20120101";"20131231";"Daň z příjmů"
"001";"000100";"D.III.16.";"342";"162";"20140101";"20141231";"Jiné přímé daně"
"001";"000100";"D.III.16.";"342";"162";"20150101";"99991231";"Ostatní daně, poplatky a jiná obdobná peněžitá plnění"
"001";"000100";"D.III.17.";"342";"159";"20120101";"20131231";"Jiné přímé daně"
"001";"000100";"D.III.17.";"343";"163";"20140101";"99991231";"Daň z přidané hodnoty"
"001";"000100";"D.III.18.";"343";"160";"20120101";"20131231";"Daň z přidané hodnoty"
"001";"000100";"D.III.18.";"344";"164";"20140101";"20141231";"Jiné daně a poplatky"
"001";"000100";"D.III.18.";"345";"164";"20150101";"99991231";"Závazky k osobám mimo vybrané vládní instituce"
"001";"000100";"D.III.19.";"344";"161";"20120101";"20131231";"Jiné daně a poplatky"
"001";"000100";"D.III.19.";"345";"165";"20140101";"20141231";"Závazky k osobám mimo vybrané vládní instituce"
"001";"000100";"D.III.19.";"347";"165";"20150101";"99991231";"Závazky k vybraným ústředním vládním institucím"
"001";"000100";"D.III.2.";"452";"131";"10000101";"20111231";"Přijaté návratné finanční výpomoci dlouhodobé"
"001";"000100";"D.III.2.";"282";"143";"20120101";"20131231";"Eskontované krátkodobé dluhopisy (směnky)"
"001";"000100";"D.III.2.";"282";"148";"20140101";"99991231";"Eskontované krátkodobé dluhopisy (směnky)"
"001";"000100";"D.III.20.";"345";"162";"20120101";"20131231";"Závazky k osobám mimo vybrané vládní instituce"
"001";"000100";"D.III.20.";"347";"166";"20140101";"20141231";"Závazky k vybraným ústředním vládním institucím"
"001";"000100";"D.III.20.";"349";"166";"20150101";"99991231";"Závazky k vybraným místním vládním institucím"
"001";"000100";"D.III.21.";"349";"167";"20140101";"20141231";"Závazky k vybraným místním vládním institucím"
"001";"000100";"D.III.21.";"351";"167";"20150101";"99991231";"Přijaté zálohy daní"
"001";"000100";"D.III.21.";"347";"163";"20120101";"20131231";"Závazky k vybraným ústředním vládním institucím"
"001";"000100";"D.III.22.";"351";"168";"20140101";"20141231";"Přijaté zálohy daní"
"001";"000100";"D.III.22.";"349";"164";"20120101";"20131231";"Závazky k vybraným místním vládním institucím"
"001";"000100";"D.III.22.";"353";"168";"20150101";"99991231";"Přeplatky na daních"
"001";"000100";"D.III.23.";"354";"169";"20150101";"99991231";"Závazky z vratek nepřímých daní"
"001";"000100";"D.III.23.";"353";"169";"20140101";"20141231";"Přeplatky na daních"
"001";"000100";"D.III.23.";"352";"165";"20120101";"20131231";"Závazky k účastníkům sdružení"
"001";"000100";"D.III.24.";"354";"170";"20140101";"20141231";"Závazky z vratek nepřímých daní"
"001";"000100";"D.III.24.";"355";"170";"20150101";"99991231";"Zúčtování z přerozdělování daní"
"001";"000100";"D.III.24.";"362";"166";"20120101";"20131231";"Krátkodobé závazky z ručení"
"001";"000100";"D.III.25.";"357";"171";"20150101";"99991231";"Závazky z exekuce a ostatního nakládání s cizím majetkem"
"001";"000100";"D.III.25.";"363";"167";"20120101";"20131231";"Pevné termínové operace a opce"
"001";"000100";"D.III.25.";"355";"171";"20140101";"20141231";"Zúčtování z přerozdělování daní"
"001";"000100";"D.III.26.";"359";"172";"20150101";"99991231";"Ostatní závazky ze správy daní"
"001";"000100";"D.III.26.";"357";"172";"20140101";"20141231";"Závazky z exekuce a ostatního nakládání s cizím majetkem"
"001";"000100";"D.III.26.";"364";"168";"20120101";"20131231";"Závazky z neukončených finančních operací"
"001";"000100";"D.III.27.";"359";"173";"20140101";"20141231";"Ostatní závazky ze správy daní"
"001";"000100";"D.III.27.";"366";"169";"20120101";"20131231";"Závazky z finančního zajištění"
"001";"000100";"D.III.27.";"362";"173";"20150101";"99991231";"Krátkodobé závazky z ručení"
"001";"000100";"D.III.28.";"363";"174";"20150101";"99991231";"Pevné termínové operace a opce"
"001";"000100";"D.III.28.";"362";"174";"20140101";"20141231";"Krátkodobé závazky z ručení"
"001";"000100";"D.III.28.";"368";"170";"20120101";"20131231";"Závazky z upsaných nesplacených cenných papírů a podílů"
"001";"000100";"D.III.29.";"364";"175";"20160101";"99991231";"Závazky z neukončených finančních operací"
"001";"000100";"D.III.29.";"364";"175";"20150101";"20151231";"Závazky z neukončených finančních operací"
"001";"000100";"D.III.29.";"363";"175";"20140101";"20141231";"Pevné termínové operace a opce"
"001";"000100";"D.III.29.";"372";"171";"20120101";"20131231";"Krátkodobé závazky z nástrojů spolufinancovaných ze zahraničí"
"001";"000100";"D.III.3.";"283";"149";"20140101";"99991231";"Krátkodobé závazky z vydaných dluhopisů"
"001";"000100";"D.III.3.";"453";"132";"10000101";"20111231";"Vydané dluhopisy"
"001";"000100";"D.III.3.";"283";"144";"20120101";"20131231";"Krátkodobé závazky z vydaných dluhopisů"
"001";"000100";"D.III.30.";"366";"176";"20150101";"99991231";"Závazky z finančního zajištění"
"001";"000100";"D.III.30.";"364";"176";"20140101";"20141231";"Závazky z neukončených finančních operací"
"001";"000100";"D.III.30.";"374";"172";"20120101";"20131231";"Krátkodobé přijaté zálohy na transfery"
"001";"000100";"D.III.31.";"368";"177";"20150101";"99991231";"Závazky z upsaných nesplacených cenných papírů a podílů"
"001";"000100";"D.III.31.";"366";"177";"20140101";"20141231";"Závazky z finančního zajištění"
"001";"000100";"D.III.31.";"383";"173";"20120101";"20131231";"Výdaje příštích období"
"001";"000100";"D.III.32.";"368";"178";"20140101";"20141231";"Závazky z upsaných nesplacených cenných papírů a podílů"
"001";"000100";"D.III.32.";"374";"178";"20150101";"99991231";"Krátkodobé přijaté zálohy na transfery"
"001";"000100";"D.III.32.";"384";"174";"20120101";"20131231";"Výnosy příštích období"
"001";"000100";"D.III.33.";"389";"175";"20120101";"20131231";"Dohadné účty pasivní"
"001";"000100";"D.III.33.";"372";"179";"20140101";"20141231";"Krátkodobé závazky z nástrojů spolufinancovaných ze zahraničí"
"001";"000100";"D.III.33.";"375";"179";"20150101";"20151231";"Zprostředkování krátkodobých transferů"
"001";"000100";"D.III.33.";"375";"179";"20160101";"99991231";"Krátkodobé zprostředkování transferů"
"001";"000100";"D.III.34.";"378";"176";"20120101";"20131231";"Ostatní krátkodobé závazky"
"001";"000100";"D.III.34.";"374";"180";"20140101";"20141231";"Krátkodobé přijaté zálohy na transfery"
"001";"000100";"D.III.34.";"383";"180";"20150101";"20151231";"Výdaje příštích období"
"001";"000100";"D.III.34.";"248";"180";"20160101";"99991231";"Závazky z řízení likvidity státní pokladny a státního dluhu"
"001";"000100";"D.III.35.";"383";"181";"20140101";"20141231";"Výdaje příštích období"
"001";"000100";"D.III.35.";"384";"181";"20150101";"20151231";"Výnosy příštích období"
"001";"000100";"D.III.35.";"383";"181";"20160101";"99991231";"Výdaje příštích období"
"001";"000100";"D.III.36.";"384";"182";"20160101";"99991231";"Výnosy příštích období"
"001";"000100";"D.III.36.";"389";"182";"20150101";"20151231";"Dohadné účty pasivní"
"001";"000100";"D.III.36.";"384";"182";"20140101";"20141231";"Výnosy příštích období"
"001";"000100";"D.III.37.";"389";"183";"20160101";"99991231";"Dohadné účty pasivní"
"001";"000100";"D.III.37.";"378";"183";"20150101";"20151231";"Ostatní krátkodobé závazky"
"001";"000100";"D.III.37.";"389";"183";"20140101";"20141231";"Dohadné účty pasivní"
"001";"000100";"D.III.38.";"378";"184";"20160101";"99991231";"Ostatní krátkodobé závazky"
"001";"000100";"D.III.38.";"378";"184";"20140101";"20141231";"Ostatní krátkodobé závazky"
"001";"000100";"D.III.4.";"454";"133";"10000101";"20111231";"Závazky z pronájmu"
"001";"000100";"D.III.4.";"289";"145";"20120101";"20131231";"Jiné krátkodobé půjčky"
"001";"000100";"D.III.4.";"289";"150";"20140101";"99991231";"Jiné krátkodobé půjčky"
"001";"000100";"D.III.5.";"455";"134";"10000101";"20111231";"Dlouhodobé přijaté zálohy"
"001";"000100";"D.III.5.";"321";"151";"20140101";"99991231";"Dodavatelé"
"001";"000100";"D.III.5.";"321";"146";"20120101";"20131231";"Dodavatelé"
"001";"000100";"D.III.6.";"322";"152";"20140101";"99991231";"Směnky k úhradě"
"001";"000100";"D.III.6.";"456";"135";"10000101";"20111231";"Dlouhodobé závazky z ručení"
"001";"000100";"D.III.6.";"322";"147";"20120101";"20131231";"Směnky k úhradě"
"001";"000100";"D.III.7.";"324";"153";"20140101";"99991231";"Krátkodobé přijaté zálohy"
"001";"000100";"D.III.7.";"324";"149";"20120101";"20131231";"Krátkodobé přijaté zálohy"
"001";"000100";"D.III.7.";"457";"136";"10000101";"20111231";"Dlouhodobé směnky k úhradě"
"001";"000100";"D.III.8.";"325";"154";"20140101";"99991231";"Závazky z dělené správy"
"001";"000100";"D.III.8.";"325";"150";"20120101";"20131231";"Závazky z dělené správy a kaucí"
"001";"000100";"D.III.8.";"458";"137";"10000101";"20111231";"Dlouhodobé závazky z nástrojů spolufinancovaných ze zahraničí"
"001";"000100";"D.III.9.";"459";"138";"10000101";"20111231";"Ostatní dlouhodobé závazky"
"001";"000100";"D.III.9.";"326";"155";"20140101";"99991231";"Přijaté návratné finanční výpomoci krátkodobé"
"001";"000100";"D.III.9.";"326";"151";"20120101";"20131231";"Přijaté návratné finanční výpomoci krátkodobé"
"001";"000100";"D.IV.";"-";"139";"10000101";"20111231";"Krátkodobé závazky"
"001";"000100";"D.IV.1.";"281";"140";"10000101";"20111231";"Krátkodobé úvěry"
"001";"000100";"D.IV.10.";"326";"149";"10000101";"20111231";"Přijaté návratné finanční výpomoci krátkodobé"
"001";"000100";"D.IV.11.";"327";"150";"10000101";"20111231";"Přijaté zálohy daní"
"001";"000100";"D.IV.12.";"328";"151";"10000101";"20111231";"Závazky z výběru daní"
"001";"000100";"D.IV.13.";"329";"152";"10000101";"20111231";"Závazky ze sdílených daní"
"001";"000100";"D.IV.14.";"331";"153";"10000101";"20111231";"Zaměstnanci"
"001";"000100";"D.IV.15.";"333";"154";"10000101";"20111231";"Jiné závazky vůči zaměstnancům"
"001";"000100";"D.IV.16.";"336";"155";"10000101";"20111231";"Zúčtování s institucemi SZ a ZP"
"001";"000100";"D.IV.17.";"341";"156";"10000101";"20111231";"Daň z příjmů"
"001";"000100";"D.IV.18.";"342";"157";"10000101";"20111231";"Jiné přímé daně"
"001";"000100";"D.IV.19.";"343";"158";"10000101";"20111231";"Daň z přidané hodnoty"
"001";"000100";"D.IV.2.";"282";"141";"10000101";"20111231";"Eskontované krátkodobé dluhopisy (směnky)"
"001";"000100";"D.IV.20.";"345";"159";"10000101";"20111231";"Jiné daně a poplatky"
"001";"000100";"D.IV.21.";"347";"160";"10000101";"20101231";"Závazky ke státnímu rozpočtu"
"001";"000100";"D.IV.21.";"347";"160";"20110101";"20111231";"Závazky k ústředním rozpočtům"
"001";"000100";"D.IV.22.";"349";"161";"10000101";"20101231";"Závazky k rozpočtům územních samosprávných celků"
"001";"000100";"D.IV.22.";"349";"161";"20110101";"20111231";"Závazky k územním rozpočtům"
"001";"000100";"D.IV.23.";"352";"162";"10000101";"20111231";"Závazky k účastníkům sdružení"
"001";"000100";"D.IV.24.";"362";"163";"10000101";"20111231";"Krátkodobé závazky z ručení"
"001";"000100";"D.IV.25.";"363";"164";"10000101";"20111231";"Pevné termínové operace a opce"
"001";"000100";"D.IV.26.";"364";"165";"10000101";"20111231";"Závazky z neukončených finančních operací"
"001";"000100";"D.IV.27.";"366";"166";"10000101";"20111231";"Závazky z finančního zajištění"
"001";"000100";"D.IV.28.";"368";"167";"10000101";"20111231";"Závazky z upsaných nesplacených cenných papírů a podílů"
"001";"000100";"D.IV.29.";"372";"168";"10000101";"20111231";"Krátkodobé závazky z nástrojů spolufinancovaných ze zahraničí"
"001";"000100";"D.IV.3.";"283";"142";"10000101";"20111231";"Vydané krátkodobé dluhopisy"
"001";"000100";"D.IV.30.";"374";"169";"10000101";"20101231";"Přijaté zálohy na dotace"
"001";"000100";"D.IV.30.";"374";"169";"20110101";"20111231";"Přijaté zálohy na transfery"
"001";"000100";"D.IV.31.";"383";"170";"10000101";"20111231";"Výdaje příštích období"
"001";"000100";"D.IV.32.";"384";"171";"10000101";"20111231";"Výnosy příštích období"
"001";"000100";"D.IV.33.";"389";"172";"10000101";"20111231";"Dohadné účty pasivní"
"001";"000100";"D.IV.34.";"378";"173";"10000101";"20111231";"Ostatní krátkodobé závazky"
"001";"000100";"D.IV.4.";"289";"143";"10000101";"20111231";"Jiné krátkodobé půjčky"
"001";"000100";"D.IV.5.";"321";"144";"10000101";"20111231";"Dodavatelé"
"001";"000100";"D.IV.6.";"322";"145";"10000101";"20111231";"Směnky k úhradě"
"001";"000100";"D.IV.7.";"323";"146";"10000101";"20111231";"Závazky z dávek sociálního zabezpečení"
"001";"000100";"D.IV.8.";"324";"147";"10000101";"20111231";"Krátkodobé přijaté zálohy"
"001";"000100";"D.IV.9.";"325";"148";"10000101";"20111231";"Závazky z dělené správy a kaucí"
"001";"000100";"PASIVA";"-";"107";"20140101";"99991231";"Pasiva celkem"
"001";"000100";"PASIVA";"-";"102";"20120101";"20131231";"Pasiva celkem"
"001";"000100";"PASIVA";"-";"102";"10000101";"20111231";"Pasiva celkem"
"002";"000100";"A.";"-";"001";"20120101";"99991231";"NÁKLADY CELKEM"
"002";"000100";"A.";"-";"001";"10000101";"20111231";"NÁKLADY"
"002";"000100";"A.I.";"-";"002";"20120101";"99991231";"Náklady z činnosti"
"002";"000100";"A.I.";"-";"002";"10000101";"20111231";"Náklady z činnosti"
"002";"000100";"A.I.1.";"501";"003";"20120101";"99991231";"Spotřeba materiálu"
"002";"000100";"A.I.1.";"501";"003";"10000101";"20111231";"Spotřeba materiálu"
"002";"000100";"A.I.10.";"513";"012";"20120101";"99991231";"Náklady na reprezentaci"
"002";"000100";"A.I.10.";"523";"012";"10000101";"20111231";"Náklady z dávek sociálního zabezpečení"
"002";"000100";"A.I.11.";"516";"013";"20120101";"99991231";"Aktivace vnitroorganizačních služeb"
"002";"000100";"A.I.11.";"524";"013";"10000101";"20111231";"Zákonné sociální pojištění"
"002";"000100";"A.I.12.";"518";"014";"20120101";"99991231";"Ostatní služby"
"002";"000100";"A.I.12.";"525";"014";"10000101";"20111231";"Jiné sociální pojištění"
"002";"000100";"A.I.13.";"521";"015";"20120101";"99991231";"Mzdové náklady"
"002";"000100";"A.I.13.";"527";"015";"10000101";"20111231";"Zákonné sociální náklady"
"002";"000100";"A.I.14.";"528";"016";"10000101";"20111231";"Jiné sociální náklady"
"002";"000100";"A.I.14.";"524";"016";"20120101";"99991231";"Zákonné sociální pojištění"
"002";"000100";"A.I.15.";"531";"017";"10000101";"20111231";"Daň silniční"
"002";"000100";"A.I.15.";"525";"017";"20120101";"99991231";"Jiné sociální pojištění"
"002";"000100";"A.I.16.";"532";"018";"10000101";"20111231";"Daň z nemovitostí"
"002";"000100";"A.I.16.";"527";"018";"20120101";"99991231";"Zákonné sociální náklady"
"002";"000100";"A.I.17.";"528";"019";"20120101";"99991231";"Jiné sociální náklady"
"002";"000100";"A.I.17.";"538";"019";"10000101";"20111231";"Jiné daně a poplatky"
"002";"000100";"A.I.18.";"531";"020";"20120101";"99991231";"Daň silniční"
"002";"000100";"A.I.18.";"539";"020";"10000101";"20111231";"Vratky daní z nadměrných odpočtů"
"002";"000100";"A.I.19.";"541";"021";"10000101";"20111231";"Smluvní pokuty a úroky z prodlení"
"002";"000100";"A.I.19.";"532";"021";"20120101";"99991231";"Daň z nemovitostí"
"002";"000100";"A.I.2.";"502";"004";"20120101";"99991231";"Spotřeba energie"
"002";"000100";"A.I.2.";"502";"004";"10000101";"20111231";"Spotřeba energie"
"002";"000100";"A.I.20.";"542";"022";"10000101";"20111231";"Jiné pokuty a penále"
"002";"000100";"A.I.20.";"538";"022";"20120101";"99991231";"Jiné daně a poplatky"
"002";"000100";"A.I.21.";"543";"023";"10000101";"20111231";"Dary"
"002";"000100";"A.I.21.";"539";"023";"20120101";"20131231";"Vratky daní z nadměrných odpočtů"
"002";"000100";"A.I.21.";"539";"023";"20140101";"99991231";"Vratky nepřímých daní"
"002";"000100";"A.I.22.";"544";"024";"10000101";"20111231";"Prodaný materiál"
"002";"000100";"A.I.22.";"541";"024";"20120101";"99991231";"Smluvní pokuty a úroky z prodlení"
"002";"000100";"A.I.23.";"547";"025";"10000101";"20111231";"Manka a škody"
"002";"000100";"A.I.23.";"542";"025";"20120101";"99991231";"Jiné pokuty a penále"
"002";"000100";"A.I.24.";"543";"026";"20140101";"99991231";"Dary a jiná bezúplatná předání"
"002";"000100";"A.I.24.";"543";"026";"20120101";"20131231";"Dary"
"002";"000100";"A.I.24.";"548";"026";"10000101";"20111231";"Tvorba fondů"
"002";"000100";"A.I.25.";"544";"027";"20120101";"99991231";"Prodaný materiál"
"002";"000100";"A.I.25.";"551";"027";"10000101";"20111231";"Odpisy dlouhodobého majetku"
"002";"000100";"A.I.26.";"552";"028";"10000101";"20111231";"Zůstatková cena prodaného dlouhodobého nehmotného majetku"
"002";"000100";"A.I.26.";"547";"028";"20120101";"99991231";"Manka a škody"
"002";"000100";"A.I.27.";"548";"029";"20120101";"99991231";"Tvorba fondů"
"002";"000100";"A.I.27.";"553";"029";"10000101";"20111231";"Zůstatková cena prodaného dlouhodobého hmotného majetku"
"002";"000100";"A.I.28.";"551";"030";"20120101";"99991231";"Odpisy dlouhodobého majetku"
"002";"000100";"A.I.28.";"554";"030";"10000101";"20111231";"Prodané pozemky"
"002";"000100";"A.I.29.";"555";"031";"10000101";"20111231";"Tvorba a zúčtování rezerv"
"002";"000100";"A.I.29.";"552";"031";"20120101";"99991231";"Prodaný dlouhodobý nehmotný majetek"
"002";"000100";"A.I.3.";"503";"005";"10000101";"20111231";"Spotřeba jiných neskladovatelných dodávek"
"002";"000100";"A.I.3.";"503";"005";"20120101";"99991231";"Spotřeba jiných neskladovatelných dodávek"
"002";"000100";"A.I.30.";"553";"032";"20120101";"99991231";"Prodaný dlouhodobý hmotný majetek"
"002";"000100";"A.I.30.";"556";"032";"10000101";"20111231";"Tvorba a zúčtování opravných položek"
"002";"000100";"A.I.31.";"557";"033";"10000101";"20111231";"Náklady z odepsaných pohledávek"
"002";"000100";"A.I.31.";"554";"033";"20120101";"99991231";"Prodané pozemky"
"002";"000100";"A.I.32.";"549";"034";"10000101";"20111231";"Ostaní náklady z činnosti"
"002";"000100";"A.I.32.";"555";"034";"20120101";"99991231";"Tvorba a zúčtování rezerv"
"002";"000100";"A.I.33.";"556";"035";"20120101";"99991231";"Tvorba a zúčtování opravných položek"
"002";"000100";"A.I.34.";"557";"036";"20120101";"99991231";"Náklady z vyřazených pohledávek"
"002";"000100";"A.I.35.";"558";"037";"20120101";"99991231";"Náklady z drobného dlouhodobého majetku"
"002";"000100";"A.I.36.";"549";"038";"20120101";"99991231";"Ostatní náklady z činnosti"
"002";"000100";"A.I.4.";"504";"006";"10000101";"20111231";"Prodané zboží"
"002";"000100";"A.I.4.";"504";"006";"20120101";"99991231";"Prodané zboží"
"002";"000100";"A.I.5.";"511";"007";"10000101";"20111231";"Opravy a udržování"
"002";"000100";"A.I.5.";"506";"007";"20120101";"99991231";"Aktivace dlouhodobého majetku"
"002";"000100";"A.I.6.";"507";"008";"20120101";"99991231";"Aktivace oběžného majetku"
"002";"000100";"A.I.6.";"512";"008";"10000101";"20111231";"Cestovné"
"002";"000100";"A.I.7.";"508";"009";"20120101";"99991231";"Změna stavu zásob vlastní výroby"
"002";"000100";"A.I.7.";"513";"009";"10000101";"20111231";"Náklady na reprezentaci"
"002";"000100";"A.I.8.";"518";"010";"10000101";"20111231";"Ostatní služby"
"002";"000100";"A.I.8.";"511";"010";"20120101";"99991231";"Opravy a udržování"
"002";"000100";"A.I.9.";"521";"011";"10000101";"20111231";"Mzdové náklady"
"002";"000100";"A.I.9.";"512";"011";"20120101";"99991231";"Cestovné"
"002";"000100";"A.II.";"-";"039";"20120101";"99991231";"Finanční náklady"
"002";"000100";"A.II.";"-";"035";"10000101";"20111231";"Finanční náklady"
"002";"000100";"A.II.1.";"561";"040";"20120101";"99991231";"Prodané cenné papíry a podíly"
"002";"000100";"A.II.1.";"561";"036";"10000101";"20111231";"Prodané cenné papíry a podíly"
"002";"000100";"A.II.2.";"562";"037";"10000101";"20111231";"Úroky"
"002";"000100";"A.II.2.";"562";"041";"20120101";"99991231";"Úroky"
"002";"000100";"A.II.3.";"563";"042";"20120101";"99991231";"Kurzové ztráty"
"002";"000100";"A.II.3.";"563";"038";"10000101";"20111231";"Kurzové ztráty"
"002";"000100";"A.II.4.";"564";"039";"10000101";"20111231";"Náklady z přecenění reálnou hodnotou"
"002";"000100";"A.II.4.";"564";"043";"20120101";"99991231";"Náklady z přecenění reálnou hodnotou"
"002";"000100";"A.II.5.";"569";"044";"20120101";"99991231";"Ostatní finanční náklady"
"002";"000100";"A.II.5.";"569";"040";"10000101";"20111231";"Ostatní finanční náklady"
"002";"000100";"A.III.";"-";"045";"20120101";"99991231";"Náklady na transfery"
"002";"000100";"A.III.";"-";"041";"20110101";"20111231";"Náklady na transfery"
"002";"000100";"A.III.";"-";"041";"10000101";"20101231";"Náklady na nároky na prostředky státního rozpočtu, rozpočtů územních samosprávných celků a státních fondů"
"002";"000100";"A.III.1.";"571";"042";"20110101";"20111231";"Náklady ústředních rozpočtů na transfery"
"002";"000100";"A.III.1.";"571";"046";"20120101";"99991231";"Náklady vybraných ústředních vládních institucí na transfery"
"002";"000100";"A.III.1.";"571";"042";"10000101";"20101231";"Náklady na nároky na prostředky státního rozpočtu"
"002";"000100";"A.III.2.";"572";"043";"20110101";"20111231";"Náklady územních rozpočtů na transfery"
"002";"000100";"A.III.2.";"572";"047";"20120101";"99991231";"Náklady vybraných místních vládních institucí na transfery"
"002";"000100";"A.III.2.";"572";"043";"10000101";"20101231";"Náklady na nároky na prostředky rozpočtů územních samosprávných celků"
"002";"000100";"A.III.3.";"573";"044";"10000101";"20111231";"Náklady na nároky na prostředky státních fondů"
"002";"000100";"A.III.3.";"575";"048";"20150101";"99991231";"Náklady vybraných ústředních vládních institucí na předfinancování transferů"
"002";"000100";"A.III.4.";"574";"045";"10000101";"20111231";"Náklady na ostatní nároky"
"002";"000100";"A.IV.";"-";"046";"10000101";"20111231";"Náklady ze sdílených daní"
"002";"000100";"A.IV.";"-";"049";"20120101";"99991231";"Náklady ze sdílených daní a poplatků"
"002";"000100";"A.IV.1.";"581";"047";"10000101";"20111231";"Náklady ze sdílené daně z příjmů fyzických osob"
"002";"000100";"A.IV.1.";"581";"050";"20120101";"99991231";"Náklady ze sdílené daně z příjmů fyzických osob"
"002";"000100";"A.IV.2.";"582";"048";"10000101";"20111231";"Náklady ze sdílené daně z příjmů právnických osob"
"002";"000100";"A.IV.2.";"582";"051";"20120101";"99991231";"Náklady ze sdílené daně z příjmů právnických osob"
"002";"000100";"A.IV.3.";"584";"049";"10000101";"20111231";"Náklady ze sdílené daně z přidané hodnoty"
"002";"000100";"A.IV.3.";"584";"052";"20120101";"99991231";"Náklady ze sdílené daně z přidané hodnoty"
"002";"000100";"A.IV.4.";"585";"050";"10000101";"20111231";"Náklady ze sdílených spotřebních daní"
"002";"000100";"A.IV.4.";"585";"053";"20120101";"99991231";"Náklady ze sdílených spotřebních daní"
"002";"000100";"A.IV.5.";"586";"051";"10000101";"20111231";"Náklady ze sdílených majetkových daní"
"002";"000100";"A.IV.5.";"586";"054";"20120101";"99991231";"Náklady z ostatních sdílených daní a poplatků"
"002";"000100";"A.IV.6.";"588";"052";"10000101";"20111231";"Náklady ze sdílení silniční daně"
"002";"000100";"A.IV.7.";"589";"053";"10000101";"20101231";"Ostatní náklady ze sdílených daní"
"002";"000100";"A.V.";"-";"055";"20120101";"99991231";"Daň z příjmů"
"002";"000100";"A.V.1.";"591";"056";"20120101";"99991231";"Daň z příjmů"
"002";"000100";"A.V.2.";"595";"057";"20120101";"99991231";"Dodatečné odvody daně z příjmů"
"002";"000100";"B.";"-";"058";"20120101";"99991231";"VÝNOSY CELKEM"
"002";"000100";"B.";"-";"054";"10000101";"20111231";"VÝNOSY"
"002";"000100";"B.I.";"-";"055";"10000101";"20111231";"Výnosy z činnosti"
"002";"000100";"B.I.";"-";"059";"20120101";"99991231";"Výnosy z činnosti"
"002";"000100";"B.I.1.";"601";"056";"10000101";"20111231";"Výnosy z prodeje vlastních výrobků"
"002";"000100";"B.I.1.";"601";"060";"20120101";"99991231";"Výnosy z prodeje vlastních výrobků"
"002";"000100";"B.I.10.";"612";"065";"10000101";"20111231";"Změna stavu polotovarů"
"002";"000100";"B.I.10.";"642";"069";"20120101";"99991231";"Jiné pokuty a penále"
"002";"000100";"B.I.11.";"613";"066";"10000101";"20111231";"Změna stavu výrobků"
"002";"000100";"B.I.11.";"643";"070";"20120101";"99991231";"Výnosy z vyřazených pohledávek"
"002";"000100";"B.I.12.";"614";"067";"10000101";"20111231";"Změna stavu ostatních zásob"
"002";"000100";"B.I.12.";"644";"071";"20120101";"99991231";"Výnosy z prodeje materiálu"
"002";"000100";"B.I.13.";"645";"072";"20120101";"99991231";"Výnosy z prodeje dlouhodobého nehmotného majetku"
"002";"000100";"B.I.13.";"621";"068";"10000101";"20111231";"Aktivace materiálu a zboží"
"002";"000100";"B.I.14.";"646";"073";"20120101";"99991231";"Výnosy z prodeje dlouhodobého hmotného majetku kromě pozemků"
"002";"000100";"B.I.14.";"622";"069";"10000101";"20111231";"Aktivace vnitroorganizačních služeb"
"002";"000100";"B.I.15.";"623";"070";"10000101";"20111231";"Aktivace dlouhodobého nehmotného majetku"
"002";"000100";"B.I.15.";"647";"074";"20120101";"99991231";"Výnosy z prodeje pozemků"
"002";"000100";"B.I.16.";"648";"075";"20120101";"99991231";"Čerpání fondů"
"002";"000100";"B.I.16.";"624";"071";"10000101";"20111231";"Aktivace dlouhodobého hmotného majetku"
"002";"000100";"B.I.17.";"641";"072";"10000101";"20111231";"Smluvní pokuty a úroky z prodlení"
"002";"000100";"B.I.17.";"649";"076";"20120101";"99991231";"Ostatní výnosy z činnosti"
"002";"000100";"B.I.18.";"642";"073";"10000101";"20111231";"Jiné pokuty a penále"
"002";"000100";"B.I.19.";"643";"074";"10000101";"20111231";"Výnosy z odepsaných pohledávek"
"002";"000100";"B.I.2.";"602";"057";"10000101";"20111231";"Výnosy z prodeje služeb"
"002";"000100";"B.I.2.";"602";"061";"20120101";"99991231";"Výnosy z prodeje služeb"
"002";"000100";"B.I.20.";"644";"075";"10000101";"20111231";"Výnosy z prodeje materiálu"
"002";"000100";"B.I.21.";"645";"076";"10000101";"20111231";"Výnosy z prodeje dlouhodobého nehmotného majetku"
"002";"000100";"B.I.22.";"646";"077";"10000101";"20111231";"Výnosy z prodeje dlouhodobého hmotného majetku kromě pozemků"
"002";"000100";"B.I.23.";"647";"078";"10000101";"20111231";"Výnosy z prodeje pozemků"
"002";"000100";"B.I.24.";"648";"079";"10000101";"20111231";"Čerpání fondů"
"002";"000100";"B.I.25.";"649";"080";"10000101";"20111231";"Ostatní výnosy z činnosti"
"002";"000100";"B.I.3.";"603";"058";"10000101";"20111231";"Výnosy z pronájmu"
"002";"000100";"B.I.3.";"603";"062";"20120101";"99991231";"Výnosy z pronájmu"
"002";"000100";"B.I.4.";"604";"059";"10000101";"20111231";"Výnosy z prodaného zboží"
"002";"000100";"B.I.4.";"604";"063";"20120101";"99991231";"Výnosy z prodaného zboží"
"002";"000100";"B.I.5.";"605";"064";"20120101";"99991231";"Výnosy ze správních poplatků"
"002";"000100";"B.I.5.";"605";"060";"10000101";"20111231";"Výnosy ze správních poplatků"
"002";"000100";"B.I.6.";"606";"065";"20120101";"99991231";"Výnosy z místních poplatků"
"002";"000100";"B.I.6.";"606";"061";"10000101";"20111231";"Výnosy z místních poplatků"
"002";"000100";"B.I.7.";"607";"062";"10000101";"20111231";"Výnosy ze soudních poplatků"
"002";"000100";"B.I.7.";"607";"066";"20120101";"99991231";"Výnosy ze soudních poplatků"
"002";"000100";"B.I.8.";"609";"063";"10000101";"20111231";"Jiné výnosy z vlastních výkonů"
"002";"000100";"B.I.8.";"609";"067";"20120101";"99991231";"Jiné výnosy z vlastních výkonů"
"002";"000100";"B.I.9.";"611";"064";"10000101";"20111231";"Změna stavu nedokončené výroby"
"002";"000100";"B.I.9.";"641";"068";"20120101";"99991231";"Smluvní pokuty a úroky z prodlení"
"002";"000100";"B.II.";"-";"077";"20120101";"99991231";"Finanční výnosy"
"002";"000100";"B.II.";"-";"081";"10000101";"20111231";"Finanční výnosy"
"002";"000100";"B.II.1.";"661";"078";"20120101";"99991231";"Výnosy z prodeje cenných papírů a podílů"
"002";"000100";"B.II.1.";"661";"082";"10000101";"20111231";"Výnosy z prodeje cenných papírů a podílů"
"002";"000100";"B.II.2.";"662";"079";"20120101";"99991231";"Úroky"
"002";"000100";"B.II.2.";"662";"083";"10000101";"20111231";"Úroky"
"002";"000100";"B.II.3.";"663";"080";"20120101";"99991231";"Kurzové zisky"
"002";"000100";"B.II.3.";"663";"084";"10000101";"20111231";"Kurzové zisky"
"002";"000100";"B.II.4.";"664";"085";"10000101";"20111231";"Výnosy z přecenění reálnou hodnotou"
"002";"000100";"B.II.4.";"664";"081";"20120101";"99991231";"Výnosy z přecenění reálnou hodnotou"
"002";"000100";"B.II.5.";"665";"082";"20120101";"99991231";"Výnosy z dlouhodobého finančního majetku"
"002";"000100";"B.II.5.";"665";"086";"10000101";"20111231";"Výnosy z dlouhodobého finančního majetku"
"002";"000100";"B.II.6.";"669";"083";"20120101";"99991231";"Ostatní finanční výnosy"
"002";"000100";"B.II.6.";"669";"087";"10000101";"20111231";"Ostatní finanční výnosy"
"002";"000100";"B.III.";"-";"084";"20120101";"99991231";"Výnosy z daní a poplatků"
"002";"000100";"B.III.";"-";"088";"10000101";"20111231";"Výnosy z daní a poplatků"
"002";"000100";"B.III.1.";"631";"085";"20120101";"99991231";"Výnosy z daně z příjmů fyzických osob"
"002";"000100";"B.III.1.";"631";"089";"10000101";"20111231";"Výnosy z daně z příjmů fyzických osob"
"002";"000100";"B.III.2.";"632";"086";"20120101";"99991231";"Výnosy z daně z příjmů právnických osob"
"002";"000100";"B.III.2.";"632";"090";"10000101";"20111231";"Výnosy z daně z příjmů právnických osob"
"002";"000100";"B.III.3.";"633";"087";"20120101";"99991231";"Výnosy ze sociálního pojištění"
"002";"000100";"B.III.3.";"633";"091";"10000101";"20111231";"Výnosy ze sociálního pojištění"
"002";"000100";"B.III.4.";"634";"088";"20120101";"99991231";"Výnosy z daně z přidané hodnoty"
"002";"000100";"B.III.4.";"634";"092";"10000101";"20111231";"Výnosy z daně z přidané hodnoty"
"002";"000100";"B.III.5.";"635";"089";"20120101";"99991231";"Výnosy ze spotřebních daní"
"002";"000100";"B.III.5.";"635";"093";"10000101";"20111231";"Výnosy ze spotřebních daní"
"002";"000100";"B.III.6.";"636";"094";"10000101";"20111231";"Výnosy z majetkových daní"
"002";"000100";"B.III.6.";"636";"090";"20120101";"99991231";"Výnosy z majetkových daní"
"002";"000100";"B.III.7.";"637";"095";"10000101";"20111231";"Výnosy z energetických daní"
"002";"000100";"B.III.7.";"637";"091";"20120101";"99991231";"Výnosy z energetických daní"
"002";"000100";"B.III.8.";"638";"092";"20120101";"99991231";"Výnosy z daně silniční"
"002";"000100";"B.III.8.";"638";"096";"10000101";"20111231";"Výnosy ze silniční daně"
"002";"000100";"B.III.9.";"639";"093";"20120101";"99991231";"Výnosy z ostatních daní a poplatků"
"002";"000100";"B.III.9.";"639";"097";"10000101";"20111231";"Výnosy z ostatních daní a poplatků"
"002";"000100";"B.IV.";"-";"098";"10000101";"20101231";"Výnosy z nároků na prostředky státního rozpočtu, rozpočtů územních samosprávných celků a státních fondů"
"002";"000100";"B.IV.";"-";"098";"20110101";"20111231";"Výnosy z transferů"
"002";"000100";"B.IV.";"-";"094";"20120101";"99991231";"Výnosy z transferů"
"002";"000100";"B.IV.1.";"671";"095";"20120101";"99991231";"Výnosy vybraných ústředních vládních institucí z transferů"
"002";"000100";"B.IV.1.";"671";"099";"20110101";"20111231";"Výnosy ústředních rozpočtů z transferů"
"002";"000100";"B.IV.1.";"671";"099";"10000101";"20101231";"Výnosy z nároků na prostředky státního rozpočtu"
"002";"000100";"B.IV.2.";"672";"100";"10000101";"20101231";"Výnosy z nároků na prostředky rozpočtů územních samosprávných celků"
"002";"000100";"B.IV.2.";"672";"100";"20110101";"20111231";"Výnosy územních rozpočtů z transferů"
"002";"000100";"B.IV.2.";"672";"096";"20120101";"99991231";"Výnosy vybraných místních vládních institucí z transferů"
"002";"000100";"B.IV.3.";"675";"096";"20150101";"99991231";"Výnosy vybraných ústředních vládních institucí z předfinancování transferů"
"002";"000100";"B.IV.3.";"673";"101";"10000101";"20111231";"Výnosy z nároků na prostředky státních fondů"
"002";"000100";"B.IV.4.";"674";"102";"10000101";"20111231";"Výnosy z ostatních nároků"
"002";"000100";"B.V.";"-";"103";"10000101";"20111231";"Výnosy ze sdílených daní"
"002";"000100";"B.V.";"-";"097";"20120101";"99991231";"Výnosy ze sdílených daní a poplatků"
"002";"000100";"B.V.1.";"681";"104";"10000101";"20111231";"Výnosy ze sdílené daně z příjmů fyzických osob"
"002";"000100";"B.V.1.";"681";"098";"20120101";"99991231";"Výnosy ze sdílené daně z příjmů fyzických osob"
"002";"000100";"B.V.2.";"682";"105";"10000101";"20111231";"Výnosy ze sdílené daně z příjmů právnických osob"
"002";"000100";"B.V.2.";"682";"099";"20120101";"99991231";"Výnosy ze sdílené daně z příjmů právnických osob"
"002";"000100";"B.V.3.";"684";"106";"10000101";"20111231";"Výnosy ze sdílené daně z přidané hodnoty"
"002";"000100";"B.V.3.";"684";"100";"20120101";"99991231";"Výnosy ze sdílené daně z přidané hodnoty"
"002";"000100";"B.V.4.";"685";"107";"10000101";"20111231";"Výnosy ze sdílených spotřebních daní"
"002";"000100";"B.V.4.";"685";"101";"20120101";"99991231";"Výnosy ze sdílených spotřebních daní"
"002";"000100";"B.V.5.";"686";"108";"10000101";"20111231";"Výnosy ze sdílených majetkových daní"
"002";"000100";"B.V.5.";"686";"102";"20120101";"99991231";"Výnosy ze sdílených majetkových daní"
"002";"000100";"B.V.6.";"688";"109";"10000101";"20111231";"Výnosy ze sdílené silniční daně"
"002";"000100";"B.V.6.";"688";"103";"20120101";"99991231";"Výnosy z ostatních sdílených daní a poplatků"
"002";"000100";"B.V.7.";"689";"110";"10000101";"20101231";"Ostatní výnosy ze sdílených daní"
"002";"000100";"B.VI.";"-";"111";"10000101";"20111231";"Výsedek hospodaření"
"002";"000100";"B.VI.1.";"-";"112";"10000101";"20111231";"Výsledek hospodaření před zdaněním"
"002";"000100";"B.VI.2.";"591";"113";"10000101";"20111231";"Daň z příjmů"
"002";"000100";"B.VI.3.";"595";"114";"10000101";"20111231";"Dodatečné odvody daně z příjmů"
"002";"000100";"B.VI.4.";"-";"115";"10000101";"20111231";"Výsledek hospodaření po zdanění"
"002";"000100";"C.";"-";"103";"10000101";"20111231";"VÝSLEDEK HOSPODAŘENÍ"
"002";"000100";"C.";"-";"104";"20120101";"99991231";"VÝSLEDEK HOSPODAŘENÍ"
"002";"000100";"C.1.";"-";"104";"10000101";"20111231";"Výsledek hospodaření před zdaněním"
"002";"000100";"C.1.";"-";"105";"20120101";"99991231";"Výsledek hospodaření před zdaněním"
"002";"000100";"C.2.";"-";"105";"10000101";"20111231";"Výsledek hospodaření běžného účetního období"
"002";"000100";"C.2.";"-";"106";"20120101";"99991231";"Výsledek hospodaření běžného účetního období"
"003";"000100";"A.";"";"002";"10000101";"20111231";"Peněžní toky z provozní činnosti"
"003";"000100";"A.";"";"002";"20120101";"99991231";"Peněžní toky z provozní činnosti"
"003";"000100";"A.I.";"";"004";"10000101";"20111231";"Úpravy o nepeněžní operace ( + / - )"
"003";"000100";"A.I.";"";"004";"20120101";"99991231";"Úpravy o nepeněžní operace ( + / - )"
"003";"000100";"A.I.1.";"";"005";"20120101";"99991231";"Odpisy dlouhodobého majetku"
"003";"000100";"A.I.1.";"";"005";"10000101";"20111231";"Odpisy dlouhodobého majetku"
"003";"000100";"A.I.2.";"";"006";"20120101";"99991231";"Změna stavu opravných položek"
"003";"000100";"A.I.2.";"";"006";"10000101";"20111231";"Změna stavu opravných položek"
"003";"000100";"A.I.3.";"";"007";"20120101";"99991231";"Změna stavu rezerv"
"003";"000100";"A.I.3.";"";"007";"10000101";"20111231";"Změna stavu rezerv"
"003";"000100";"A.I.4.";"";"008";"20120101";"99991231";"Zisk (ztráta) z prodeje dlouhodobého majetku"
"003";"000100";"A.I.4.";"";"008";"10000101";"20111231";"Zisk (ztráta) z prodeje dlouhodobého majetku"
"003";"000100";"A.I.5.";"";"009";"10000101";"20111231";"Výnosy z dividend a podílů na zisku"
"003";"000100";"A.I.5.";"";"009";"20120101";"20141231";"Výnosy z dividend a podílů na zisku"
"003";"000100";"A.I.5.";"";"009";"20150101";"99991231";"Výnosy z podílů na zisku"
"003";"000100";"A.I.6.";"";"010";"10000101";"20111231";"Ostatní úpravy o nepeněžní operace"
"003";"000100";"A.I.6.";"";"010";"20120101";"99991231";"Ostatní úpravy o nepeněžní operace"
"003";"000100";"A.II.";"";"011";"10000101";"20111231";"Peněžní toky ze změny oběžných aktiv a krátkodobých závazků ( + / - )"
"003";"000100";"A.II.";"";"011";"20120101";"99991231";"Peněžní toky ze změny oběžných aktiv a krátkodobých závazků ( + / - )"
"003";"000100";"A.II.1.";"";"012";"20120101";"99991231";"Změna stavu krátkodobých pohledávek"
"003";"000100";"A.II.1.";"";"012";"10000101";"20111231";"Změna stavu krátkodobých pohledávek"
"003";"000100";"A.II.2.";"";"013";"20120101";"99991231";"Změna stavu krátkodobých závazků"
"003";"000100";"A.II.2.";"";"013";"10000101";"20111231";"Změna stavu krátkodobých závazků"
"003";"000100";"A.II.3.";"";"014";"20120101";"99991231";"Změna stavu zásob"
"003";"000100";"A.II.3.";"";"014";"10000101";"20111231";"Změna stavu zásob"
"003";"000100";"A.II.4.";"";"015";"20120101";"99991231";"Změna stavu krátkodobého finančního majetku"
"003";"000100";"A.II.4.";"";"015";"10000101";"20111231";"Změna stavu krátkodobého finančního majetku"
"003";"000100";"A.III.";"";"016";"20120101";"99991231";"Zaplacená daň z příjmů včetně doměrků ( - )"
"003";"000100";"A.III.";"";"016";"10000101";"20111231";"Zaplacená daň z příjmů včetně doměrků ( - )"
"003";"000100";"A.IV.";"";"017";"20120101";"20141231";"Přijaté dividendy a podíly na zisku"
"003";"000100";"A.IV.";"";"017";"10000101";"20111231";"Přijaté dividendy a podíly na zisku"
"003";"000100";"A.IV.";"";"017";"20150101";"99991231";"Přijaté podíly na zisku"
"003";"000100";"B.";"";"018";"10000101";"20111231";"Peněžní toky z dlouhodobých aktiv"
"003";"000100";"B.";"";"018";"20120101";"99991231";"Peněžní toky z dlouhodobých aktiv"
"003";"000100";"B.I.";"";"019";"10000101";"20111231";"Výdaje na pořízení dlouhodobých aktiv"
"003";"000100";"B.I.";"";"019";"20120101";"99991231";"Výdaje na pořízení dlouhodobých aktiv"
"003";"000100";"B.II.";"";"020";"20120101";"99991231";"Příjmy z prodeje dlouhodobých aktiv"
"003";"000100";"B.II.";"";"020";"10000101";"20111231";"Výdaje na půjčky osobám ve skupině"
"003";"000100";"B.II.1.";"";"021";"20120101";"99991231";"Příjmy z privatizace státního majetku"
"003";"000100";"B.II.2.";"";"022";"20150101";"99991231";"Příjmy z prodeje majetku Státního pozemkového úřadu"
"003";"000100";"B.II.2.";"";"022";"20120101";"20141231";"Příjmy z prodeje majetku Pozemkového fondu České republiky"
"003";"000100";"B.II.3.";"";"023";"20120101";"99991231";"Příjmy z prodeje dlouhodobého majetku určeného k prodeji"
"003";"000100";"B.II.4.";"";"024";"20120101";"99991231";"Ostatní příjmy z prodeje dlouhodobých aktiv"
"003";"000100";"B.III.";"";"026";"20120101";"99991231";"Ostatní peněžní toky z dlouhodobých aktiv ( + / - )"
"003";"000100";"B.III.";"";"021";"10000101";"20111231";"Příjmy z prodeje dlouhodobých aktiv"
"003";"000100";"B.III.1.";"";"022";"10000101";"20111231";"Příjmy z privatizace státního majetku"
"003";"000100";"B.III.2.";"";"023";"10000101";"20111231";"Příjmy z prodeje majetku Pozemkového fondu České republiky"
"003";"000100";"B.III.3.";"";"024";"10000101";"20111231";"Příjmy z prodeje dlouhodobého majetku určeného k prodeji"
"003";"000100";"B.III.4.";"";"025";"10000101";"20111231";"Ostatní příjmy z prodeje dlouhodobých aktiv"
"003";"000100";"B.IV.";"";"026";"10000101";"20111231";"Příjmy z vrácených půjček osobám ve skupině"
"003";"000100";"B.V.";"";"027";"10000101";"20111231";"Ostatní peněžní toky z dlouhodobých aktiv ( + / - )"
"003";"000100";"C.";"";"027";"20120101";"99991231";"Peněžní toky z vlastního kapitálu, dlouhodobých závazků a dlouhodobých pohledávek"
"003";"000100";"C.";"";"028";"10000101";"20111231";"Peněžní toky z vlastního kapitálu, dlouhodobých závazků a dlouhodobých pohledávek"
"003";"000100";"C.I.";"";"029";"10000101";"20111231";"Peněžní toky vyplývající ze změny vlastního kapitálu ( + / - )"
"003";"000100";"C.I.";"";"028";"20120101";"99991231";"Peněžní toky vyplývající ze změny vlastního kapitálu ( + / - )"
"003";"000100";"C.II.";"";"030";"10000101";"20111231";"Změna stavu dlouhodobých závazků ( + / - )"
"003";"000100";"C.II.";"";"029";"20120101";"99991231";"Změna stavu dlouhodobých závazků ( + / - )"
"003";"000100";"C.III.";"";"030";"20120101";"99991231";"Změna stavu dlouhodobých pohledávek ( + / - )"
"003";"000100";"C.III.";"";"031";"10000101";"20111231";"Změna stavu dlouhodobých pohledávek ( + / - )"
"003";"000100";"F.";"";"032";"10000101";"20111231";"Celková změna stavu peněžních prostředků"
"003";"000100";"F.";"";"031";"20120101";"99991231";"Celková změna stavu peněžních prostředků"
"003";"000100";"H.";"";"032";"20120101";"99991231";"Příjmové a výdajové účty rozpočtového hospodaření ( + / - )"
"003";"000100";"P.";"";"001";"20120101";"99991231";"Stav peněžních prostředků k 1. lednu"
"003";"000100";"P.";"";"001";"10000101";"20111231";"Stav peněžních prostředků k 1. lednu"
"003";"000100";"R.";"";"033";"10000101";"20111231";"Stav peněžních prostředků k okamžiku sestavení mezitímní účetní závěrky nebo k rozvahovému dni (z rozvahy účetní jednotky a zároveň podle vzorce: R. = P.+ F.)"
"003";"000100";"R.";"";"033";"20120101";"99991231";"Stav peněžních prostředků k rozvahovému dni"
"003";"000100";"Z.";"";"003";"20120101";"99991231";"Výsledek hospodaření před zdaněním"
"003";"000100";"Z.";"";"003";"10000101";"20111231";"Výsledek hospodaření před zdaněním"
"003";"000200";"A.";"";"002";"20120101";"99991231";"Jmění účetní jednotky a upravující položky"
"003";"000200";"A.I.";"";"003";"20120101";"99991231";"Jmění účetní jednotky"
"003";"000200";"A.I.1.";"";"004";"20120101";"99991231";"Změna, vznik nebo zánik příslušnosti hospodařit s majetkem státu"
"003";"000200";"A.I.2.";"";"005";"20120101";"99991231";"Svěření majetku příspěvkové organizaci"
"003";"000200";"A.I.3.";"";"006";"20120101";"99991231";"Bezúplatné převody"
"003";"000200";"A.I.4.";"";"007";"20120101";"99991231";"Investiční transfery"
"003";"000200";"A.I.5.";"";"008";"20120101";"99991231";"Dary"
"003";"000200";"A.I.6.";"";"009";"20120101";"99991231";"Ostatní"
"003";"000200";"A.II.";"";"010";"20120101";"99991231";"Fond privatizace"
"003";"000200";"A.III.";"";"011";"20120101";"99991231";"Transfery na pořízení dlouhodobého majetku"
"003";"000200";"A.III.1.";"";"012";"20120101";"99991231";"Svěření majetku příspěvkové organizaci"
"003";"000200";"A.III.2.";"";"013";"20120101";"99991231";"Bezúplatné převody"
"003";"000200";"A.III.3.";"";"014";"20120101";"99991231";"Investiční transfery"
"003";"000200";"A.III.4.";"";"015";"20120101";"99991231";"Dary"
"003";"000200";"A.III.5.";"";"016";"20120101";"99991231";"Snížení investičních transferů ve věcné a časové souvislosti"
"003";"000200";"A.III.6.";"";"017";"20120101";"99991231";"Ostatní"
"003";"000200";"A.IV.";"";"018";"20120101";"99991231";"Kurzové rozdíly"
"003";"000200";"A.V.";"";"019";"20120101";"99991231";"Oceňovací rozdíly při prvotním použití metody"
"003";"000200";"A.V.1.";"";"020";"20120101";"99991231";"Opravné položky k pohledávkám"
"003";"000200";"A.V.2.";"";"021";"20120101";"99991231";"Odpisy"
"003";"000200";"A.V.3.";"";"022";"20120101";"99991231";"Ostatní"
"003";"000200";"A.VI.";"";"023";"20120101";"99991231";"Jiné oceňovací rozdíly"
"003";"000200";"A.VI.1.";"";"024";"20120101";"99991231";"Oceňovací rozdíly u cenných papírů a podílů"
"003";"000200";"A.VI.2.";"";"025";"20120101";"99991231";"Oceňovací rozdíly u majetku určeného k prodeji"
"003";"000200";"A.VI.3.";"";"026";"20120101";"99991231";"Ostatní"
"003";"000200";"A.VII.";"";"027";"20150101";"99991231";"Opravy předcházejících účetních období"
"003";"000200";"A.VII.";"";"027";"20120101";"20141231";"Opravy minulých období"
"003";"000200";"A.VII.1.";"";"028";"20120101";"99991231";"Opravy minulého účetního období"
"003";"000200";"A.VII.2.";"";"029";"20120101";"99991231";"Opravy předchozích účetních období"
"003";"000200";"B.";"";"030";"20120101";"99991231";"Fondy účetní jednotky"
"003";"000200";"C.";"";"031";"20120101";"99991231";"Výsledek hospodaření"
"003";"000200";"C.";"";"001";"10000101";"20111231";"Vlastní kapitál"
"003";"000200";"C.I.";"";"002";"10000101";"20111231";"Jmění účetní jednotky a upravující položky"
"003";"000200";"C.II.";"";"003";"10000101";"20111231";"Fondy účetní jednotky"
"003";"000200";"C.III.";"";"004";"10000101";"20111231";"Výsledek hospodaření"
"003";"000200";"CELKEM";"";"001";"20150101";"99991231";"Vlastní kapitál celkem"
"003";"000200";"D.";"";"032";"20120101";"99991231";"Příjmový a výdajový účet rozpočtového hospodaření"
"003";"000200";"VLASTNÍ KAPITÁL";"";"001";"20120101";"20141231";"Vlastní kapitál celkem"
"004";"000100";"A.1.";"";"001";"10000101";"99991231";"Informace podle § 7 odst. 3 zákona"
"004";"000100";"A.2.";"";"002";"10000101";"99991231";"Informace podle § 7 odst. 4 zákona"
"004";"000100";"A.3.";"";"003";"10000101";"99991231";"Informace podle § 7 odst. 5 zákona"
"004";"000100";"A.6.";"";"004";"10000101";"20151231";"Informace podle § 19 odst. 5 písm. a) zákona"
"004";"000100";"A.6.";"";"004";"20160101";"99991231";"Informace podle § 19 odst. a) odst. 6 zákona"
"004";"000100";"A.7.";"";"005";"10000101";"20151231";"Informace podle § 19 odst. 5 písm. b) zákona"
"004";"000100";"A.8.";"";"006";"10000101";"20151231";"Informace podle § 66 odst. 6a"
"004";"000100";"A.9.";"";"007";"10000101";"20151231";"Informace podle § 66 odst. 8"
"004";"000100";"E.1.";"";"001";"10000101";"99991231";"Doplňující informace k položkám rozvahy"
"004";"000100";"E.2.";"";"002";"10000101";"99991231";"Doplňující informace k položkám výkazu zisku a ztráty"
"004";"000100";"E.3.";"";"003";"10000101";"99991231";"Doplňující informace k položkám přehledu o peněžních tocích"
"004";"000100";"E.4.";"";"004";"10000101";"99991231";"Doplňující informace k položkám přehledu o změnách vlastního kapitálu"
"004";"000200";"P.I.";"-";"002";"20140101";"99991231";"Majetek a závazky účetní jednotky"
"004";"000200";"P.I.";"-";"001";"10000101";"20131231";"Majetek účetní jednotky"
"004";"000200";"P.I.1.";"901";"004";"20140101";"99991231";"Jiný drobný dlouhodobý nehmotný majetek"
"004";"000200";"P.I.1.";"901";"003";"10000101";"20131231";"Jiný drobný dlouhodobý nehmotný majetek"
"004";"000200";"P.I.2.";"902";"006";"20140101";"99991231";"Jiný drobný dlouhodobý hmotný majetek"
"004";"000200";"P.I.2.";"902";"005";"10000101";"20131231";"Jiný drobný dlouhodobý hmotný majetek"
"004";"000200";"P.I.3.";"905";"009";"20150101";"99991231";"Vyřazené pohledávky"
"004";"000200";"P.I.3.";"903";"008";"20140101";"20141231";"Ostatní majetek"
"004";"000200";"P.I.3.";"903";"007";"10000101";"20131231";"Ostatní majetek"
"004";"000200";"P.I.4.";"906";"010";"20150101";"99991231";"Vyřazené závazky"
"004";"000200";"P.I.5.";"909";"011";"20150101";"99991231";"Ostatní majetek"
"004";"000200";"P.II.";"-";"015";"20150101";"99991231";"Krátkodobé podmíněné pohledávky z transferů a krátkodobé podmíněné závazky z transferů"
"004";"000200";"P.II.";"-";"014";"20140101";"20141231";"Vyřazené pohledávky a závazky"
"004";"000200";"P.II.";"-";"013";"20120101";"20131231";"Vyřazené pohledávky a závazky"
"004";"000200";"P.II.";"-";"012";"10000101";"20111231";"Odepsané pohledávky a závazky"
"004";"000200";"P.II.1.";"911";"016";"20150101";"99991231";"Krátkodobé podmíněné pohledávky z předfinancování transferů"
"004";"000200";"P.II.1.";"911";"019";"20140101";"20141231";"Vyřazené pohledávky"
"004";"000200";"P.II.1.";"911";"017";"10000101";"20111231";"Odepsané pohledávky"
"004";"000200";"P.II.1.";"911";"018";"20120101";"20131231";"Vyřazené pohledávky"
"004";"000200";"P.II.2.";"912";"020";"20150101";"99991231";"Krátkodobé podmíněné závazky z předfinancování transferů"
"004";"000200";"P.II.2.";"912";"023";"20140101";"20141231";"Vyřazené závazky"
"004";"000200";"P.II.2.";"912";"022";"20120101";"20131231";"Vyřazené závazky"
"004";"000200";"P.II.2.";"912";"021";"10000101";"20111231";"Odepsané závazky"
"004";"000200";"P.II.3.";"913";"024";"20150101";"99991231";"Krátkodobé podmíněné pohledávky ze zahraničních transferů"
"004";"000200";"P.II.4.";"914";"025";"20150101";"99991231";"Krátkodobé podmíněné závazky ze zahraničních transferů"
"004";"000200";"P.II.5.";"915";"026";"20150101";"99991231";"Ostatní krátkodobé podmíněné pohledávky z transferů"
"004";"000200";"P.II.6.";"916";"027";"20150101";"99991231";"Ostatní krátkodobé podmíněné závazky z transferů"
"004";"000200";"P.III.";"-";"029";"20140101";"99991231";"Podmíněné pohledávky z důvodu užívání majetku jinou osobou"
"004";"000200";"P.III.";"-";"028";"10000101";"20131231";"Podmíněné pohledávky z důvodu užívání majetku jinou osobou"
"004";"000200";"P.III.1.";"921";"031";"20140101";"99991231";"Krátkodobé podmíněné pohledávky z důvodu úplatného užívání majetku jinou osobou"
"004";"000200";"P.III.1.";"921";"030";"10000101";"20131231";"Krátkodobé podmíněné pohledávky z důvodu úplatného užívání majetku jinou osobou"
"004";"000200";"P.III.2.";"922";"033";"20140101";"99991231";"Dlouhodobé podmíněné pohledávky z důvodu úplatného užívání majetku jinou osobou"
"004";"000200";"P.III.2.";"922";"032";"10000101";"20131231";"Dlouhodobé podmíněné pohledávky z důvodu úplatného užívání majetku jinou osobou"
"004";"000200";"P.III.3.";"923";"035";"20140101";"99991231";"Krátkodobé podmíněné pohledávky z důvodu užívání majetku jinou osobou na základě smlouvy o výpůjčce"
"004";"000200";"P.III.3.";"923";"034";"10000101";"20131231";"Krátkodobé podmíněné pohledávky z důvodu užívání majetku jinou osobou na základě smlouvy o výpůjčce"
"004";"000200";"P.III.4.";"924";"037";"20140101";"99991231";"Dlouhodobé podmíněné pohledávky z důvodu užívání majetku jinou osobou na základě smlouvy o výpůjčce"
"004";"000200";"P.III.4.";"924";"036";"10000101";"20131231";"Dlouhodobé podmíněné pohledávky z důvodu užívání majetku jinou osobou na základě smlouvy o výpůjčce"
"004";"000200";"P.III.5.";"925";"039";"20140101";"99991231";"Krátkodobé podmíněné pohledávky z důvodu užívání majetku jinou osobou z jiných důvodů"
"004";"000200";"P.III.5.";"925";"038";"10000101";"20131231";"Krátkodobé podmíněné pohledávky z důvodu užívání majetku jinou osobou z jiných důvodů"
"004";"000200";"P.III.6.";"926";"040";"10000101";"20131231";"Dlouhodobé podmíněné pohledávky z důvodu užívání majetku jinou osobou z jiných důvodů"
"004";"000200";"P.III.6.";"926";"041";"20140101";"99991231";"Dlouhodobé podmíněné pohledávky z důvodu užívání majetku jinou osobou z jiných důvodů"
"004";"000200";"P.IV.";"-";"043";"20140101";"99991231";"Další podmíněné pohledávky"
"004";"000200";"P.IV.";"-";"042";"10000101";"20131231";"Další podmíněné pohledávky a ostatní podmíněná aktiva"
"004";"000200";"P.IV.1.";"931";"045";"20140101";"99991231";"Krátkodobé podmíněné pohledávky ze smluv o prodeji dlouhodobého majetku"
"004";"000200";"P.IV.1.";"931";"044";"10000101";"20131231";"Krátkodobé podmíněné pohledávky ze smluv o prodeji dlouhodobého majetku"
"004";"000200";"P.IV.10.";"945";"066";"10000101";"20131231";"Dlouhodobé podmíněné úhrady pohledávek z přijatých zajištění"
"004";"000200";"P.IV.10.";"945";"067";"20140101";"99991231";"Dlouhodobé podmíněné úhrady pohledávek z přijatých zajištění"
"004";"000200";"P.IV.11.";"947";"069";"20140101";"99991231";"Krátkodobé podmíněné pohledávky ze soudních sporů, správních řízení a jiných řízení"
"004";"000200";"P.IV.11.";"947";"068";"10000101";"20131231";"Krátkodobé podmíněné pohledávky ze soudních sporů, správních řízení a jiných řízení"
"004";"000200";"P.IV.12.";"948";"070";"10000101";"20131231";"Dlouhodobé podmíněné pohledávky ze soudních sporů, správních řízení a jiných řízení"
"004";"000200";"P.IV.12.";"948";"071";"20140101";"99991231";"Dlouhodobé podmíněné pohledávky ze soudních sporů, správních řízení a jiných řízení"
"004";"000200";"P.IV.13.";"949";"072";"10000101";"20131231";"Ostatní krátkodobá podmíněná aktiva"
"004";"000200";"P.IV.14.";"951";"073";"10000101";"20131231";"Ostatní dlouhodobá podmíněná aktiva"
"004";"000200";"P.IV.2.";"932";"047";"20140101";"99991231";"Dlouhodobé podmíněné pohledávky ze smluv o prodeji dlouhodobého majetku"
"004";"000200";"P.IV.2.";"932";"046";"10000101";"20131231";"Dlouhodobé podmíněné pohledávky ze smluv o prodeji dlouhodobého majetku"
"004";"000200";"P.IV.3.";"933";"049";"20140101";"99991231";"Krátkodobé podmíněné pohledávky z jiných smluv"
"004";"000200";"P.IV.3.";"933";"048";"10000101";"20131231";"Krátkodobé podmíněné pohledávky z jiných smluv"
"004";"000200";"P.IV.4.";"934";"051";"20140101";"99991231";"Dlouhodobé podmíněné pohledávky z jiných smluv"
"004";"000200";"P.IV.4.";"934";"050";"10000101";"20131231";"Dlouhodobé podmíněné pohledávky z jiných smluv"
"004";"000200";"P.IV.5.";"939";"055";"20150101";"99991231";"Krátkodobé podmíněné pohledávky ze sdílených daní"
"004";"000200";"P.IV.5.";"939";"054";"20140101";"20141231";"Krátkodobé podmíněné pohledávky z nástrojů spolufinancovaných ze zahraničí"
"004";"000200";"P.IV.5.";"939";"053";"20120101";"20131231";"Krátkodobé podmíněné pohledávky z nástrojů spolufinancovaných ze zahraničí"
"004";"000200";"P.IV.5.";"939";"052";"10000101";"20111231";"Krátkodobé podmíněné pohledávky ze vztahu k prostředkům EU"
"004";"000200";"P.IV.6.";"941";"056";"10000101";"20111231";"Dlouhodobé podmíněné pohledávky ze vztahu k prostředkům EU"
"004";"000200";"P.IV.6.";"941";"057";"20120101";"20131231";"Dlouhodobé podmíněné pohledávky z nástrojů spolufinancovaných ze zahraničí"
"004";"000200";"P.IV.6.";"941";"058";"20140101";"20141231";"Dlouhodobé podmíněné pohledávky z nástrojů spolufinancovaných ze zahraničí"
"004";"000200";"P.IV.6.";"941";"059";"20150101";"99991231";"Dlouhodobé podmíněné pohledávky ze sdílených daní"
"004";"000200";"P.IV.7.";"942";"060";"10000101";"20131231";"Krátkodobé podmíněné pohledávky ze vztahu k jiným zdrojům"
"004";"000200";"P.IV.7.";"942";"061";"20140101";"99991231";"Krátkodobé podmíněné pohledávky ze vztahu k jiným zdrojům"
"004";"000200";"P.IV.8.";"943";"062";"10000101";"20131231";"Dlouhodobé podmíněné pohledávky ze vztahu k jiným zdrojům"
"004";"000200";"P.IV.8.";"943";"063";"20140101";"99991231";"Dlouhodobé podmíněné pohledávky ze vztahu k jiným zdrojům"
"004";"000200";"P.IV.9.";"944";"064";"10000101";"20131231";"Krátkodobé podmíněné úhrady pohledávek z přijatých zajištění"
"004";"000200";"P.IV.9.";"944";"065";"20140101";"99991231";"Krátkodobé podmíněné úhrady pohledávek z přijatých zajištění"
"004";"000200";"P.V.";"-";"074";"10000101";"20131231";"Podmíněné závazky z důvodu užívání cizího majetku"
"004";"000200";"P.V.";"-";"075";"20150101";"99991231";"Dlouhodobé podmíněné pohledávky z transferů a dlouhodobé podmíněné závazky z transferů"
"004";"000200";"P.V.1.";"961";"076";"10000101";"20131231";"Krátkodobé podmíněné závazky z leasingových smluv"
"004";"000200";"P.V.1.";"951";"077";"20150101";"99991231";"Dlouhodobé podmíněné pohledávky z předfinancování transferů"
"004";"000200";"P.V.2.";"952";"079";"20150101";"99991231";"Dlouhodobé podmíněné závazky z předfinancování transferů"
"004";"000200";"P.V.2.";"962";"078";"10000101";"20131231";"Dlouhodobé podmíněné závazky z leasingových smluv"
"004";"000200";"P.V.3.";"953";"081";"20150101";"99991231";"Dlouhodobé podmíněné pohledávky ze zahraničních transferů"
"004";"000200";"P.V.3.";"963";"080";"10000101";"20131231";"Krátkodobé podmíněné závazky z důvodu úplatného užívání cizího majetku na základě jiného důvodu"
"004";"000200";"P.V.4.";"954";"083";"20150101";"99991231";"Dlouhodobé podmíněné závazky ze zahraničních transferů"
"004";"000200";"P.V.4.";"964";"082";"10000101";"20131231";"Dlouhodobé podmíněné závazky z důvodu úplatného užívání cizího majetku na základě jiného důvodu"
"004";"000200";"P.V.5.";"955";"085";"20150101";"99991231";"Ostatní dlouhodobé podmíněné pohledávky z transferů"
"004";"000200";"P.V.5.";"965";"084";"10000101";"20131231";"Krátkodobé podmíněné závazky z důvodu užívání cizího majetku na základě smlouvy o výpůjčce"
"004";"000200";"P.V.6.";"956";"087";"20150101";"99991231";"Ostatní dlouhodobé podmíněné závazky z transferů"
"004";"000200";"P.V.6.";"966";"086";"10000101";"20131231";"Dlouhodobé podmíněné závazky z důvodu užívání cizího majetku na základě smlouvy o výpůjčce"
"004";"000200";"P.V.7.";"967";"088";"10000101";"20131231";"Krátkodobé podmíněné závazky z důvodu užívání cizího majetku nebo jeho převzetí z jiných důvodů"
"004";"000200";"P.V.8.";"968";"089";"10000101";"20131231";"Dlouhodobé podmíněné závazky z důvodu užívání cizího majetku nebo jeho převzetí z jiných důvodů"
"004";"000200";"P.VI.";"-";"091";"20140101";"99991231";"Podmíněné závazky z důvodu užívání cizího majetku"
"004";"000200";"P.VI.";"-";"090";"10000101";"20131231";"Další podmíněné závazky a ostatní podmíněná pasiva"
"004";"000200";"P.VI.1.";"971";"092";"10000101";"20131231";"Krátkodobé podmíněné závazky ze smluv o pořízení dlouhodobého majetku"
"004";"000200";"P.VI.1.";"961";"093";"20140101";"99991231";"Krátkodobé podmíněné závazky z operativního leasingu"
"004";"000200";"P.VI.10.";"982";"111";"10000101";"20131231";"Dlouhodobé podmíněné závazky z poskytnutých zajištění"
"004";"000200";"P.VI.11.";"983";"112";"10000101";"20131231";"Krátkodobé podmíněné závazky ze soudních sporů, správních řízení a jiných řízení"
"004";"000200";"P.VI.12.";"984";"113";"10000101";"20131231";"Dlouhodobé podmíněné závazky ze soudních sporů, správních řízení a jiných řízení"
"004";"000200";"P.VI.13.";"985";"114";"10000101";"20131231";"Ostatní krátkodobá podmíněná pasiva"
"004";"000200";"P.VI.14.";"986";"115";"10000101";"20131231";"Ostatní dlouhodobá podmíněná pasiva"
"004";"000200";"P.VI.2.";"972";"094";"10000101";"20131231";"Dlouhodobé podmíněné závazky ze smluv o pořízení dlouhodobého majetku"
"004";"000200";"P.VI.2.";"962";"095";"20140101";"99991231";"Dlouhodobé podmíněné závazky z operativního leasingu"
"004";"000200";"P.VI.3.";"973";"096";"10000101";"20131231";"Krátkodobé podmíněné závazky z jiných smluv"
"004";"000200";"P.VI.3.";"963";"097";"20140101";"99991231";"Krátkodobé podmíněné závazky z finančního leasingu"
"004";"000200";"P.VI.4.";"974";"098";"10000101";"20131231";"Dlouhodobé podmíněné závazky z jiných smluv"
"004";"000200";"P.VI.4.";"964";"099";"20140101";"99991231";"Dlouhodobé podmíněné závazky z finančního leasingu"
"004";"000200";"P.VI.5.";"975";"100";"10000101";"20111231";"Krátkodobé podmíněné závazky ze vztahu k prostředkům EU"
"004";"000200";"P.VI.5.";"975";"101";"20120101";"20131231";"Krátkodobé podmíněné závazky z nástrojů spolufinancovaných ze zahraničí"
"004";"000200";"P.VI.5.";"965";"102";"20140101";"99991231";"Krátkodobé podmíněné závazky z důvodu užívání cizího majetku na základě smlouvy o výpůjčce"
"004";"000200";"P.VI.6.";"966";"105";"20140101";"99991231";"Dlouhodobé podmíněné závazky z důvodu užívání cizího majetku na základě smlouvy o výpůjčce"
"004";"000200";"P.VI.6.";"976";"103";"10000101";"20111231";"Dlouhodobé podmíněné závazky ze vztahu k prostředkům EU"
"004";"000200";"P.VI.6.";"976";"104";"20120101";"20131231";"Dlouhodobé podmíněné závazky z nástrojů spolufinancovaných ze zahraničí"
"004";"000200";"P.VI.7.";"978";"106";"10000101";"20131231";"Krátkodobé podmíněné závazky vyplývající z právních předpisů a další činnosti moci zákonodárné, výkonné nebo soudní"
"004";"000200";"P.VI.7.";"967";"107";"20140101";"99991231";"Krátkodobé podmíněné závazky z důvodu užívání cizího majetku nebo jeho převzetí z jiných důvodů"
"004";"000200";"P.VI.8.";"968";"109";"20140101";"99991231";"Dlouhodobé podmíněné závazky z důvodu užívání cizího majetku nebo jeho převzetí z jiných důvodů"
"004";"000200";"P.VI.8.";"979";"108";"10000101";"20131231";"Dlouhodobé podmíněné závazky vyplývající z právních předpisů a další činnosti moci zákonodárné, výkonné nebo soudní"
"004";"000200";"P.VI.9.";"981";"110";"10000101";"20131231";"Krátkodobé podmíněné závazky z poskytnutých zajištění"
"004";"000200";"P.VII.";"-";"116";"10000101";"20131231";"Vyrovnávací účty"
"004";"000200";"P.VII.";"-";"117";"20140101";"99991231";"Další podmíněné závazky"
"004";"000200";"P.VII.1.";"971";"119";"20140101";"99991231";"Krátkodobé podmíněné závazky ze smluv o pořízení dlouhodobého majetku"
"004";"000200";"P.VII.1.";"999";"118";"10000101";"20131231";"Vyrovnávací účet k podrozvahovým účtům"
"004";"000200";"P.VII.10.";"982";"133";"20140101";"20141231";"Dlouhodobé podmíněné závazky z poskytnutých garancí jednorázových"
"004";"000200";"P.VII.10.";"982";"128";"20150101";"99991231";"Dlouhodobé podmíněné závazky z poskytnutých garancí jednorázových"
"004";"000200";"P.VII.11.";"983";"135";"20140101";"20141231";"Krátkodobé podmíněné závazky z poskytnutých garancí ostatních"
"004";"000200";"P.VII.11.";"983";"129";"20160101";"99991231";"Krátkodobé podmíněné závazky z poskytnutých garancí ostatních"
"004";"000200";"P.VII.11.";"985";"136";"20150101";"20151231";"Krátkodobé podmíněné závazky ze soudních sporů, správních řízení a jiných řízení"
"004";"000200";"P.VII.12.";"984";"130";"20160101";"99991231";"Dlouhodobé podmíněné závazky z poskytnutých garancí ostatních"
"004";"000200";"P.VII.12.";"984";"137";"20140101";"20141231";"Dlouhodobé podmíněné závazky z poskytnutých garancí ostatních"
"004";"000200";"P.VII.12.";"986";"138";"20150101";"20151231";"Dlouhodobé podmíněné závazky ze soudních sporů, správních řízení a jiných řízení"
"004";"000200";"P.VII.13.";"985";"131";"20160101";"99991231";"Krátkodobé podmíněné závazky ze soudních sporů, správních řízení a jiných řízení"
"004";"000200";"P.VII.13.";"985";"139";"20140101";"20141231";"Krátkodobé podmíněné závazky ze soudních sporů, správních řízení a jiných řízení"
"004";"000200";"P.VII.14.";"986";"132";"20160101";"99991231";"Dlouhodobé podmíněné závazky ze soudních sporů, správních řízení a jiných řízení"
"004";"000200";"P.VII.14.";"986";"140";"20140101";"20141231";"Dlouhodobé podmíněné závazky ze soudních sporů, správních řízení a jiných řízení"
"004";"000200";"P.VII.2.";"972";"120";"20140101";"99991231";"Dlouhodobé podmíněné závazky ze smluv o pořízení dlouhodobého majetku"
"004";"000200";"P.VII.3.";"973";"121";"20140101";"99991231";"Krátkodobé podmíněné závazky z jiných smluv"
"004";"000200";"P.VII.4.";"974";"122";"20140101";"99991231";"Dlouhodobé podmíněné závazky z jiných smluv"
"004";"000200";"P.VII.5.";"975";"123";"20140101";"20141231";"Krátkodobé podmíněné závazky z nástrojů spolufinancovaných ze zahraničí"
"004";"000200";"P.VII.5.";"975";"123";"20160101";"99991231";"Krátkodobé podmíněné závazky z přijatého kolaterálu"
"004";"000200";"P.VII.5.";"978";"124";"20150101";"20151231";"Krátkodobé podmíněné závazky vyplývající z právních předpisů a další činnosti moci zákonodárné, výkonné nebo soudní"
"004";"000200";"P.VII.6.";"976";"125";"20140101";"20141231";"Dlouhodobé podmíněné závazky z nástrojů spolufinancovaných ze zahraničí"
"004";"000200";"P.VII.6.";"976";"124";"20160101";"99991231";"Dlouhodobé podmíněné závazky z přijatého kolaterálu"
"004";"000200";"P.VII.6.";"979";"126";"20150101";"20151231";"Dlouhodobé podmíněné závazky vyplývající z právních předpisů a další činnosti moci zákonodárné, výkonné nebo soudní"
"004";"000200";"P.VII.7.";"978";"125";"20160101";"99991231";"Krátkodobé podmíněné závazky vyplývající z právních předpisů a další činnosti moci zákonodárné, výkonné nebo soudní"
"004";"000200";"P.VII.7.";"981";"128";"20150101";"20151231";"Krátkodobé podmíněné závazky z poskytnutých garancí jednorázových"
"004";"000200";"P.VII.7.";"978";"127";"20140101";"20141231";"Krátkodobé podmíněné závazky vyplývající z právních předpisů a další činnosti moci zákonodárné, výkonné nebo soudní"
"004";"000200";"P.VII.8.";"979";"129";"20140101";"20141231";"Dlouhodobé podmíněné závazky vyplývající z právních předpisů a další činnosti moci zákonodárné, výkonné nebo soudní"
"004";"000200";"P.VII.8.";"979";"126";"20160101";"99991231";"Dlouhodobé podmíněné závazky vyplývající z právních předpisů a další činnosti moci zákonodárné, výkonné nebo soudní"
"004";"000200";"P.VII.8.";"982";"130";"20150101";"20151231";"Dlouhodobé podmíněné závazky z poskytnutých garancí jednorázových"
"004";"000200";"P.VII.9.";"981";"131";"20140101";"20141231";"Krátkodobé podmíněné závazky z poskytnutých garancí jednorázových"
"004";"000200";"P.VII.9.";"981";"127";"20150101";"99991231";"Krátkodobé podmíněné závazky z poskytnutých garancí jednorázových"
"004";"000200";"P.VIII.";"-";"141";"20140101";"99991231";"Ostatní podmíněná aktiva a ostatní podmíněná pasiva a vyrovnávací účty"
"004";"000200";"P.VIII.1.";"991";"142";"20140101";"99991231";"Ostatní krátkodobá podmíněná aktiva"
"004";"000200";"P.VIII.2.";"992";"143";"20140101";"99991231";"Ostatní dlouhodobá podmíněná aktiva"
"004";"000200";"P.VIII.3.";"993";"144";"20140101";"99991231";"Ostatní krátkodobá podmíněná pasiva"
"004";"000200";"P.VIII.4.";"994";"145";"20140101";"99991231";"Ostatní dlouhodobá podmíněná pasiva"
"004";"000200";"P.VIII.5.";"999";"146";"20140101";"99991231";"Vyrovnávací účet k podrozvahovým účtům"
"004";"000300";"1";"";"001";"20120101";"20151231";"Splatné závazky pojistného na sociálním zabezpečení a příspěvku na státní politiku zaměstnanosti"
"004";"000300";"2";"";"002";"20120101";"20151231";"Splatné závazky veřejného zdravotního pojištění"
"004";"000300";"3";"";"003";"20120101";"20151231";"Evidované daňové nedoplatky u místně příslušných finančních orgánů"
"004";"000300";"52";"";"001";"10000101";"20111231";"Splatné závazky pojistného na sociálním zabezpečení a příspěvku na státní politiku zaměstnanosti"
"004";"000300";"53";"";"002";"10000101";"20111231";"Splatné závazky veřejného zdravotního pojištění"
"004";"000300";"54";"";"003";"10000101";"20111231";"Evidované daňové nedoplatky u místně příslušných finančních orgánů"
"004";"000300";"A.5.";"";"004";"20160101";"99991231";"Informace podle § 18 odst. 3 písm. b) zákona"
"004";"000400";"1";"";"001";"10000101";"20111231";"Dotace celkem na dlouhodobý majetek ze státního rozpočtu"
"004";"000400";"10";"";"010";"10000101";"20111231";" z toho: přijaté příspěvky na provoz od zřizovatele"
"004";"000400";"11";"";"011";"10000101";"20111231";" z toho na: výzkum a vývoj"
"004";"000400";"12";"";"012";"10000101";"20111231";" vzdělávání pracovníků"
"004";"000400";"13";"";"013";"10000101";"20111231";" informatiku"
"004";"000400";"14";"";"014";"10000101";"20111231";" přijaté dotace na neinvestiční náklady související s financováním programů evidovaných v ISPROFIN od zřizovatele"
"004";"000400";"15";"";"015";"10000101";"20111231";" přijaté prostředky na výzkum a vývoj od poskytovatelů jiných než od zřizovatele"
"004";"000400";"16";"";"016";"10000101";"20111231";"Přijaté prostředky na výzkum a vývoj z rozpočtu územních samosprávných celků"
"004";"000400";"17";"";"017";"10000101";"20111231";"Přijaté prostředky na výzkum a vývoj od příjemců účelové podpory"
"004";"000400";"18";"";"018";"10000101";"20111231";"Přijaté prostředky na provoz ze zahraničí"
"004";"000400";"19";"";"019";"10000101";"20111231";"Přijaté příspěvky a dotace celkem na provoz z rozpočtu územních samosprávných celků"
"004";"000400";"2";"";"002";"10000101";"20111231";" v tom: systémové dotace na dlouhodobý majetek"
"004";"000400";"20";"";"020";"10000101";"20111231";"Přijaté příspěvky a dotace na provoz z rozpočtu státních fondů"
"004";"000400";"21";"";"021";"10000101";"20111231";"Přijaté dotace celkem na dlouhodobý majetek z rozpočtu státních fondů"
"004";"000400";"22";"";"022";"10000101";"20111231";"Poskytnuté návratné finanční výpomoci mezi rozpočty - krajskému úřadu"
"004";"000400";"23";"";"023";"10000101";"20111231";"Poskytnuté návratné finanční výpomoci mezi rozpočty - obcí"
"004";"000400";"24";"";"024";"10000101";"20111231";"Přijaté návratné finanční výpomoci mezi rozpočty - ze státního rozpočtu"
"004";"000400";"25";"";"025";"10000101";"20111231";"Přijaté návratné finanční výpomoci mezi rozpočty - od krajského úřadu"
"004";"000400";"26";"";"026";"10000101";"20111231";"Přijaté návratné finanční výpomoci mezi rozpočty - od obce"
"004";"000400";"27";"";"027";"10000101";"20111231";"Přijaté návratné finanční výpomoci mezi rozpočty - od státních fondů"
"004";"000400";"28";"";"028";"10000101";"20111231";"Přijaté návratné finanční výpomoci mezi rozpočty - od ostatních veřejných rozpočtů"
"004";"000400";"29";"";"029";"10000101";"20111231";"Poskytnuté přechodné výpomoci příspěvkovým organizacím - organizační složkou státu"
"004";"000400";"3";"";"003";"10000101";"20111231";" z toho na: výzkum a vývoj"
"004";"000400";"30";"";"030";"10000101";"20111231";"Poskytnuté přechodné výpomoci příspěvkovým organizacím - krajským úřadem"
"004";"000400";"31";"";"031";"10000101";"20111231";"Poskytnuté přechodné výpomoci příspěvkovým organizacím - obcí"
"004";"000400";"32";"";"032";"10000101";"20111231";"Krátkodobé bankovní úvěry tuzemské"
"004";"000400";"33";"";"033";"10000101";"20111231";"Krátkodobé bankovní úvěry zahraniční"
"004";"000400";"34";"";"034";"10000101";"20111231";"Vydané krátkodobé dluhopisy v tuzemsku"
"004";"000400";"35";"";"035";"10000101";"20111231";"Vydané krátkodobé dluhopisy v zahraničí"
"004";"000400";"36";"";"036";"10000101";"20111231";"Ostatní krátkodobé závazky (finanční výpomoci) tuzemské"
"004";"000400";"37";"";"037";"10000101";"20111231";"Ostatní krátkodobé závazky (finanční výpomoci) zahraniční"
"004";"000400";"38";"";"038";"10000101";"20111231";"Směnky k úhradě tuzemské"
"004";"000400";"39";"";"039";"10000101";"20111231";"Směnky k úhradě zahraniční"
"004";"000400";"4";"";"004";"10000101";"20111231";" vzdělávání pracovníků"
"004";"000400";"40";"";"040";"10000101";"20111231";"Dlouhodobé bankovní úvěry tuzemské"
"004";"000400";"41";"";"041";"10000101";"20111231";"Dlouhodobé bankovní úvěry zahraniční"
"004";"000400";"42";"";"042";"10000101";"20111231";"Vydané dluhopisy tuzemské"
"004";"000400";"43";"";"043";"10000101";"20111231";"Vydané dluhopisy zahraniční"
"004";"000400";"44";"";"044";"10000101";"20111231";"Dlouhodobé směnky k úhradě tuzemské"
"004";"000400";"45";"";"045";"10000101";"20111231";"Dlouhodobé směnky k úhradě zahraniční"
"004";"000400";"46";"";"046";"10000101";"20111231";"Ostatní dlouhodobé závazky tuzemské"
"004";"000400";"47";"";"047";"10000101";"20111231";"Ostatní dlouhodobé závazky zahraniční"
"004";"000400";"48";"";"048";"10000101";"20111231";"Nakoupené dluhopisy a směnky k inkasu celkem"
"004";"000400";"49";"";"049";"10000101";"20111231";" z toho: krátkodobé dluhopisy a směnky územních samosprávných celků"
"004";"000400";"5";"";"005";"10000101";"20111231";" informatiku"
"004";"000400";"50";"";"050";"10000101";"20111231";" komunální dluhopisy územních samosprávných celků"
"004";"000400";"51";"";"051";"10000101";"20111231";" ostatní dluhopisy a směnky veřejných rozpočtů"
"004";"000400";"6";"";"006";"10000101";"20111231";" individuální dotace na jmenovité akce"
"004";"000400";"7";"";"007";"10000101";"20111231";"Přijaté prostředky ze zahraničí na dlouhodobý majetek"
"004";"000400";"8";"";"008";"10000101";"20111231";"Přijaté dotace celkem na dlouhodobý majetek z rozpočtu územních samosprávných celků"
"004";"000400";"9";"";"009";"10000101";"20111231";"Přijaté příspěvky a dotace ze státního rozpočtu"
"004";"000500";"B.1.";"364";"001";"10000101";"20151231";"Poskytnutí úvěru zajištěné zajišťovacím převodem aktiva"
"004";"000500";"B.1.";"";"001";"20160101";"99991231";"Informace podle § 66 odst. 6"
"004";"000500";"B.2.";"";"002";"20160101";"99991231";"Informace podle § 66 odst. 8"
"004";"000500";"B.2.";"364";"002";"10000101";"20151231";"Půjčky cenných papírů zajištěné převodem peněžních prostředků"
"004";"000500";"B.3.";"364";"003";"20160101";"99991231";"Informace podle § 68 odst. 3"
"004";"000500";"B.3.";"364";"003";"10000101";"20151231";"Prodej aktiva se současně sjednaným zpětným nákupem"
"004";"000500";"B.4.";"364";"004";"10000101";"20151231";"Nákup aktiva se současně sjednaným zpětným prodejem"
"004";"000600";"C.1.";"";"001";"10000101";"20111231";"Krátkodobé podmíněné pohledávky ze vztahu k rozpočtovým prostředkům – nenávratné"
"004";"000600";"C.1.";"";"001";"20120101";"99991231";"Zvýšení stavu transferů na pořízení dlouhodobého majetku za běžné účetní období"
"004";"000600";"C.2.";"";"002";"20120101";"99991231";"Snížení stavu transferů na pořízení dlouhodobého majetku ve věcné a časové souvislosti"
"004";"000600";"C.2.";"";"002";"10000101";"20111231";"Dlouhodobé podmíněné pohledávky ze vztahu k rozpočtovým prostředkům – nenávratné"
"004";"000600";"C.3.";"";"003";"10000101";"20111231";"Krátkodobé podmíněné pohledávky ze vztahu k rozpočtovým prostředkům – návratné"
"004";"000600";"C.4.";"";"004";"10000101";"20111231";"Dlouhodobé podmíněné pohledávky ze vztahu k rozpočtovým prostředkům – návratné"
"004";"000600";"C.5.";"";"005";"10000101";"20111231";"Podmíněné závazky ze vztahu k rozpočtovým prostředkům"
"004";"000600";"C.6.";"";"006";"10000101";"20111231";"Rozpočtované prostředky"
"004";"000700";"A.I.";"";"001";"20120101";"99991231";"Počáteční stav fondu k 1. 1."
"004";"000700";"A.I.";"";"001";"10000101";"20111231";"Počáteční stav fondu"
"004";"000700";"A.II.";"";"002";"10000101";"99991231";"Tvorba fondu"
"004";"000700";"A.II.1.";"";"003";"10000101";"20111231";"Splátky půjček na bytové účely poskytnutých do konce roku 1992"
"004";"000700";"A.II.1.";"";"003";"20120101";"99991231";"Základní příděl"
"004";"000700";"A.II.2.";"";"004";"10000101";"20111231";"Náhrady škod a pojistná plnění od pojišťovny vztahující se k majetku pořízenému z fondu"
"004";"000700";"A.II.2.";"";"004";"20120101";"99991231";"Splátky půjček na bytové účely poskytnutých do konce roku 1992"
"004";"000700";"A.II.3.";"";"005";"10000101";"20111231";"Peněžní a jiné dary určené do fondu"
"004";"000700";"A.II.3.";"";"005";"20120101";"99991231";"Náhrady škod a pojistná plnění od pojišťovny vztahující se k majetku pořízenému z fondu"
"004";"000700";"A.II.4.";"";"006";"20120101";"99991231";"Peněžní a jiné dary určené do fondu"
"004";"000700";"A.II.5.";"";"007";"20120101";"99991231";"Ostatní tvorba fondu"
"004";"000700";"A.III.";"";"006";"10000101";"20111231";"Užití fondu"
"004";"000700";"A.III.";"";"008";"20120101";"99991231";"Čerpání fondu"
"004";"000700";"A.III.1.";"";"007";"10000101";"20111231";"Půjčky na bytové účely"
"004";"000700";"A.III.1.";"";"009";"20120101";"99991231";"Půjčky na bytové účely"
"004";"000700";"A.III.2.";"";"010";"20120101";"99991231";"Stravování"
"004";"000700";"A.III.2.";"";"008";"10000101";"20111231";"Stravování"
"004";"000700";"A.III.3.";"";"009";"10000101";"20111231";"Rekreace"
"004";"000700";"A.III.3.";"";"011";"20120101";"99991231";"Rekreace"
"004";"000700";"A.III.4.";"";"010";"10000101";"20111231";"Kultura, tělovýchova a sport"
"004";"000700";"A.III.4.";"";"012";"20120101";"99991231";"Kultura, tělovýchova a sport"
"004";"000700";"A.III.5.";"";"011";"10000101";"20111231";"Sociální výpomoci a půjčky"
"004";"000700";"A.III.5.";"";"013";"20120101";"99991231";"Sociální výpomoci a půjčky"
"004";"000700";"A.III.6.";"";"014";"20120101";"99991231";"Poskytnuté peněžní dary"
"004";"000700";"A.III.6.";"";"012";"10000101";"20111231";"Poskytnuté peněžní dary"
"004";"000700";"A.III.7.";"";"015";"20120101";"99991231";"Úhrada příspěvku na penzijní připojištění"
"004";"000700";"A.III.7.";"";"013";"10000101";"20111231";"Úhrada příspěvku na penzijní připojištění"
"004";"000700";"A.III.8.";"";"014";"10000101";"20111231";"Úhrada části pojistného na soukromé životní pojištění"
"004";"000700";"A.III.8.";"";"016";"20120101";"99991231";"Úhrada části pojistného na soukromé životní pojištění"
"004";"000700";"A.III.9.";"";"017";"20120101";"99991231";"Ostatní užití fondu"
"004";"000700";"A.III.9.";"";"015";"10000101";"20111231";"Ostatní užití fondu"
"004";"000700";"A.IV.";"";"018";"20120101";"99991231";"Konečný stav fondu"
"004";"000700";"A.IV.";"";"016";"10000101";"20111231";"Konečný stav fondu"
"004";"000710";"B.I.";"";"001";"10000101";"20111231";"Počáteční stav fondu"
"004";"000710";"B.I.";"";"001";"20120101";"99991231";"Počáteční stav fondu k 1.1."
"004";"000710";"B.II.";"";"002";"10000101";"99991231";"Tvorba fondu"
"004";"000710";"B.II.1.";"";"003";"10000101";"99991231";"Prostředky poskytnuté ze zahraničí - účelové"
"004";"000710";"B.II.2.";"";"004";"10000101";"99991231";"Peněžní dary - účelové"
"004";"000710";"B.II.3.";"";"005";"10000101";"99991231";"Prostředky poskytnuté ze zahraničí - neúčelové"
"004";"000710";"B.II.4.";"";"006";"10000101";"99991231";"Peněžní dary - neúčelové"
"004";"000710";"B.II.5.";"";"007";"10000101";"99991231";"Odvody neoprávněně použitých nebo zadržených peněžncíh prostředků"
"004";"000710";"B.II.6.";"";"008";"10000101";"99991231";"Příjmy z prodeje majetku, který organizační složka státu nabyla darem nebo děděním"
"004";"000710";"B.II.7.";"";"009";"10000101";"20171231";"Příjmy z prodeje majetku státu, s kterým je příslušné hospodařit Ministerstvo obrany"
"004";"000710";"B.II.7.";"";"010";"20180101";"99991231";"Ostatní tvorba"
"004";"000710";"B.II.8.";"";"010";"20160101";"20171231";"Ostatní tvorba"
"004";"000710";"B.III.";"";"011";"10000101";"99991231";"Čerpání fondu"
"004";"000710";"B.III.1.";"";"012";"10000101";"99991231";"Prostředky poskytnuté ze zahraničí - účelové"
"004";"000710";"B.III.2.";"";"013";"10000101";"99991231";"Peněžní dary - účelové"
"004";"000710";"B.III.3.";"";"014";"10000101";"99991231";"Prostředky poskytnuté ze zahraničí - neúčelové"
"004";"000710";"B.III.4.";"";"015";"10000101";"99991231";"Peněžní dary - neúčelové"
"004";"000710";"B.III.5.";"";"016";"10000101";"99991231";"Výdaje na reprodukci majetku"
"004";"000710";"B.III.6.";"";"017";"10000101";"99991231";"Výdaje na reprodukci majetku Ministerstva obrany"
"004";"000710";"B.III.7.";"";"018";"10000101";"99991231";"Ostatní čerpání"
"004";"000710";"B.IV.";"";"019";"10000101";"99991231";"Konečný stav fondu"
"004";"000720";"C.I.";"";"001";"10000101";"20111231";"Počáteční stav fondu"
"004";"000720";"C.I.";"";"001";"20120101";"99991231";"Počáteční stav fondu k 1.1."
"004";"000720";"C.II.";"";"002";"10000101";"99991231";"Tvorba fondu"
"004";"000720";"C.II.1.";"";"003";"10000101";"99991231";"Zlepšený výsledek hospodaření"
"004";"000720";"C.II.2.";"";"004";"10000101";"99991231";"Nespotřebované dotace z rozpočtu Evropské unie"
"004";"000720";"C.II.3.";"";"005";"10000101";"99991231";"Nespotřebované dotace z mezinárodních smluv"
"004";"000720";"C.II.4.";"";"006";"10000101";"99991231";"Peněžní prostředky poskytnuté ze zahraničí - účelové"
"004";"000720";"C.II.5.";"";"007";"10000101";"99991231";"Peněžní prostředky poskytnuté ze zahraničí - neúčelové"
"004";"000720";"C.II.6.";"";"008";"10000101";"99991231";"Peněžní dary - účelové"
"004";"000720";"C.II.7.";"";"009";"10000101";"99991231";"Peněžní dary - neúčelové"
"004";"000720";"C.II.8.";"";"010";"10000101";"99991231";"Ostatní tvorba"
"004";"000720";"C.III.";"";"011";"10000101";"99991231";"Čerpání fondu"
"004";"000720";"C.III.1.";"";"012";"10000101";"99991231";"Úhrada zhoršeného výsledku hospodaření"
"004";"000720";"C.III.2.";"";"013";"10000101";"99991231";"Úhrada sankcí"
"004";"000720";"C.III.3.";"";"014";"10000101";"99991231";"Doplnění fondu reprodukce majetku se souhlasem zřizovatele"
"004";"000720";"C.III.4.";"";"015";"10000101";"99991231";"Překlenutí časového nesouladu mezi výnosy a náklady"
"004";"000720";"C.III.5.";"";"016";"10000101";"99991231";"Peněžní prostředky poskytnuté ze zahraničí - účelové"
"004";"000720";"C.III.6.";"";"017";"10000101";"99991231";"Peněžní dary - účelové"
"004";"000720";"C.III.7.";"";"018";"10000101";"99991231";"Ostatní čerpání"
"004";"000720";"C.IV.";"";"019";"10000101";"99991231";"Konečný stav fondu"
"004";"000730";"D.I.";"";"001";"20120101";"99991231";"Počáteční stav fondu k 1.1."
"004";"000730";"D.I.";"";"001";"10000101";"20111231";"Počáteční stav fondu"
"004";"000730";"D.II.";"";"002";"10000101";"99991231";"Tvorba fondu"
"004";"000730";"D.II.1.";"";"003";"10000101";"99991231";"Zlepšený výsledek hospodaření"
"004";"000730";"D.II.2.";"";"004";"10000101";"99991231";"Nespotřebované dotace z rozpočtu Evropské unie"
"004";"000730";"D.II.3.";"";"005";"10000101";"99991231";"Nespotřebované dotace z mezinárodních smluv"
"004";"000730";"D.II.4.";"";"006";"10000101";"99991231";"Peněžní dary - účelové"
"004";"000730";"D.II.5.";"";"007";"10000101";"99991231";"Peněžní dary - neúčelové"
"004";"000730";"D.II.6.";"";"008";"10000101";"99991231";"Ostatní tvorba"
"004";"000730";"D.III.";"";"009";"10000101";"99991231";"Čerpání fondu"
"004";"000730";"D.III.1.";"";"010";"10000101";"99991231";"Úhrada zhoršeného výsledku hospodaření"
"004";"000730";"D.III.2.";"";"011";"10000101";"99991231";"Úhrada sankcí"
"004";"000730";"D.III.3.";"";"012";"10000101";"20151231";"Posílení investičního fondu se souhlasem zřizovatele"
"004";"000730";"D.III.3.";"";"012";"20160101";"99991231";"Posílení fondu investic se souhlasem zřizovatele"
"004";"000730";"D.III.4.";"";"013";"10000101";"99991231";"Časové překlenutí dočasného nesouladu mezi výnosy a náklady"
"004";"000730";"D.III.5.";"";"014";"10000101";"99991231";"Ostatní čerpání"
"004";"000730";"D.IV.";"";"015";"10000101";"99991231";"Konečný stav fondu"
"004";"000740";"E.I.";"";"001";"10000101";"20111231";"Počáteční stav fondu"
"004";"000740";"E.I.";"";"001";"20120101";"99991231";"Počáteční stav fondu k 1.1."
"004";"000740";"E.II.";"";"002";"20120101";"99991231";"Tvorba fondu"
"004";"000740";"E.II.";"";"002";"10000101";"20111231";"Tvorba fondu"
"004";"000740";"E.II.1.";"";"003";"20120101";"99991231";"Zlepšený hospodářský výsledek"
"004";"000740";"E.II.1.";"";"003";"10000101";"20111231";"Zlepšený hospodářský výsledek"
"004";"000740";"E.II.2.";"";"004";"20120101";"99991231";"Ve výši odpisů dlouhodobého nehmotného a hmotného majetku"
"004";"000740";"E.II.2.";"";"004";"10000101";"20111231";"Ve výši odpisů dlouhodobého nehmotného a hmotného majetku"
"004";"000740";"E.II.3.";"";"005";"10000101";"20111231";"Ve výši výnosů z prodeje dlouhodobého movitého nehmotného a hmotného majetku"
"004";"000740";"E.II.3.";"";"005";"20120101";"99991231";"Ve výši výnosů z prodeje dlouhodobého movitého nehmotného a hmotného majetku"
"004";"000740";"E.II.4.";"";"006";"10000101";"20111231";"Peněžní dary"
"004";"000740";"E.II.4.";"";"006";"20120101";"99991231";"Peněžní dary"
"004";"000740";"E.II.5.";"";"007";"20120101";"99991231";"Ve výši výnosů povolených veřejných sbírek určených na pořízení a technické zhodnocení nehmotného a hmotného dlouhodobého majetku"
"004";"000740";"E.II.5.";"";"007";"10000101";"20111231";"Ve výši výnosů povolených veřejných sbírek určených na pořízení a technické zhodnocení nehmotného a hmotného dlouhodobého majetku"
"004";"000740";"E.II.6.";"";"008";"10000101";"20111231";"Ve výši výnosů z prodeje nemovitého majetku, který příspěvková organizace nabyla ve prospěch státu darem nebo děděním"
"004";"000740";"E.II.6.";"";"008";"20120101";"99991231";"Ve výši výnosů z prodeje nemovitého majetku, který příspěvková organizace nabyla ve prospěch státu darem nebo děděním"
"004";"000740";"E.II.7.";"";"009";"10000101";"20111231";"Prostředky poskytnuté ze zahraničí určené účelově na pořízení a technické zhodnocení nehmotného a hmotného dlouhodobého majetku"
"004";"000740";"E.II.7.";"";"009";"20120101";"99991231";"Prostředky poskytnuté ze zahraničí určené účelově na pořízení a technické zhodnocení nehmotného a hmotného dlouhodobého majetku"
"004";"000740";"E.II.8.";"";"010";"20120101";"99991231";"Ostatní"
"004";"000740";"E.III.";"";"011";"20120101";"99991231";"Čerpání fondu"
"004";"000740";"E.III.";"";"010";"10000101";"20111231";"Čerpání fondu"
"004";"000740";"E.III.1.";"";"011";"10000101";"20111231";"Financování pořízení a technického zhodnocení hmotného a nehmotného dlouhodobého majetku"
"004";"000740";"E.III.1.";"";"012";"20120101";"99991231";"Financování pořízení a technického zhodnocení hmotného a nehmotného dlouhodobého majetku"
"004";"000740";"E.III.2.";"";"012";"10000101";"20111231";"Financování oprav a udržování hmotného a nehmotného dlouhodobého i krátkodobého majetku"
"004";"000740";"E.III.2.";"";"013";"20120101";"99991231";"Financování oprav a udržování hmotného a nehmotného dlouhodobého i krátkodobého majetku"
"004";"000740";"E.III.3.";"";"013";"10000101";"20111231";"Pořízení hmotného a nehmotného krátkodobého majetku"
"004";"000740";"E.III.3.";"";"014";"20120101";"99991231";"Pořízení hmotného a nehmotného krátkodobého majetku"
"004";"000740";"E.III.4.";"";"014";"10000101";"20111231";"Úhrada přijatých úvěrů"
"004";"000740";"E.III.4.";"";"015";"20120101";"99991231";"Úhrada přijatých úvěrů"
"004";"000740";"E.IV.";"";"015";"10000101";"20111231";"Konečný stav fondu"
"004";"000740";"E.IV.";"";"016";"20120101";"99991231";"Konečný stav fondu"
"004";"000750";"F.I.";"";"001";"10000101";"20111231";"Počáteční stav fondu"
"004";"000750";"F.I.";"";"001";"20120101";"99991231";"Počáteční stav fondu k 1. 1."
"004";"000750";"F.II.";"";"002";"10000101";"99991231";"Tvorba fondu"
"004";"000750";"F.II.1.";"";"003";"20160101";"99991231";"Peněžní prostředky ve výši odpisů hmotného a nehmotného dlouhodobého majetku prováděné podle zřizovatelem schváleného odpisového plánu"
"004";"000750";"F.II.1.";"";"003";"10000101";"20151231";"Ve výši odpisů dlouhodobého nehmotného a hmotného majetku"
"004";"000750";"F.II.2.";"";"004";"10000101";"20151231";"Investiční dotace z rozpočtu zřizovatele"
"004";"000750";"F.II.2.";"";"004";"20160101";"99991231";"Investiční příspěvek z rozpočtu zřizovatele"
"004";"000750";"F.II.3.";"";"005";"10000101";"20151231";"Investiční příspěvky ze státních fondů"
"004";"000750";"F.II.3.";"";"005";"20160101";"99991231";"Investiční dotace ze státních fondů a jiných veřejných rozpočtů"
"004";"000750";"F.II.4.";"";"006";"10000101";"20151231";"Ve výši výnosů z prodeje svěřeného dlouhodobého hmotného majetku"
"004";"000750";"F.II.4.";"";"006";"20160101";"99991231";"Ve výši příjmů z prodeje svěřeného dlouhodobého hmotného majetku"
"004";"000750";"F.II.5.";"";"007";"10000101";"20151231";"Dary a příspěvky od jiných subjektů"
"004";"000750";"F.II.5.";"";"007";"20160101";"99991231";"Peněžní dary a příspěvky od jiných subjektů"
"004";"000750";"F.II.6.";"";"008";"10000101";"20151231";"Ve výši výnosů z prodeje majetku ve vlastnictví příspěvkové organizace"
"004";"000750";"F.II.6.";"";"008";"20160101";"99991231";"Ve výši příjmů z prodeje majetku ve vlastnictví příspěvkové organizace"
"004";"000750";"F.II.7.";"";"009";"10000101";"99991231";"Převody z rezervního fondu"
"004";"000750";"F.III.";"";"010";"10000101";"99991231";"Čerpání fondu"
"004";"000750";"F.III.1.";"";"011";"20160101";"99991231";"Pořízení a technické zhodnocení hmotného a nehmotného dlouhodobého majetku, s výjimkou drobného hmotného a nehmotného dlouhodobého majetku"
"004";"000750";"F.III.1.";"";"011";"20120101";"20151231";"Financování investičních výdajů"
"004";"000750";"F.III.1.";"";"011";"10000101";"20111231";"Financování investičních potřeb"
"004";"000750";"F.III.2.";"";"012";"20120101";"99991231";"Úhrada investičních úvěrů nebo půjček"
"004";"000750";"F.III.3.";"";"013";"20120101";"99991231";"Odvod do rozpočtu zřizovatele"
"004";"000750";"F.III.4.";"";"014";"20120101";"20151231";"Posílení zdrojů určených k financování údržby a oprav majetku"
"004";"000750";"F.III.4.";"";"014";"20160101";"99991231";"Navýšení peněžních prostředků určených na financování údržby a oprav majetku, který příspěvková organizace používá pro svou činnost"
"004";"000750";"F.IV.";"";"012";"10000101";"20111231";"Konečný stav fondu"
"004";"000750";"F.IV.";"";"015";"20120101";"99991231";"Konečný stav fondu"
"004";"000760";"G.I.";"";"001";"20120101";"99991231";"Počáteční stav fondu k 1. 1."
"004";"000760";"G.I.";"";"001";"10000101";"20111231";"Počáteční stav fondu"
"004";"000760";"G.II.";"";"002";"20120101";"99991231";"Tvorba fondu"
"004";"000760";"G.II.";"";"002";"10000101";"20111231";"Tvorba fondu"
"004";"000760";"G.II.1.";"";"003";"20120101";"99991231";"Přebytky hospodaření z minulých let"
"004";"000760";"G.II.1.";"";"003";"10000101";"20111231";"Přebytky hospodaření z minulých let"
"004";"000760";"G.II.2.";"";"004";"20120101";"99991231";"Příjmy běžného roku, které nejsou určeny k využití v běžném roce"
"004";"000760";"G.II.2.";"";"004";"10000101";"20111231";"Příjmy běžného roku, které nejsou určeny k využití v běžném roce"
"004";"000760";"G.II.3.";"";"005";"20120101";"99991231";"Převody prostředků z rozpočtu během roku do účelových peněžních fondů"
"004";"000760";"G.II.3.";"";"005";"10000101";"20111231";"Převody prostředků z rozpočtu během roku do účelových peněžních fondů"
"004";"000760";"G.II.4.";"";"006";"20120101";"99991231";"Ostatní tvorba fondu"
"004";"000760";"G.III.";"";"007";"20120101";"99991231";"Čerpání fondu"
"004";"000760";"G.III.";"";"006";"10000101";"20111231";"Čerpání fondu"
"004";"000760";"G.IV.";"";"007";"10000101";"20111231";"Konečný stav fondu"
"004";"000760";"G.IV.";"";"008";"20120101";"99991231";"Konečný stav fondu"
"004";"000800";"G.";"";"001";"10000101";"99991231";"Stavby"
"004";"000800";"G.1.";"";"002";"10000101";"99991231";"Bytové domy a bytové jednotky"
"004";"000800";"G.2.";"";"003";"10000101";"99991231";"Budovy pro služby obyvatelstvu"
"004";"000800";"G.3.";"";"004";"10000101";"99991231";"Jiné nebytové domy a nebytové jednotky"
"004";"000800";"G.4.";"";"005";"10000101";"99991231";"Komunikace a veřejné osvětlení"
"004";"000800";"G.5.";"";"006";"10000101";"99991231";"Jiné inženýrské sítě"
"004";"000800";"G.6.";"";"007";"10000101";"99991231";"Ostatní stavby"
"004";"000900";"H.";"";"001";"10000101";"99991231";"Pozemky"
"004";"000900";"H.1.";"";"002";"10000101";"99991231";"Stavební pozemky"
"004";"000900";"H.2.";"";"003";"10000101";"99991231";"Lesní pozemky"
"004";"000900";"H.3.";"";"004";"10000101";"99991231";"Zahrady, pastviny, louky, rybníky"
"004";"000900";"H.4.";"";"005";"10000101";"99991231";"Zastavěná plocha"
"004";"000900";"H.5.";"";"006";"10000101";"99991231";"Ostatní pozemky"
"004";"001000";"D.1.";"";"001";"10000101";"20131231";"Informace o individuálním referenčním množství mléka"
"004";"001000";"D.1.";"";"001";"20140101";"99991231";"Počet jednotlivých věcí a souborů majetku nebo seznam tohoto majetku"
"004";"001000";"D.2.";"";"002";"10000101";"20131231";"Informace o individuální produkční kvótě"
"004";"001000";"D.2.";"";"002";"20140101";"99991231";"Celková výměra lesních pozemků s lesním porostem"
"004";"001000";"D.3.";"";"003";"10000101";"20131231";"Informace o individuálním limitu prémiových práv"
"004";"001000";"D.3.";"";"003";"20140101";"99991231";"Výše ocenění celkové výměry lesních pozemků s lesním porostem ve výši 57 Kč/m2"
"004";"001000";"D.4.";"";"004";"20140101";"99991231";"Výměra lesních pozemků s lesním porostem oceněných jiným způsobem"
"004";"001000";"D.4.";"";"004";"10000101";"20131231";"Informace o jiných obdobných kvótách a limitech"
"004";"001000";"D.5.";"";"005";"10000101";"20131231";"Počet jednotlivých věcí a souborů majetku nebo seznam tohoto majetku"
"004";"001000";"D.5.";"";"005";"20140101";"99991231";"Výše ocenění lesních pozemků s lesním porostem oceněných jiným způsobem"
"004";"001000";"D.6.";"";"006";"10000101";"20131231";"Celková výměra lesních pozemků s lesním porostem"
"004";"001000";"D.6.";"";"006";"20140101";"99991231";"Průměrná výše ocenění výměry lesních pozemků s lesním porostem oceněných jiným způsobem"
"004";"001000";"D.7.";"";"007";"20140101";"99991231";"Komentář k ocenění lesních pozemků jiným způsobem"
"004";"001000";"D.7.";"";"007";"10000101";"20131231";"Výše ocenění lesních porostů"
"004";"001000";"D.8.";"";"008";"10000101";"20131231";"Ocenění lesních porostů jiným způsobem"
"004";"001100";"H.I.";"";"001";"10000101";"20111231";"Počáteční stav a přírůstky"
"004";"001100";"H.I.";"";"001";"20120101";"20171231";"Počáteční zůstatek"
"004";"001100";"H.I.1.";"";"002";"10000101";"20111231";"Počáteční stav"
"004";"001100";"H.I.2.";"";"003";"10000101";"20111231";"Bezúplatné převody dlouhodobého majetku"
"004";"001100";"H.I.3.";"";"004";"10000101";"20111231";"Výsledek hospodaření (zisk)"
"004";"001100";"H.I.4.";"";"005";"10000101";"20111231";"Dary"
"004";"001100";"H.I.5.";"";"006";"10000101";"20111231";"Oceňovací rozdíly"
"004";"001100";"H.II.";"";"007";"10000101";"20111231";"Úbytky"
"004";"001100";"H.II.";"";"002";"20120101";"20171231";"Tvorba"
"004";"001100";"H.II.1.";"";"008";"10000101";"20111231";"Bezúplatné převody dlouhodobého majetku"
"004";"001100";"H.II.1.";"";"003";"20120101";"20171231";"Výsledek hospodaření (zisk) běžného účetního období"
"004";"001100";"H.II.2.";"";"009";"10000101";"20111231";"Výsledek hospodaření (ztráta)"
"004";"001100";"H.II.2.";"";"004";"20120101";"20141231";"Výsledek hospodaření (zisk) minulých období"
"004";"001100";"H.II.2.";"";"004";"20150101";"20171231";"Výsledek hospodaření (zisk) předcházejících účetních období"
"004";"001100";"H.II.3.";"";"005";"20120101";"20171231";"Bezúplatné převody dlouhodobého majetku od vybraných účetních jednotek"
"004";"001100";"H.II.3.";"";"010";"10000101";"20111231";"Převod peněžních prostředků do státního rozpočtu"
"004";"001100";"H.II.4.";"";"006";"20120101";"20171231";"Dary"
"004";"001100";"H.II.5.";"";"007";"20120101";"20171231";"Oceňovací rozdíly"
"004";"001100";"H.II.6.";"";"008";"20120101";"20171231";"Ostatní"
"004";"001100";"H.III.";"";"009";"20120101";"20171231";"Použití"
"004";"001100";"H.III.";"";"011";"10000101";"20111231";"Konečný zústatek"
"004";"001100";"H.III.1.";"";"010";"20120101";"20171231";"Výsledek hospodaření (ztráta) běžného účetního období"
"004";"001100";"H.III.2.";"";"011";"20150101";"20171231";"Výsledek hospodaření (ztráta) předcházejících účetních období"
"004";"001100";"H.III.2.";"";"011";"20120101";"20141231";"Výsledek hospodaření (ztráta) minulých období"
"004";"001100";"H.III.3.";"";"012";"20120101";"20171231";"Bezúplatné převody dlouhodobého majetku vybraným účetním jednotkám"
"004";"001100";"H.III.4.";"";"013";"20120101";"20171231";"Oceňovací rozdíly"
"004";"001100";"H.III.5.";"";"014";"20120101";"20171231";"Ostatní"
"004";"001100";"H.IV.";"";"015";"20120101";"20171231";"Konečný zůstatek"
"004";"001100";"H.V.";"";"016";"20120101";"20171231";"Další informace z výsledku hospodaření běžného účetního období"
"004";"001100";"H.V.1.";"";"017";"20120101";"20171231";"Převody do státního rozpočtu"
"004";"001100";"H.V.2.";"";"018";"20120101";"20171231";"Bezúplatné převody dlouhodobého majetku"
"004";"001200";"I.";"";"001";"20120101";"99991231";"Náklady z přecenění reálnou hodnotou"
"004";"001200";"I.1.";"";"002";"20120101";"99991231";"Náklady z přecenění reálnou hodnotou majetku určeného k prodeji podle § 64"
"004";"001200";"I.2.";"";"003";"20120101";"99991231";"Ostatní náklady z přecenění reálnou hodnotou"
"004";"001300";"J.";"";"001";"20120101";"99991231";"Výnosy z přecenění reálnou hodnotou"
"004";"001300";"J.1.";"";"002";"20120101";"99991231";"Výnosy z přecenění reálnou hodnotou majetku určeného k prodeji podle § 64"
"004";"001300";"J.2.";"";"003";"20120101";"99991231";"Ostatní výnosy z přecenění reálnou hodnotou"
"004";"001400";"K.";"";"001";"20120101";"20131231";"Ocenění dlouhodobého majetku určeného k prodeji"
"004";"001400";"K.1.";"";"001";"20140101";"99991231";"Doplňující informace k poskytnutým garancím jednorázovým"
"004";"001400";"K.1.";"";"002";"20120101";"20131231";"Ocenění dlouhodobého nehmotného majetku určeného k prodeji podle § 64"
"004";"001400";"K.2.";"";"003";"20120101";"20131231";"Ocenění dlouhodobého hmotného majetku určeného k prodeji podle § 64"
"004";"001500";"K.2.";"";"002";"20140101";"99991231";"Doplňující informace k poskytnutým garancím ostatním"
"004";"001700";"A.";"";"001";"20140101";"99991231";"PENĚŽNÍ TOKY Z PROVOZNÍ ČINNOSTI"
"004";"001700";"A.1.";"";"002";"20140101";"99991231";"PŘÍJMY CELKEM"
"004";"001700";"A.1.I.";"";"003";"20140101";"99991231";"Příjmy z daní"
"004";"001700";"A.1.II.";"";"004";"20140101";"99991231";"Příjmy ze sociálních příspěvků"
"004";"001700";"A.1.III.";"";"005";"20140101";"99991231";"Příjmy z transferů"
"004";"001700";"A.1.III.1.";"";"006";"20140101";"99991231";"Příjmy z transferů od zahraničních vlád - běžné"
"004";"001700";"A.1.III.2.";"";"007";"20140101";"99991231";"Příjmy z transferů od zahraničních vlád - kapitálové"
"004";"001700";"A.1.III.3.";"";"008";"20140101";"99991231";"Příjmy z transferů od mezinárodních organizací - běžné"
"004";"001700";"A.1.III.4.";"";"009";"20140101";"99991231";"Příjmy z transferů od mezinárodních organizací - kapitálové"
"004";"001700";"A.1.III.5.";"";"010";"20140101";"99991231";"Příjmy z transferů od institucí vládního sektoru - běžné"
"004";"001700";"A.1.III.6.";"";"011";"20140101";"99991231";"Příjmy z transferů od institucí vládního sektoru - kapitálové"
"004";"001700";"A.1.IV.";"";"012";"20140101";"99991231";"Jiné příjmy z provozní činnosti"
"004";"001700";"A.1.IV.1.";"";"013";"20140101";"99991231";"Úroky"
"004";"001700";"A.1.IV.10.";"";"022";"20140101";"99991231";"Dary - kapitálové"
"004";"001700";"A.1.IV.11.";"";"023";"20140101";"99991231";"Ostatní příjmy"
"004";"001700";"A.1.IV.2.";"";"014";"20140101";"99991231";"Podíly na zisku"
"004";"001700";"A.1.IV.3.";"";"015";"20140101";"99991231";"Nájemné"
"004";"001700";"A.1.IV.4.";"";"016";"20140101";"99991231";"Jiné příjmy z vlastnictví"
"004";"001700";"A.1.IV.5.";"";"017";"20140101";"99991231";"Uskutečněný prodej zboží a služeb na tržním principu"
"004";"001700";"A.1.IV.6.";"";"018";"20140101";"99991231";"Správní poplatky"
"004";"001700";"A.1.IV.7.";"";"019";"20140101";"99991231";"Jiné příjmy z prodeje zboží a služeb"
"004";"001700";"A.1.IV.8.";"";"020";"20140101";"99991231";"Pokuty, penále a propadnutí"
"004";"001700";"A.1.IV.9.";"";"021";"20140101";"99991231";"Dary - běžné"
"004";"001700";"A.2.";"";"024";"20140101";"99991231";"VÝDAJE CELKEM"
"004";"001700";"A.2.IX.";"";"034";"20140101";"99991231";"Výdaje na transfery"
"004";"001700";"A.2.IX.1.";"";"035";"20140101";"99991231";"Výdaje na transfery zahraničním vládám - běžné"
"004";"001700";"A.2.IX.2.";"";"036";"20140101";"99991231";"Výdaje na transfery zahraničním vládám - kapitálové"
"004";"001700";"A.2.IX.3.";"";"037";"20140101";"99991231";"Výdaje na transfery mezinárodním organizacím - běžné"
"004";"001700";"A.2.IX.4.";"";"038";"20140101";"99991231";"Výdaje na transfery mezinárodním organizacím - kapitálové"
"004";"001700";"A.2.IX.5.";"";"039";"20140101";"99991231";"Výdaje na transfery jednotkám vládního sektoru - běžné"
"004";"001700";"A.2.IX.6.";"";"040";"20140101";"99991231";"Výdaje na transfery jednotkám vládního sektoru - kapitálové"
"004";"001700";"A.2.V.";"";"025";"20140101";"99991231";"Výdaje na náhrady zaměstnancům"
"004";"001700";"A.2.V.1.";"";"026";"20140101";"99991231";"Mzdy a platy peněžní"
"004";"001700";"A.2.V.2.";"";"027";"20140101";"99991231";"Zboží a služby poskytované zaměstnancům"
"004";"001700";"A.2.V.3.";"";"028";"20140101";"99991231";"Sociální příspěvky"
"004";"001700";"A.2.VI.";"";"029";"20140101";"99991231";"Výdaje na nákupy zboží a služeb"
"004";"001700";"A.2.VII.";"";"030";"20140101";"99991231";"Výdaje na úroky"
"004";"001700";"A.2.VII.1.";"";"031";"20140101";"99991231";"Výdaje na úroky institucím vládního sektoru"
"004";"001700";"A.2.VII.2.";"";"032";"20140101";"99991231";"Ostatní výdaje na úroky"
"004";"001700";"A.2.VIII.";"";"033";"20140101";"99991231";"Výdaje na transfery podnikatelským subjektům jiné než investiční"
"004";"001700";"A.2.X.";"";"041";"20140101";"99991231";"Výdaje na sociální dávky"
"004";"001700";"A.2.X.1.";"";"042";"20140101";"99991231";"Dávky sociálního zabezpečení"
"004";"001700";"A.2.X.2.";"";"043";"20140101";"99991231";"Dávky sociální pomoci"
"004";"001700";"A.2.X.3.";"";"044";"20140101";"99991231";"Sociální dávky zaměstnavatelů"
"004";"001700";"A.2.XI.";"";"045";"20140101";"99991231";"Jiné výdaje z provozní činnosti"
"004";"001700";"A.2.XI.1.";"";"046";"20140101";"99991231";"Podíly na zisku"
"004";"001700";"A.2.XI.2.";"";"047";"20140101";"99991231";"Nájemné"
"004";"001700";"A.2.XI.3.";"";"048";"20140101";"99991231";"Ostatní výdaje - běžné"
"004";"001700";"A.2.XI.4.";"";"049";"20140101";"99991231";"Ostatní výdaje - kapitálové"
"004";"001700";"B.";"";"050";"20140101";"99991231";"PENĚŽNÍ TOKY Z INVESTIC DO NEFINANČNÍCH AKTIV"
"004";"001700";"B.1.";"";"051";"20140101";"99991231";"Nákupy dlouhodobého hmotného a nehmotného majetku"
"004";"001700";"B.1.I.";"";"052";"20140101";"99991231";"Kulturní předměty"
"004";"001700";"B.1.II.";"";"053";"20140101";"99991231";"Pozemky, ložiska nerostů a emisní povolenky"
"004";"001700";"B.1.III.";"";"054";"20140101";"99991231";"Ostatní nákupy dlouhodobého hmotného a nehmotného majetku"
"004";"001700";"B.2.";"";"055";"20140101";"99991231";"Prodeje dlouhodobého hmotného a nehmotného majetku"
"004";"001700";"B.2.I.";"";"056";"20140101";"99991231";"Kulturní předměty"
"004";"001700";"B.2.II.";"";"057";"20140101";"99991231";"Pozemky, ložiska nerostů a emisní povolenky"
"004";"001700";"B.2.III.";"";"058";"20140101";"99991231";"Ostatní prodeje dlouhodobého hmotného a nehmotného majetku"
"004";"001700";"C.";"";"059";"20140101";"99991231";"SALDO Z NEFINANČNÍCH PENEŽNÍCH TOKŮ"
"004";"001700";"D.";"";"060";"20140101";"99991231";"PENĚŽNÍ TOKY Z FINANCOVÁNÍ"
"004";"001700";"D.1.";"";"061";"20140101";"99991231";"Čistá změna finančních aktiv jiných než oběživo a depozita"
"004";"001700";"D.1.I.";"";"062";"20140101";"99991231";"Nákupy finančních aktiv jiných než oběživo a depozita (+)"
"004";"001700";"D.1.II.";"";"063";"20140101";"99991231";"Prodeje finančních aktiv jiných než oběživo a depozita (-)"
"004";"001700";"D.1.III.";"";"064";"20140101";"99991231";"Poskytnuté půjčky (+)"
"004";"001700";"D.1.IV.";"";"065";"20140101";"99991231";"Splátky poskytnutých půjček (-)"
"004";"001700";"D.2.";"";"066";"20140101";"99991231";"Čistá změna stavu přijatých půjček a vydaných dluhopisů"
"004";"001700";"D.2.I.";"";"067";"20140101";"99991231";"Přijaté půjčky (+)"
"004";"001700";"D.2.II.";"";"068";"20140101";"99991231";"Splátky přijatých půjček (-)"
"004";"001700";"D.2.III.";"";"069";"20140101";"99991231";"Vydané dluhopisy (+)"
"004";"001700";"D.2.IV.";"";"070";"20140101";"99991231";"Splátky vydaných dluhopisů (-)"
"004";"001700";"E.";"";"071";"20140101";"99991231";"Čistá změna oběživa a depozit (nárůst (+) / pokles (-))"
"004";"001800";"N.I.1.";"";"001";"20140101";"20171231";"Platy zaměstnanců v pracovním poměru"
"004";"001800";"N.I.10.";"";"010";"20140101";"20171231";"Odchodné"
"004";"001800";"N.I.11.";"";"011";"20140101";"20171231";"Náležitosti osob vykonávajících vojenská cvičení a další vojenskou službu"
"004";"001800";"N.I.12.";"";"012";"20140101";"20171231";"Ostatní platby za provedenou práci jinde nezařazené"
"004";"001800";"N.I.13.";"";"013";"20140101";"20171231";"Mzdové náhrady"
"004";"001800";"N.I.14.";"";"014";"20140101";"20171231";"Náhrady mezd v době nemoci"
"004";"001800";"N.I.15.";"";"015";"20140101";"20141231";"Náhrady a příspěvky související s výkonem ústavní funkce a funkce soudce"
"004";"001800";"N.I.16.";"";"016";"20140101";"20141231";"Náhrady zvýšených nákladů spojených s výkonem funkce v zahraničí"
"004";"001800";"N.I.2.";"";"002";"20140101";"20171231";"Platy zaměstnanců ozbrojených sborů a složek ve služebním poměru"
"004";"001800";"N.I.3.";"";"003";"20140101";"20171231";"Platy státních zaměstnanců ve správních úřadech (podle služebního zákona)"
"004";"001800";"N.I.4.";"";"004";"20140101";"20171231";"Platy zaměstnanců v pracovním poměru odvozených od platů ústavních činitelů"
"004";"001800";"N.I.5.";"";"005";"20140101";"20171231";"Ostatní platy ( hrazené refundace jiným organizacím)"
"004";"001800";"N.I.6.";"";"006";"20140101";"20171231";"Ostatní osobní výdaje"
"004";"001800";"N.I.7.";"";"007";"20140101";"20171231";"Platy představitelů státní moci a některých orgánů"
"004";"001800";"N.I.8.";"";"008";"20140101";"20171231";"Odstupné"
"004";"001800";"N.I.9.";"";"009";"20140101";"20171231";"Odbytné"
"004";"001800";"N.II.1.";"";"001";"20140101";"20141231";"Platy zaměstnanců v pracovním poměru"
"004";"001800";"N.II.10.";"";"010";"20140101";"20141231";"Náhrady mezd v době nemoci"
"004";"001800";"N.II.2.";"";"002";"20140101";"20141231";"Ostatní platy ( hrazené refundace jiným organizacím)"
"004";"001800";"N.II.3.";"";"003";"20140101";"20141231";"Ostatní osobní výdaje"
"004";"001800";"N.II.4.";"";"004";"20140101";"20141231";"Platy představitelů státní moci a některých orgánů"
"004";"001800";"N.II.5.";"";"005";"20140101";"20141231";"Odměny členů zastupitelstev obcí a krajů"
"004";"001800";"N.II.6.";"";"006";"20140101";"20141231";"Odstupné"
"004";"001800";"N.II.7.";"";"007";"20140101";"20141231";"Odchodné"
"004";"001800";"N.II.8.";"";"008";"20140101";"20141231";"Ostatní platby za provedenou práci jinde nezařazené"
"004";"001800";"N.II.9.";"";"009";"20140101";"20141231";"Mzdové náhrady"
"006";"000100";"A.";"-";"002";"10000101";"99991231";"Stálá aktiva"
"006";"000100";"A.I.";"-";"003";"10000101";"99991231";"Dlouhodobý nehmotný majetek"
"006";"000100";"A.I.1.";"012";"004";"10000101";"99991231";"Nehmotné výsledky výzkumu a vývoje"
"006";"000100";"A.I.2.";"013";"005";"10000101";"99991231";"Software"
"006";"000100";"A.I.3.";"014";"006";"10000101";"99991231";"Ocenitelná práva"
"006";"000100";"A.I.4.";"015";"007";"10000101";"99991231";"Povolenky na emise a preferenční limity"
"006";"000100";"A.I.5.";"018";"008";"10000101";"99991231";"Drobný dlouhodobý nehmotný majetek"
"006";"000100";"A.I.6.";"019";"009";"10000101";"99991231";"Ostatní dlouhodobý nehmotný majetek"
"006";"000100";"A.I.7.";"041";"010";"10000101";"99991231";"Nedokončený dlouhodobý nehmotný majetek"
"006";"000100";"A.I.8.";"044";"011";"10000101";"99991231";"Uspořádací účet technického zhodnocení dlouhodobého nehmotného majetku"
"006";"000100";"A.I.9.";"051";"012";"10000101";"99991231";"Poskytnuté zálohy na dlouhodobý nehmotný majetek"
"006";"000100";"A.II.";"-";"013";"10000101";"99991231";"Dlouhodobý hmotný majetek"
"006";"000100";"A.II.1.";"031";"014";"10000101";"99991231";"Pozemky"
"006";"000100";"A.II.10.";"052";"023";"10000101";"99991231";"Poskytnuté zálohy na dlouhodobý hmotný majetek"
"006";"000100";"A.II.2.";"032";"015";"10000101";"99991231";"Kulturní předměty"
"006";"000100";"A.II.3.";"021";"016";"10000101";"99991231";"Stavby"
"006";"000100";"A.II.4.";"022";"017";"10000101";"99991231";"Samostatné movité věci a soubory movitých věcí"
"006";"000100";"A.II.5.";"025";"018";"10000101";"99991231";"Pěstitelské celky trvalých porostů"
"006";"000100";"A.II.6.";"028";"019";"10000101";"99991231";"Drobný dlouhodobý hmotný majetek"
"006";"000100";"A.II.7.";"029";"020";"10000101";"99991231";"Ostatní dlouhodobý hmotný majetek"
"006";"000100";"A.II.8.";"042";"021";"10000101";"99991231";"Nedokončený dlouhodobý hmotný majetek"
"006";"000100";"A.II.9.";"045";"022";"10000101";"99991231";"Uspořádací účet technického zhodnocení dlouhodobého hmotného majetku"
"006";"000100";"A.III.";"-";"024";"10000101";"99991231";"Dlouhodobý finanční majetek"
"006";"000100";"A.III.1.";"061";"025";"10000101";"99991231";"Majetkové účasti v osobách s rozhodujícím vlivem"
"006";"000100";"A.III.2.";"062";"026";"10000101";"99991231";"Majetkové účasti v osobách s podstatným vlivem"
"006";"000100";"A.III.3.";"063";"027";"10000101";"99991231";"Dluhové cenné papíry držené do splatnosti"
"006";"000100";"A.III.4.";"066";"028";"10000101";"99991231";"Půjčky osobám ve skupině"
"006";"000100";"A.III.5.";"067";"029";"10000101";"99991231";"Jiné dlouhodobé půjčky"
"006";"000100";"A.III.6.";"068";"030";"10000101";"99991231";"Termínované vklady dlouhodobé"
"006";"000100";"A.III.7.";"069";"031";"10000101";"99991231";"Ostatní dlouhodobý finanční majetek"
"006";"000100";"A.III.8.";"043";"032";"10000101";"99991231";"Pořizovaný dlouhodobý finanční majetek"
"006";"000100";"A.III.9.";"053";"033";"10000101";"99991231";"Poskytnuté zálohy na dlouhodobý finanční majetek"
"006";"000100";"A.IV.";"-";"034";"10000101";"99991231";"Dlouhodobé pohledávky"
"006";"000100";"A.IV.1.";"462";"035";"10000101";"99991231";"Poskytnuté návratné finanční výpomoci dlouhodobé"
"006";"000100";"A.IV.2.";"464";"036";"10000101";"99991231";"Dlouhodobé pohledávky z postoupených úvěrů"
"006";"000100";"A.IV.3.";"465";"037";"10000101";"99991231";"Dlouhodobé poskytnuté zálohy"
"006";"000100";"A.IV.4.";"466";"038";"10000101";"99991231";"Dlouhodobé pohledávky z ručení"
"006";"000100";"A.IV.5.";"468";"039";"10000101";"99991231";"Dlouhodobé pohledávky z nástrojů spolufinancovaných ze zahraničí"
"006";"000100";"A.IV.6.";"469";"040";"10000101";"99991231";"Ostatní dlouhodobé pohledávky"
"006";"000100";"AKTIVA";"-";"001";"10000101";"99991231";"Aktiva celkem"
"006";"000100";"B.";"-";"041";"10000101";"99991231";"Oběžná aktiva"
"006";"000100";"B.I.";"-";"042";"10000101";"99991231";"Zásoby"
"006";"000100";"B.I.1.";"111";"043";"10000101";"99991231";"Pořízení materiálu"
"006";"000100";"B.I.10.";"139";"052";"10000101";"99991231";"Ostatní zásoby"
"006";"000100";"B.I.2.";"112";"044";"10000101";"99991231";"Materiál na skladě"
"006";"000100";"B.I.3.";"119";"045";"10000101";"99991231";"Materiál na cestě"
"006";"000100";"B.I.4.";"121";"046";"10000101";"99991231";"Nedokončená výroba"
"006";"000100";"B.I.5.";"122";"047";"10000101";"99991231";"Polotovary vlastní výroby"
"006";"000100";"B.I.6.";"123";"048";"10000101";"99991231";"Výrobky"
"006";"000100";"B.I.7.";"131";"049";"10000101";"99991231";"Pořízení zboží"
"006";"000100";"B.I.8.";"132";"050";"10000101";"99991231";"Zboží na skladě"
"006";"000100";"B.I.9.";"138";"051";"10000101";"99991231";"Zboží na cestě"
"006";"000100";"B.II.";"-";"053";"10000101";"99991231";"Krátkodobé pohledávky"
"006";"000100";"B.II.1.";"311";"054";"10000101";"99991231";"Odběratelé"
"006";"000100";"B.II.10.";"335";"063";"10000101";"99991231";"Pohledávky za zaměstnanci"
"006";"000100";"B.II.11.";"336";"064";"10000101";"99991231";"Zúčtování s institucemi sociálního zabezpečení a zdravotního pojištění"
"006";"000100";"B.II.12.";"341";"065";"10000101";"99991231";"Daň z příjmů"
"006";"000100";"B.II.13.";"342";"066";"10000101";"99991231";"Jiné přímé daně"
"006";"000100";"B.II.14.";"343";"067";"10000101";"99991231";"Daň z přidané hodnoty"
"006";"000100";"B.II.15.";"345";"068";"10000101";"99991231";"Jiné daně a poplatky"
"006";"000100";"B.II.16.";"346";"069";"10000101";"99991231";"Pohledávky za státním rozpočtem"
"006";"000100";"B.II.17.";"348";"070";"10000101";"99991231";"Pohledávky za rozpočtem územních samosprávných celků"
"006";"000100";"B.II.18.";"351";"071";"10000101";"99991231";"Pohledávky za účastníky sdružení"
"006";"000100";"B.II.19.";"361";"072";"10000101";"99991231";"Krátkodobé pohledávky z ručení"
"006";"000100";"B.II.2.";"312";"055";"10000101";"99991231";"Směnky k inkasu"
"006";"000100";"B.II.20.";"363";"073";"10000101";"99991231";"Pevné termínové operace a opce"
"006";"000100";"B.II.21.";"365";"074";"10000101";"99991231";"Pohledávky z finančního zajištění"
"006";"000100";"B.II.22.";"367";"075";"10000101";"99991231";"Pohledávky z vydaných dluhopisů"
"006";"000100";"B.II.23.";"371";"076";"10000101";"99991231";"Krátkodobé pohledávky z nástrojů spolufinancovaných ze zahraničí"
"006";"000100";"B.II.24.";"373";"077";"10000101";"99991231";"Poskytnuté zálohy na dotace"
"006";"000100";"B.II.25.";"381";"078";"10000101";"99991231";"Náklady příštích období"
"006";"000100";"B.II.26.";"385";"079";"10000101";"99991231";"Příjmy příštích období"
"006";"000100";"B.II.27.";"388";"080";"10000101";"99991231";"Dohadné účty aktivní"
"006";"000100";"B.II.28.";"377";"081";"10000101";"99991231";"Ostatní krátkodobé pohledávky"
"006";"000100";"B.II.3.";"313";"056";"10000101";"99991231";"Pohledávky za eskontované cenné papíry"
"006";"000100";"B.II.4.";"314";"057";"10000101";"99991231";"Krátkodobé poskytnuté zálohy"
"006";"000100";"B.II.5.";"315";"058";"10000101";"99991231";"Pohledávky z hlavní činnosti"
"006";"000100";"B.II.6.";"316";"059";"10000101";"99991231";"Poskytnuté návratné finanční výpomoci krátkodobé"
"006";"000100";"B.II.7.";"317";"060";"10000101";"99991231";"Krátkodobé pohledávky z postoupených úvěrů"
"006";"000100";"B.II.8.";"318";"061";"10000101";"99991231";"Pohledávky z výběru daní"
"006";"000100";"B.II.9.";"319";"062";"10000101";"99991231";"Pohledávky ze sdílených daní"
"006";"000100";"B.III.";"-";"082";"10000101";"99991231";"Příjmové účty rozpočtového hospodaření"
"006";"000100";"B.III.1.";"222";"083";"10000101";"99991231";"Příjmový účet organizačních složek státu"
"006";"000100";"B.IV.";"-";"084";"10000101";"99991231";"Krátkodobý finanční majetek"
"006";"000100";"B.IV.1.";"251";"085";"10000101";"99991231";"Majetkové cenné papíry k obchodování"
"006";"000100";"B.IV.10.";"243";"094";"10000101";"99991231";"Běžný účet FKSP"
"006";"000100";"B.IV.11.";"231";"095";"10000101";"99991231";"Základní běžný účet územních samosprávných celků"
"006";"000100";"B.IV.12.";"236";"096";"10000101";"99991231";"Běžné účty fondů územních samosprávných celků"
"006";"000100";"B.IV.13.";"224";"097";"10000101";"99991231";"Běžné účty státních fondů"
"006";"000100";"B.IV.14.";"225";"098";"10000101";"99991231";"Běžné účty fondů organizačních složek státu"
"006";"000100";"B.IV.15.";"263";"099";"10000101";"99991231";"Ceniny"
"006";"000100";"B.IV.16.";"262";"100";"10000101";"99991231";"Peníze na cestě"
"006";"000100";"B.IV.17.";"261";"101";"10000101";"99991231";"Pokladna"
"006";"000100";"B.IV.2.";"253";"086";"10000101";"99991231";"Dluhové cenné papíry k obchodování"
"006";"000100";"B.IV.3.";"256";"087";"10000101";"99991231";"Jiné cenné papíry"
"006";"000100";"B.IV.4.";"244";"088";"10000101";"99991231";"Termínované vklady krátkodobé"
"006";"000100";"B.IV.5.";"245";"089";"10000101";"99991231";"Jiné běžné účty"
"006";"000100";"B.IV.6.";"247";"090";"10000101";"99991231";"Účty spravovaných prostředků"
"006";"000100";"B.IV.7.";"248";"091";"10000101";"99991231";"Souhrnné účty"
"006";"000100";"B.IV.8.";"249";"092";"10000101";"99991231";"Účty pro sdílení daní a pro dělenou správu"
"006";"000100";"B.IV.9.";"241";"093";"10000101";"99991231";"Běžný účet"
"006";"000100";"C.";"-";"103";"10000101";"99991231";"Vlastní kapitál"
"006";"000100";"C.I.";"-";"104";"10000101";"99991231";"Jmění účetní jednotky a upravující položky"
"006";"000100";"C.I.1.";"401";"105";"10000101";"99991231";"Jmění účetní jednotky"
"006";"000100";"C.I.2.";"402";"106";"10000101";"99991231";"Fond privatizace"
"006";"000100";"C.I.3.";"403";"107";"10000101";"99991231";"Dotace na pořízení dlouhodobého majetku"
"006";"000100";"C.I.4.";"404";"108";"10000101";"99991231";"Agregované příjmy a výdaje minulých let"
"006";"000100";"C.I.5.";"405";"109";"10000101";"99991231";"Kurzové rozdíly"
"006";"000100";"C.I.6.";"406";"110";"10000101";"99991231";"Oceňovací rozdíly při změně metody"
"006";"000100";"C.I.7.";"407";"111";"10000101";"99991231";"Jiné oceňovací rozdíly"
"006";"000100";"C.I.8.";"408";"112";"10000101";"99991231";"Opravy významných minulých období"
"006";"000100";"C.II.";"-";"113";"10000101";"99991231";"Fondy účetní jednotky"
"006";"000100";"C.II.1.";"411";"114";"10000101";"99991231";"Fond odměn"
"006";"000100";"C.II.2.";"412";"115";"10000101";"99991231";"Fond kulturních a sociálních potřeb"
"006";"000100";"C.II.3.";"413";"116";"10000101";"99991231";"Rezervní fond tvořený ze zlepšeného výsledku hospodaření"
"006";"000100";"C.II.4.";"414";"117";"10000101";"99991231";"Rezervní fond z ostatních titulů"
"006";"000100";"C.II.5.";"416";"118";"10000101";"99991231";"Fond reprodukce majetku"
"006";"000100";"C.II.6.";"419";"119";"10000101";"99991231";"Ostatní fondy"
"006";"000100";"C.III.";"-";"120";"10000101";"99991231";"Výsledek hospodaření"
"006";"000100";"C.III.1.";"493";"121";"10000101";"99991231";"Výsledek hospodaření běžného účetního období"
"006";"000100";"C.III.2.";"431";"122";"10000101";"99991231";"Výsledek hospodaření ve schvalovacím řízení"
"006";"000100";"C.III.3.";"432";"123";"10000101";"99991231";"Nerozdělený zisk, neuhrazená ztráta minulých let"
"006";"000100";"D.";"-";"124";"10000101";"99991231";"Cizí zdroje"
"006";"000100";"D.I.";"-";"125";"10000101";"99991231";"Výdajové účty rozpočtového hospodaření"
"006";"000100";"D.I.1.";"223";"126";"10000101";"99991231";"Výdajový účet organizačních složek státu"
"006";"000100";"D.II.";"-";"127";"10000101";"99991231";"Rezervy"
"006";"000100";"D.II.1.";"441";"128";"10000101";"99991231";"Rezervy"
"006";"000100";"D.III.";"-";"129";"10000101";"99991231";"Dlouhodobé závazky"
"006";"000100";"D.III.1.";"451";"130";"10000101";"99991231";"Dlouhodobé úvěry"
"006";"000100";"D.III.2.";"452";"131";"10000101";"99991231";"Přijaté návratné finanční výpomoci dlouhodobé"
"006";"000100";"D.III.3.";"453";"132";"10000101";"99991231";"Vydané dluhopisy"
"006";"000100";"D.III.4.";"454";"133";"10000101";"99991231";"Závazky z pronájmu"
"006";"000100";"D.III.5.";"455";"134";"10000101";"99991231";"Dlouhodobé přijaté zálohy"
"006";"000100";"D.III.6.";"456";"135";"10000101";"99991231";"Dlouhodobé závazky z ručení"
"006";"000100";"D.III.7.";"457";"136";"10000101";"99991231";"Dlouhodobé směnky k úhradě"
"006";"000100";"D.III.8.";"458";"137";"10000101";"99991231";"Dlouhodobé závazky z nástrojů spolufinancovaných ze zahraničí"
"006";"000100";"D.III.9.";"459";"138";"10000101";"99991231";"Ostatní dlouhodobé závazky"
"006";"000100";"D.IV.";"-";"139";"10000101";"99991231";"Krátkodobé závazky"
"006";"000100";"D.IV.1.";"281";"140";"10000101";"99991231";"Krátkodobé úvěry"
"006";"000100";"D.IV.10.";"326";"149";"10000101";"99991231";"Přijaté návratné finanční výpomoci krátkodobé"
"006";"000100";"D.IV.11.";"327";"150";"10000101";"99991231";"Přijaté zálohy daní"
"006";"000100";"D.IV.12.";"328";"151";"10000101";"99991231";"Závazky z výběru daní"
"006";"000100";"D.IV.13.";"329";"152";"10000101";"99991231";"Závazky ze sdílených daní"
"006";"000100";"D.IV.14.";"331";"153";"10000101";"99991231";"Zaměstnanci"
"006";"000100";"D.IV.15.";"333";"154";"10000101";"99991231";"Jiné závazky vůči zaměstnancům"
"006";"000100";"D.IV.16.";"336";"155";"10000101";"99991231";"Zúčtování s institucemi SZ a ZP"
"006";"000100";"D.IV.17.";"341";"156";"10000101";"99991231";"Daň z příjmů"
"006";"000100";"D.IV.18.";"342";"157";"10000101";"99991231";"Jiné přímé daně"
"006";"000100";"D.IV.19.";"343";"158";"10000101";"99991231";"Daň z přidané hodnoty"
"006";"000100";"D.IV.2.";"282";"141";"10000101";"99991231";"Eskontované krátkodobé dluhopisy (směnky)"
"006";"000100";"D.IV.20.";"345";"159";"10000101";"99991231";"Jiné daně a poplatky"
"006";"000100";"D.IV.21.";"347";"160";"10000101";"99991231";"Závazky ke státnímu rozpočtu"
"006";"000100";"D.IV.22.";"349";"161";"10000101";"99991231";"Závazky k rozpočtům územních samosprávných celků"
"006";"000100";"D.IV.23.";"352";"162";"10000101";"99991231";"Závazky k účastníkům sdružení"
"006";"000100";"D.IV.24.";"362";"163";"10000101";"99991231";"Krátkodobé závazky z ručení"
"006";"000100";"D.IV.25.";"363";"164";"10000101";"99991231";"Pevné termínové operace a opce"
"006";"000100";"D.IV.26.";"364";"165";"10000101";"99991231";"Závazky z neukončených finančních operací"
"006";"000100";"D.IV.27.";"366";"166";"10000101";"99991231";"Závazky z finančního zajištění"
"006";"000100";"D.IV.28.";"368";"167";"10000101";"99991231";"Závazky z upsaných nesplacených cenných papírů a podílů"
"006";"000100";"D.IV.29.";"372";"168";"10000101";"99991231";"Krátkodobé závazky z nástrojů spolufinancovaných ze zahraničí"
"006";"000100";"D.IV.3.";"283";"142";"10000101";"99991231";"Vydané krátkodobé dluhopisy"
"006";"000100";"D.IV.30.";"374";"169";"10000101";"99991231";"Přijaté zálohy na dotace"
"006";"000100";"D.IV.31.";"383";"170";"10000101";"99991231";"Výdaje příštích období"
"006";"000100";"D.IV.32.";"384";"171";"10000101";"99991231";"Výnosy příštích období"
"006";"000100";"D.IV.33.";"389";"172";"10000101";"99991231";"Dohadné účty pasivní"
"006";"000100";"D.IV.34.";"378";"173";"10000101";"99991231";"Ostatní krátkodobé závazky"
"006";"000100";"D.IV.4.";"289";"143";"10000101";"99991231";"Jiné krátkodobé půjčky"
"006";"000100";"D.IV.5.";"321";"144";"10000101";"99991231";"Dodavatelé"
"006";"000100";"D.IV.6.";"322";"145";"10000101";"99991231";"Směnky k úhradě"
"006";"000100";"D.IV.7.";"323";"146";"10000101";"99991231";"Závazky z dávek sociálního zabezpečení"
"006";"000100";"D.IV.8.";"324";"147";"10000101";"99991231";"Krátkodobé přijaté zálohy"
"006";"000100";"D.IV.9.";"325";"148";"10000101";"99991231";"Závazky z dělené správy a kaucí"
"006";"000100";"PASIVA";"-";"102";"10000101";"99991231";"Pasiva celkem"
"007";"000100";"A.";"";"001";"20170101";"99991231";"PENĚŽNÍ TOKY Z PROVOZNÍ ČINNOSTI"
"007";"000100";"A.1.";"";"002";"20170101";"99991231";"Příjmy z provozní činnosti"
"007";"000100";"A.1.I.";"";"003";"20170101";"99991231";"Příjmy z daní"
"007";"000100";"A.1.II.";"";"004";"20170101";"99991231";"Příjmy z příspěvků na sociální a zdravotní pojištění"
"007";"000100";"A.1.III.";"";"005";"20170101";"99991231";"Příjmy z transferů od zahraničních vlád, mezinárodních organizací a vládních institucí"
"007";"000100";"A.1.III.1.";"";"006";"20170101";"99991231";"Transfery od zahraničních vlád - běžné"
"007";"000100";"A.1.III.10.";"";"015";"20170101";"99991231";"Transfery od zdravotních pojišťoven - kapitálové"
"007";"000100";"A.1.III.2.";"";"007";"20170101";"99991231";"Transfery od zahraničních vlád - kapitálové"
"007";"000100";"A.1.III.3.";"";"008";"20170101";"99991231";"Transfery od mezinárodních organizací - běžné"
"007";"000100";"A.1.III.4.";"";"009";"20170101";"99991231";"Transfery od mezinárodních organizací - kapitálové"
"007";"000100";"A.1.III.5.";"";"010";"20170101";"99991231";"Transfery od ústředních vládních institucí - běžné"
"007";"000100";"A.1.III.6.";"";"011";"20170101";"99991231";"Transfery od ústředních vládních institucí - kapitálové"
"007";"000100";"A.1.III.7.";"";"012";"20170101";"99991231";"Transfery od místních vládních institucí - běžné"
"007";"000100";"A.1.III.8.";"";"013";"20170101";"99991231";"Transfery od místních vládních institucí - kapitálové"
"007";"000100";"A.1.III.9.";"";"014";"20170101";"99991231";"Transfery od zdravotních pojišťoven - běžné"
"007";"000100";"A.1.IV.";"";"016";"20170101";"99991231";"Příjmy z úroků"
"007";"000100";"A.1.IV.1.";"";"017";"20170101";"99991231";"Úroky od ústředních vládních institucí"
"007";"000100";"A.1.IV.2.";"";"018";"20170101";"99991231";"Úroky od vládních institucí jiných než ústředních"
"007";"000100";"A.1.IV.3.";"";"019";"20170101";"99991231";"Úroky od jiných než vládních institucí"
"007";"000100";"A.1.V.";"";"020";"20170101";"99991231";"Příjmy z neživotního pojištění a standardizovaných záručních programů"
"007";"000100";"A.1.V.1.";"";"021";"20170101";"99991231";"Pojistné z neživotního pojištění"
"007";"000100";"A.1.V.2.";"";"022";"20170101";"99991231";"Poplatky ze standardizovaných záručních programů"
"007";"000100";"A.1.V.3.";"";"023";"20170101";"99991231";"Plnění z neživotního pojištění"
"007";"000100";"A.1.VI.";"";"024";"20170101";"99991231";"Jiné příjmy z provozní činnosti"
"007";"000100";"A.1.VI.1.";"";"025";"20170101";"99991231";"Dividendy"
"007";"000100";"A.1.VI.2.";"";"026";"20170101";"99991231";"Nájemné z nevyráběných aktiv"
"007";"000100";"A.1.VI.3.";"";"027";"20170101";"99991231";"Příjmy z prodeje zboží a služeb na tržním principu"
"007";"000100";"A.1.VI.4.";"";"028";"20170101";"99991231";"Správní poplatky"
"007";"000100";"A.1.VI.5.";"";"029";"20170101";"99991231";"Příjmy z prodeje zboží a služeb na netržním principu"
"007";"000100";"A.1.VI.6.";"";"030";"20170101";"99991231";"Pokuty a penále"
"007";"000100";"A.1.VI.7.";"";"031";"20170101";"99991231";"Transfery jinde nezařazené - běžné"
"007";"000100";"A.1.VI.8.";"";"032";"20170101";"99991231";"Transfery jinde nezařazené - kapitálové"
"007";"000100";"A.1.VI.9.";"";"033";"20170101";"99991231";"Ostatní příjmy"
"007";"000100";"A.2.";"";"034";"20170101";"99991231";"Výdaje na provozní činnost"
"007";"000100";"A.2.IX.";"";"040";"20170101";"99991231";"Výdaje na úroky"
"007";"000100";"A.2.IX.1.";"";"041";"20170101";"99991231";"Úroky ústředním vládním institucím"
"007";"000100";"A.2.IX.2.";"";"042";"20170101";"99991231";"Úroky vládním institucím jiným než ústředním"
"007";"000100";"A.2.IX.3.";"";"043";"20170101";"99991231";"Úroky jiným než vládním institucím"
"007";"000100";"A.2.VII.";"";"035";"20170101";"99991231";"Výdaje na náhrady zaměstnancům"
"007";"000100";"A.2.VII.1.";"";"036";"20170101";"99991231";"Mzdy a platy peněžní"
"007";"000100";"A.2.VII.2.";"";"037";"20170101";"99991231";"Zboží a služby poskytované zaměstnancům"
"007";"000100";"A.2.VII.3.";"";"038";"20170101";"99991231";"Příspěvky zaměstnavatelů na sociální a zdravotní pojištění"
"007";"000100";"A.2.VIII.";"";"039";"20170101";"99991231";"Výdaje na nákupy zboží a služeb"
"007";"000100";"A.2.X.";"";"044";"20170101";"99991231";"Výdaje na transfery podnikatelským osobám jiné než investiční"
"007";"000100";"A.2.X.1.";"";"045";"20170101";"99991231";"Transfery veřejným společnostem jiné než investiční"
"007";"000100";"A.2.X.2.";"";"046";"20170101";"99991231";"Transfery soukromým podnikatelským osobám jiné než investiční"
"007";"000100";"A.2.XI.";"";"047";"20170101";"99991231";"Výdaje na transfery zahraničním vládám, mezinárodním organizacím a vládním institucím"
"007";"000100";"A.2.XI.1.";"";"048";"20170101";"99991231";"Transfery zahraničním vládám - běžné"
"007";"000100";"A.2.XI.2.";"";"049";"20170101";"99991231";"Transfery zahraničním vládám - kapitálové"
"007";"000100";"A.2.XI.3.";"";"050";"20170101";"99991231";"Transfery mezinárodním organizacím - běžné"
"007";"000100";"A.2.XI.4.";"";"051";"20170101";"99991231";"Transfery mezinárodním organizacím - kapitálové"
"007";"000100";"A.2.XI.5.";"";"052";"20170101";"99991231";"Transfery ústředním vládním institucím - běžné"
"007";"000100";"A.2.XI.6.";"";"053";"20170101";"99991231";"Transfery ústředním vládním institucím - kapitálové"
"007";"000100";"A.2.XI.7.";"";"054";"20170101";"99991231";"Transfery vládním institucím jiným než ústředním - běžné"
"007";"000100";"A.2.XI.8.";"";"055";"20170101";"99991231";"Transfery vládním institucím jiným než ústředním - kapitálové"
"007";"000100";"A.2.XII.";"";"056";"20170101";"99991231";"Výdaje na sociální dávky"
"007";"000100";"A.2.XII.1.";"";"057";"20170101";"99991231";"Dávky sociálního zabezpečení"
"007";"000100";"A.2.XII.2.";"";"058";"20170101";"99991231";"Dávky sociální pomoci"
"007";"000100";"A.2.XII.3.";"";"059";"20170101";"99991231";"Sociální dávky zaměstnavatelů"
"007";"000100";"A.2.XIII.";"";"060";"20170101";"99991231";"Výdaje na neživotní pojištění a standardizované záruční programy"
"007";"000100";"A.2.XIII.1.";"";"061";"20170101";"99991231";"Pojistné na neživotní pojištění"
"007";"000100";"A.2.XIII.2.";"";"062";"20170101";"99991231";"Poplatky na standardizované záruční programy"
"007";"000100";"A.2.XIII.3.";"";"063";"20170101";"99991231";"Plnění z neživotního pojištění a standardizovaných záručních programů"
"007";"000100";"A.2.XIV.";"";"064";"20170101";"99991231";"Jiné výdaje na provozní činnost"
"007";"000100";"A.2.XIV.1.";"";"065";"20170101";"99991231";"Dividendy"
"007";"000100";"A.2.XIV.2.";"";"066";"20170101";"99991231";"Nájemné z nevyráběných aktiv"
"007";"000100";"A.2.XIV.3.";"";"067";"20170101";"99991231";"Transfery jinde nezařazené - běžné"
"007";"000100";"A.2.XIV.4.";"";"068";"20170101";"99991231";"Transfery jinde nezařazené - kapitálové"
"007";"000100";"A.2.XIV.5.";"";"069";"20170101";"99991231";"Ostatní výdaje"
"007";"000100";"A.I.";"-";"002";"10000101";"99991231";"Náklady z činnosti"
"007";"000100";"A.I.1.";"501";"003";"10000101";"99991231";"Spotřeba materiálu"
"007";"000100";"A.I.10.";"523";"012";"10000101";"99991231";"Náklady z dávek sociálního zabezpečení"
"007";"000100";"A.I.11.";"524";"013";"10000101";"99991231";"Zákonné sociální pojištění"
"007";"000100";"A.I.12.";"525";"014";"10000101";"99991231";"Jiné sociální pojištění"
"007";"000100";"A.I.13.";"527";"015";"10000101";"99991231";"Zákonné sociální náklady"
"007";"000100";"A.I.14.";"528";"016";"10000101";"99991231";"Jiné sociální náklady"
"007";"000100";"A.I.15.";"531";"017";"10000101";"99991231";"Daň silniční"
"007";"000100";"A.I.16.";"532";"018";"10000101";"99991231";"Daň z nemovitostí"
"007";"000100";"A.I.17.";"538";"019";"10000101";"99991231";"Jiné daně a poplatky"
"007";"000100";"A.I.18.";"539";"020";"10000101";"99991231";"Vratky daní z nadměrných odpočtů"
"007";"000100";"A.I.19.";"541";"021";"10000101";"99991231";"Smluvní pokuty a úroky z prodlení"
"007";"000100";"A.I.2.";"502";"004";"10000101";"99991231";"Spotřeba energie"
"007";"000100";"A.I.20.";"542";"022";"10000101";"99991231";"Jiné pokuty a penále"
"007";"000100";"A.I.21.";"543";"023";"10000101";"99991231";"Dary"
"007";"000100";"A.I.22.";"544";"024";"10000101";"99991231";"Prodaný materiál"
"007";"000100";"A.I.23.";"547";"025";"10000101";"99991231";"Manka a škody"
"007";"000100";"A.I.24.";"548";"026";"10000101";"99991231";"Tvorba fondů"
"007";"000100";"A.I.25.";"551";"027";"10000101";"99991231";"Odpisy dlouhodobého majetku"
"007";"000100";"A.I.26.";"552";"028";"10000101";"99991231";"Zůstatková cena prodaného dlouhodobého nehmotného majetku"
"007";"000100";"A.I.27.";"553";"029";"10000101";"99991231";"Zůstatková cena prodaného dlouhodobého hmotného majetku"
"007";"000100";"A.I.28.";"554";"030";"10000101";"99991231";"Prodané pozemky"
"007";"000100";"A.I.29.";"555";"031";"10000101";"99991231";"Tvorba a zúčtování rezerv"
"007";"000100";"A.I.3.";"503";"005";"10000101";"99991231";"Spotřeba jiných neskladovatelných dodávek"
"007";"000100";"A.I.30.";"556";"032";"10000101";"99991231";"Tvorba a zúčtování opravných položek"
"007";"000100";"A.I.31.";"557";"033";"10000101";"99991231";"Náklady z odepsaných pohledávek"
"007";"000100";"A.I.32.";"549";"034";"10000101";"99991231";"Ostaní náklady z činnosti"
"007";"000100";"A.I.4.";"504";"006";"10000101";"99991231";"Prodané zboží"
"007";"000100";"A.I.5.";"511";"007";"10000101";"99991231";"Opravy a udržování"
"007";"000100";"A.I.6.";"512";"008";"10000101";"99991231";"Cestovné"
"007";"000100";"A.I.7.";"513";"009";"10000101";"99991231";"Náklady na reprezentaci"
"007";"000100";"A.I.8.";"518";"010";"10000101";"99991231";"Ostatní služby"
"007";"000100";"A.I.9.";"521";"011";"10000101";"99991231";"Mzdové náklady"
"007";"000100";"A.II.";"-";"035";"10000101";"99991231";"Finanční náklady"
"007";"000100";"A.II.1.";"561";"036";"10000101";"99991231";"Prodané cenné papíry a podíly"
"007";"000100";"A.II.2.";"562";"037";"10000101";"99991231";"Úroky"
"007";"000100";"A.II.3.";"563";"038";"10000101";"99991231";"Kurzové ztráty"
"007";"000100";"A.II.4.";"564";"039";"10000101";"99991231";"Náklady z přecenění reálnou hodnotou"
"007";"000100";"A.II.5.";"569";"040";"10000101";"99991231";"Ostatní finanční náklady"
"007";"000100";"A.III.";"-";"041";"10000101";"99991231";"Náklady na nároky na prostředky státního rozpočtu, rozpočtů"
"007";"000100";"A.III.1.";"571";"042";"10000101";"99991231";"Náklady na nároky na prostředky státního rozpočtu"
"007";"000100";"A.III.2.";"572";"043";"10000101";"99991231";"Náklady na nároky na prostředky rozpočtů územních samosprávn"
"007";"000100";"A.III.3.";"573";"044";"10000101";"99991231";"Náklady na nároky na prostředky státních fondů"
"007";"000100";"A.III.4.";"574";"045";"10000101";"99991231";"Náklady na ostatní nároky"
"007";"000100";"A.IV.";"-";"046";"10000101";"99991231";"Náklady ze sdílených daní"
"007";"000100";"A.IV.1.";"581";"047";"10000101";"99991231";"Náklady ze sdílené daně z příjmů fyzických osob"
"007";"000100";"A.IV.2.";"582";"048";"10000101";"99991231";"Náklady ze sdílené daně z příjmů právnických osob"
"007";"000100";"A.IV.3.";"584";"049";"10000101";"99991231";"Náklady ze sdílené daně z přidané hodnoty"
"007";"000100";"A.IV.4.";"585";"050";"10000101";"99991231";"Náklady ze sdílených spotřebních daní"
"007";"000100";"A.IV.5.";"586";"051";"10000101";"99991231";"Náklady ze sdílených majetkových daní"
"007";"000100";"A.IV.6.";"588";"052";"10000101";"99991231";"Náklady ze sdílení silniční daně"
"007";"000100";"A.IV.7.";"589";"053";"10000101";"99991231";"Ostatní náklady ze sdílených daní"
"007";"000100";"B.";"";"070";"20170101";"99991231";"PENĚŽNÍ TOKY DO NEFINANČNÍCH AKTIV"
"007";"000100";"B.1.";"";"071";"20170101";"99991231";"Nákupy dlouhodobého hmotného a nehmotného majetku"
"007";"000100";"B.1.I.";"";"072";"20170101";"99991231";"Cennosti"
"007";"000100";"B.1.II.";"";"073";"20170101";"99991231";"Nevyráběná aktiva"
"007";"000100";"B.1.III.";"";"074";"20170101";"99991231";"Ostatní nákupy dlouhodobého hmotného a nehmotného majetku"
"007";"000100";"B.2.";"";"075";"20170101";"99991231";"Prodeje dlouhodobého hmotného a nehmotného majetku"
"007";"000100";"B.2.I.";"";"076";"20170101";"99991231";"Cennosti"
"007";"000100";"B.2.II.";"";"077";"20170101";"99991231";"Nevyráběná aktiva"
"007";"000100";"B.2.III.";"";"078";"20170101";"99991231";"Ostatní prodeje dlouhodobého hmotného a nehmotného majetku"
"007";"000100";"B.I.";"-";"055";"10000101";"99991231";"Výnosy z činnosti"
"007";"000100";"B.I.1.";"601";"056";"10000101";"99991231";"Výnosy z prodeje vlastních výrobků"
"007";"000100";"B.I.10.";"612";"065";"10000101";"99991231";"Změna stavu polotovarů"
"007";"000100";"B.I.11.";"613";"066";"10000101";"99991231";"Změna stavu výrobků"
"007";"000100";"B.I.12.";"614";"067";"10000101";"99991231";"Změna stavu ostatních zásob"
"007";"000100";"B.I.13.";"621";"068";"10000101";"99991231";"Aktivace materiálu a zboží"
"007";"000100";"B.I.14.";"622";"069";"10000101";"99991231";"Aktivace vnitroorganizačních služeb"
"007";"000100";"B.I.15.";"623";"070";"10000101";"99991231";"Aktivace dlouhodobého nehmotného majetku"
"007";"000100";"B.I.16.";"624";"071";"10000101";"99991231";"Aktivace dlouhodobého hmotného majetku"
"007";"000100";"B.I.17.";"641";"072";"10000101";"99991231";"Smluvní pokuty a úroky z prodlení"
"007";"000100";"B.I.18.";"642";"073";"10000101";"99991231";"Jiné pokuty a penále"
"007";"000100";"B.I.19.";"643";"074";"10000101";"99991231";"Výnosy z odepsaných pohledávek"
"007";"000100";"B.I.2.";"602";"057";"10000101";"99991231";"Výnosy z prodeje služeb"
"007";"000100";"B.I.20.";"644";"075";"10000101";"99991231";"Výnosy z prodeje materiálu"
"007";"000100";"B.I.21.";"645";"076";"10000101";"99991231";"Výnosy z prodeje dlouhodobého nehmotného majetku"
"007";"000100";"B.I.22.";"646";"077";"10000101";"99991231";"Výnosy z prodeje dlouhodobého hmotného majetku kromě pozemků"
"007";"000100";"B.I.23.";"647";"078";"10000101";"99991231";"Výnosy z prodeje pozemků"
"007";"000100";"B.I.24.";"648";"079";"10000101";"99991231";"Čerpání fondů"
"007";"000100";"B.I.25.";"649";"080";"10000101";"99991231";"Ostatní výnosy z činnosti"
"007";"000100";"B.I.3.";"603";"058";"10000101";"99991231";"Výnosy z pronájmu"
"007";"000100";"B.I.4.";"604";"059";"10000101";"99991231";"Výnosy z prodaného zboží"
"007";"000100";"B.I.5.";"605";"060";"10000101";"99991231";"Výnosy ze správních poplatků"
"007";"000100";"B.I.6.";"606";"061";"10000101";"99991231";"Výnosy z místních poplatků"
"007";"000100";"B.I.7.";"607";"062";"10000101";"99991231";"Výnosy ze soudních poplatků"
"007";"000100";"B.I.8.";"609";"063";"10000101";"99991231";"Jiné výnosy z vlastních výkonů"
"007";"000100";"B.I.9.";"611";"064";"10000101";"99991231";"Změna stavu nedokončené výroby"
"007";"000100";"B.II.";"-";"081";"10000101";"99991231";"Finanční výnosy"
"007";"000100";"B.II.1.";"661";"082";"10000101";"99991231";"Výnosy z prodeje cenných papírů a podílů"
"007";"000100";"B.II.2.";"662";"083";"10000101";"99991231";"Úroky"
"007";"000100";"B.II.3.";"663";"084";"10000101";"99991231";"Kurzové zisky"
"007";"000100";"B.II.4.";"664";"085";"10000101";"99991231";"Výnosy z přecenění reálnou hodnotou"
"007";"000100";"B.II.5.";"665";"086";"10000101";"99991231";"Výnosy z dlouhodobého finančního majetku"
"007";"000100";"B.II.6.";"669";"087";"10000101";"99991231";"Ostatní finanční výnosy"
"007";"000100";"B.III.";"-";"088";"10000101";"99991231";"Výnosy z daní a poplatků"
"007";"000100";"B.III.1.";"631";"089";"10000101";"99991231";"Výnosy z daně z příjmů fyzických osob"
"007";"000100";"B.III.2.";"632";"090";"10000101";"99991231";"Výnosy z daně z příjmů právnických osob"
"007";"000100";"B.III.3.";"633";"091";"10000101";"99991231";"Výnosy ze sociálního pojištění"
"007";"000100";"B.III.4.";"634";"092";"10000101";"99991231";"Výnosy z daně z přidané hodnoty"
"007";"000100";"B.III.5.";"635";"093";"10000101";"99991231";"Výnosy ze spotřebních daní"
"007";"000100";"B.III.6.";"636";"094";"10000101";"99991231";"Výnosy z majetkových daní"
"007";"000100";"B.III.7.";"637";"095";"10000101";"99991231";"Výnosy z energetických daní"
"007";"000100";"B.III.8.";"638";"096";"10000101";"99991231";"Výnosy ze silniční daně"
"007";"000100";"B.III.9.";"639";"097";"10000101";"99991231";"Výnosy z ostatních daní a poplatků"
"007";"000100";"B.IV.";"-";"098";"10000101";"99991231";"Výnosy z nároků na prostředky státního rozpočtu, rozpočtů úz"
"007";"000100";"B.IV.1.";"671";"099";"10000101";"99991231";"Výnosy z nároků na prostředky státního rozpočtu"
"007";"000100";"B.IV.2.";"672";"100";"10000101";"99991231";"Výnosy z nároků na prostředky rozpočtů územních samosprávnýc"
"007";"000100";"B.IV.3.";"673";"101";"10000101";"99991231";"Výnosy z nároků na prostředky státních fondů"
"007";"000100";"B.IV.4.";"674";"102";"10000101";"99991231";"Výnosy z ostatních nároků"
"007";"000100";"B.V.";"-";"103";"10000101";"99991231";"Výnosy ze sdílených daní"
"007";"000100";"B.V.1.";"681";"104";"10000101";"99991231";"Výnosy ze sdílené daně z příjmů fyzických osob"
"007";"000100";"B.V.2.";"682";"105";"10000101";"99991231";"Výnosy ze sdílené daně z příjmů právnických osob"
"007";"000100";"B.V.3.";"684";"106";"10000101";"99991231";"Výnosy ze sdílené daně z přidané hodnoty"
"007";"000100";"B.V.4.";"685";"107";"10000101";"99991231";"Výnosy ze sdílených spotřebních daní"
"007";"000100";"B.V.5.";"686";"108";"10000101";"99991231";"Výnosy ze sdílených majetkových daní"
"007";"000100";"B.V.6.";"688";"109";"10000101";"99991231";"Výnosy ze sdílené silniční daně"
"007";"000100";"B.V.7.";"689";"110";"10000101";"99991231";"Ostatní výnosy ze sdílených daní"
"007";"000100";"B.VI.";"-";"111";"10000101";"99991231";"Výsedek hospodaření"
"007";"000100";"B.VI.1.";"-";"112";"10000101";"99991231";"Výsledek hospodaření před zdaněním"
"007";"000100";"B.VI.2.";"591";"113";"10000101";"99991231";"Daň z příjmů"
"007";"000100";"B.VI.3.";"595";"114";"10000101";"99991231";"Dodatečné odvody daně z příjmů"
"007";"000100";"B.VI.4.";"-";"115";"10000101";"99991231";"Výsledek hospodaření po zdanění"
"007";"000100";"C.";"";"079";"20170101";"99991231";"SALDO Z NEFINANČNÍCH PENĚŽNÍCH TOKŮ"
"007";"000100";"D.";"";"080";"20170101";"99991231";"PENĚŽNÍ TOKY Z FINANCOVÁNÍ"
"007";"000100";"D.1.";"";"081";"20170101";"99991231";"Čistá změna finančních aktiv jiných než oběživo a depozita"
"007";"000100";"D.1.I.";"";"082";"20170101";"99991231";"Čistá změna domácích finančních aktiv jiných než oběživo a depozita"
"007";"000100";"D.1.I.1.";"";"083";"20170101";"99991231";"Čisté pořízení dluhových cenných papírů"
"007";"000100";"D.1.I.2.";"";"084";"20170101";"99991231";"Čisté poskytnuté půjčky a úvěry"
"007";"000100";"D.1.I.3.";"";"085";"20170101";"99991231";"Čisté pořízení akcií a jiných majetkových podílů"
"007";"000100";"D.1.II.";"";"086";"20170101";"99991231";"Čistá změna zahraničních finančních aktiv jiných než oběživo a depozita"
"007";"000100";"D.1.II.1.";"";"087";"20170101";"99991231";"Čisté pořízení dluhových cenných papírů"
"007";"000100";"D.1.II.2.";"";"088";"20170101";"99991231";"Čisté poskytnuté půjčky a úvěry"
"007";"000100";"D.1.II.3.";"";"089";"20170101";"99991231";"Čisté pořízení akcií a jiných majetkových podílů"
"007";"000100";"D.2.";"";"090";"20170101";"99991231";"Čistá změna závazků"
"007";"000100";"D.2.I.";"";"091";"20170101";"99991231";"Čistá změna domácích závazků"
"007";"000100";"D.2.I.1.";"";"092";"20170101";"99991231";"Čistá emise dluhových cenných papírů"
"007";"000100";"D.2.I.2.";"";"093";"20170101";"99991231";"Čisté přijaté půjčky a úvěry"
"007";"000100";"D.2.I.3.";"";"094";"20170101";"99991231";"Čistá emise akcií a jiných majetkových podílů"
"007";"000100";"D.2.I.4.";"";"095";"20170101";"99991231";"Čistá změna přijatých vkladů"
"007";"000100";"D.2.II.";"";"096";"20170101";"99991231";"Čistá změna zahraničních závazků"
"007";"000100";"D.2.II.1.";"";"097";"20170101";"99991231";"Čistá emise dluhových cenných papírů"
"007";"000100";"D.2.II.2.";"";"098";"20170101";"99991231";"Čisté přijaté půjčky a úvěry"
"007";"000100";"D.2.II.3.";"";"099";"20170101";"99991231";"Čistá emise akcií a jiných majetkových podílů"
"007";"000100";"D.2.II.4.";"";"100";"20170101";"99991231";"Čistá změna přijatých vkladů"
"007";"000100";"E.";"";"101";"20170101";"99991231";"ČISTÁ ZMĚNA OBĚŽIVA A DEPOZIT (nárůst (+) / pokles (-))"
"008";"000100";"A.";"";"002";"10000101";"99991231";"Peněžní toky z provozní činnosti"
"008";"000100";"A.I.";"";"004";"10000101";"99991231";"Úpravy o nepeněžní operace ( + / - )"
"008";"000100";"A.I.1.";"";"005";"10000101";"99991231";"Odpisy dlouhodobého majetku"
"008";"000100";"A.I.2.";"";"006";"10000101";"99991231";"Změna stavu opravných položek"
"008";"000100";"A.I.3.";"";"007";"10000101";"99991231";"Změna stavu rezerv"
"008";"000100";"A.I.4.";"";"008";"10000101";"99991231";"Zisk (ztráta) z prodeje dlouhodobého majetku"
"008";"000100";"A.I.5.";"";"009";"10000101";"99991231";"Výnosy z dividend a podílů na zisku"
"008";"000100";"A.I.6.";"";"010";"10000101";"99991231";"Ostatní úpravy o nepeněžní operace"
"008";"000100";"A.II.";"";"011";"10000101";"99991231";"Peněžní toky ze změny oběžných aktiv a krátkodobých závazků"
"008";"000100";"A.II.1.";"";"012";"10000101";"99991231";"Změna stavu krátkodobých pohledávek"
"008";"000100";"A.II.2.";"";"013";"10000101";"99991231";"Změna stavu krátkodobých závazků"
"008";"000100";"A.II.3.";"";"014";"10000101";"99991231";"Změna stavu zásob"
"008";"000100";"A.II.4.";"";"015";"10000101";"99991231";"Změna stavu krátkodobého finančního majetku"
"008";"000100";"A.III.";"";"016";"10000101";"99991231";"Zaplacená daň z příjmů včetně doměrků ( - )"
"008";"000100";"A.IV.";"";"017";"10000101";"99991231";"Přijaté dividendy a podíly na zisku"
"008";"000100";"B.";"";"018";"10000101";"99991231";"Peněžní toky z dlouhodobých aktiv"
"008";"000100";"B.I.";"";"019";"10000101";"99991231";"Výdaje na pořízení dlouhodobých aktiv"
"008";"000100";"B.II.";"";"020";"10000101";"99991231";"Výdaje na půjčky osobám ve skupině"
"008";"000100";"B.III.";"";"021";"10000101";"99991231";"Příjmy z prodeje dlouhodobých aktiv"
"008";"000100";"B.III.1.";"";"022";"10000101";"99991231";"Příjmy z privatizace státního majetku"
"008";"000100";"B.III.2.";"";"023";"10000101";"99991231";"Příjmy z prodeje majetku Pozemkového fondu České republiky"
"008";"000100";"B.III.3.";"";"024";"10000101";"99991231";"Příjmy z prodeje dlouhodobého majetku určeného k prodeji"
"008";"000100";"B.III.4.";"";"025";"10000101";"99991231";"Ostatní příjmy z prodeje dlouhodobých aktiv"
"008";"000100";"B.IV.";"";"026";"10000101";"99991231";"Příjmy z vrácených půjček osobám ve skupině"
"008";"000100";"B.V.";"";"027";"10000101";"99991231";"Ostatní peněžní toky z dlouhodobých aktiv ( + / - )"
"008";"000100";"C.";"";"028";"10000101";"99991231";"Peněžní toky z vlastního kapitálu, dlouhodobých závazků a dl"
"008";"000100";"C.I.";"";"029";"10000101";"99991231";"Peněžní toky vyplývající ze změny vlastního kapitálu ( + / -"
"008";"000100";"C.II.";"";"030";"10000101";"99991231";"Změna stavu dlouhodobých závazků ( + / - )"
"008";"000100";"C.III.";"";"031";"10000101";"99991231";"Změna stavu dlouhodobých pohledávek ( + / - )"
"008";"000100";"F.";"";"032";"10000101";"99991231";"Celková změna stavu peněžních prostředků"
"008";"000100";"P.";"";"001";"10000101";"99991231";"Stav peněžních prostředků k 1. lednu"
"008";"000100";"R.";"";"033";"10000101";"99991231";"Stav peněžních prostředků k okamžiku sestavení mezitímní úče"
"008";"000100";"Z.";"";"003";"10000101";"99991231";"Výsledek hospodaření před zdaněním"
"023";"000100";"A.";"-";"001";"10000101";"99991231";"Dlouhodobý nehmotný majetek"
"023";"000100";"A.I.";"-";"002";"10000101";"99991231";"Dlouhodobý nehmotný majetek"
"023";"000100";"A.II.";"-";"003";"10000101";"99991231";"Nedokončený dloouhodobý nehmotný majetek"
"023";"000100";"A.III.";"-";"004";"10000101";"99991231";"Poskytnuté zálohy na pořízení nehmotného majetku"
"023";"000100";"AKTIVA";"-";"060";"10000101";"99991231";"AKTIVA CELKEM"
"023";"000100";"B.";"-";"005";"20160101";"99991231";"Investice"
"023";"000100";"B.";"-";"005";"10000101";"20151231";"Finanční umístění ( investice )"
"023";"000100";"B.I.";"-";"006";"10000101";"20131231";"Pozemky a stavby (nemovitosti)"
"023";"000100";"B.I.1.";"-";"007";"10000101";"20131231";"Pozemky a stavby"
"023";"000100";"C.";"-";"008";"10000101";"99991231";"Dlouhodobý hmotný majetek"
"023";"000100";"C.I.";"-";"009";"10000101";"99991231";"Pozemky a stavby"
"023";"000100";"C.I.1.";"-";"010";"10000101";"99991231";"Pozemky"
"023";"000100";"C.I.2.";"-";"011";"10000101";"99991231";"Stavby"
"023";"000100";"C.II.";"-";"012";"10000101";"99991231";"Movitý majetek"
"023";"000100";"C.II.1.";"-";"013";"10000101";"99991231";"Movitý majetek - odepisovaný"
"023";"000100";"C.II.2.";"-";"014";"10000101";"99991231";"Movitý majetek - neodepisovaný"
"023";"000100";"C.III.";"-";"015";"10000101";"99991231";"Nedokončený dlouhodobý hmotný majetek"
"023";"000100";"C.IV.";"-";"016";"10000101";"99991231";"Poskytnuté zálohy na pořízení hmotného majetku"
"023";"000100";"D.";"-";"017";"10000101";"99991231";"Dlouhodobý finanční majetek"
"023";"000100";"D.I.";"-";"018";"10000101";"99991231";"Podíly v podnikatelských seskupeních"
"023";"000100";"D.I.1.";"-";"019";"10000101";"99991231";"Podíly v ovládaných osobách"
"023";"000100";"D.I.2.";"-";"020";"20140101";"99991231";"Dluhopisy vydané ovládanými osobami a zápůjčky nebo úvěry poskytnuté těmto osobám"
"023";"000100";"D.I.2.";"-";"020";"10000101";"20131231";"Dluhopisy vydané ovládanými osobami a půjčky těmto osobám"
"023";"000100";"D.I.3.";"-";"021";"10000101";"99991231";"Podíly s podstatným vlivem"
"023";"000100";"D.I.4.";"-";"022";"20140101";"99991231";"Dluhopisy vydané osobami, ve kterých má účetní jednotka podstatný vliv, a zápůjčky nebo úvěry poskytnuté těmto osobám"
"023";"000100";"D.I.4.";"-";"022";"10000101";"20131231";"Dluhopisy vydané osobami, ve kterých má úč. jednotka podst.vliv, a půjčky těmto osobám"
"023";"000100";"D.II.";"-";"023";"10000101";"99991231";"Jiný dlouhodobý finanční majetek"
"023";"000100";"D.II.1.";"-";"024";"10000101";"99991231";"Akcie a ostatní cenné papíry s proměnlivým výnosem, ostatní podíly"
"023";"000100";"D.II.2.";"-";"025";"10000101";"99991231";"Dluhové cenné papíry"
"023";"000100";"D.II.3.";"-";"026";"10000101";"99991231";"Depozita u finančních institucí"
"023";"000100";"D.II.4.";"-";"027";"10000101";"99991231";"Ostatní dlouhodobý finanční majetek"
"023";"000100";"E.";"-";"028";"10000101";"99991231";"Dlužníci"
"023";"000100";"E.I.";"-";"029";"10000101";"99991231";"Pohledávky z veřejného zdravotního pojištění"
"023";"000100";"E.I.1.";"-";"030";"10000101";"99991231";"Pohledávky za plátci pojistného"
"023";"000100";"E.I.2.";"-";"031";"10000101";"20131231";"Pohledávky za poskytovateli zdravotní péče"
"023";"000100";"E.I.2.";"-";"031";"20140101";"99991231";"Pohledávky za poskytovateli zdravotních služeb"
"023";"000100";"E.I.3.";"-";"032";"10000101";"99991231";"Pohledávky z přerozdělení pojistného"
"023";"000100";"E.I.4.";"-";"033";"10000101";"99991231";"Pohledávky z náhrad škod veřejného zdravotního pojištění"
"023";"000100";"E.I.5.";"-";"034";"10000101";"99991231";"Pohledávky z přeplatků do zajišťovacího fondu"
"023";"000100";"E.I.6.";"-";"035";"10000101";"99991231";"Pohledávky z plnění mezinárodních smluv o zdravotní péči"
"023";"000100";"E.I.7.";"-";"036";"10000101";"99991231";"Dohadné položky aktivní"
"023";"000100";"E.I.8.";"-";"037";"10000101";"99991231";"Ostatní pohledávky"
"023";"000100";"E.II.";"-";"038";"10000101";"99991231";"Ostatní pohledávky"
"023";"000100";"E.II.1.";"-";"039";"10000101";"99991231";"Krátkodobé"
"023";"000100";"E.II.2.";"-";"040";"10000101";"99991231";"Dlouhodobé"
"023";"000100";"F.";"-";"041";"10000101";"99991231";"Ostatní aktiva"
"023";"000100";"F.I.";"-";"042";"10000101";"99991231";"Zásoby"
"023";"000100";"F.II.";"-";"043";"10000101";"99991231";"Hotovost na účtech u finančních institucí a hotovost v pokladně"
"023";"000100";"F.II.1.";"-";"044";"10000101";"99991231";"Zvláštní bankovní účty"
"023";"000100";"F.II.1.1.";"-";"045";"10000101";"99991231";"Základního fondu"
"023";"000100";"F.II.1.10.";"-";"054";"10000101";"99991231";"Ostatní bankovní účty"
"023";"000100";"F.II.1.2.";"-";"046";"10000101";"99991231";"Rezervního fondu"
"023";"000100";"F.II.1.3.";"-";"047";"10000101";"99991231";"Provozního fondu"
"023";"000100";"F.II.1.4.";"-";"048";"10000101";"99991231";"Sociálního fondu"
"023";"000100";"F.II.1.5.";"-";"049";"10000101";"99991231";"Fondu reprodukce majetku"
"023";"000100";"F.II.1.6.";"-";"050";"10000101";"99991231";"Fondu prevence"
"023";"000100";"F.II.1.7.";"-";"051";"10000101";"99991231";"Fondu pro úhradu preventivní péče"
"023";"000100";"F.II.1.8.";"-";"052";"10000101";"99991231";"Fondu pro zprostředkování úhrady zdravotní péče"
"023";"000100";"F.II.1.9.";"-";"053";"10000101";"99991231";"Fondu pro úhradu závodní preventivní péče z prostředků zaměstnavatele"
"023";"000100";"F.II.2.";"-";"055";"10000101";"99991231";"Pokladna a jiné pokladní hodnoty"
"023";"000100";"F.III.";"-";"056";"10000101";"99991231";"Jiná aktiva"
"023";"000100";"G.";"-";"057";"10000101";"99991231";"Časové rozlišení"
"023";"000100";"G.I.";"-";"058";"10000101";"99991231";"Náklady příštích období"
"023";"000100";"G.II.";"-";"059";"10000101";"99991231";"Příjmy příštích období"
"023";"000200";"A.";"-";"001";"10000101";"99991231";"Vlastní kapitál"
"023";"000200";"A.I.";"-";"002";"10000101";"20131231";"Základní kapitál"
"023";"000200";"A.I.";"-";"002";"20140101";"99991231";"Základní jmění"
"023";"000200";"A.II.";"-";"003";"10000101";"99991231";"Oceňovací rozdíly"
"023";"000200";"A.III.";"-";"004";"10000101";"99991231";"Ostatní kapitálové fondy"
"023";"000200";"A.III.1.";"-";"005";"10000101";"99991231";"Provozní fond"
"023";"000200";"A.III.2.";"-";"006";"10000101";"99991231";"Sociální fond"
"023";"000200";"A.III.3.";"-";"007";"10000101";"99991231";"Fond majetku"
"023";"000200";"A.III.4.";"-";"008";"10000101";"99991231";"Fond reprodukce majetku"
"023";"000200";"A.III.5.";"-";"009";"10000101";"99991231";"Fond prevence"
"023";"000200";"A.III.6.";"-";"010";"10000101";"99991231";"Fond pro úhradu preventivní péče"
"023";"000200";"A.III.7.";"-";"011";"10000101";"99991231";"Fond pro zprostředkování úhrady zdravotní péče"
"023";"000200";"A.III.8.";"-";"012";"10000101";"99991231";"Fond pro úhradu závodní preventivní péče z prostředků zaměstnavatele"
"023";"000200";"A.III.9.";"-";"013";"10000101";"99991231";"Jiné"
"023";"000200";"A.IV.";"-";"014";"10000101";"99991231";"Ostatní fondy ze zisku"
"023";"000200";"A.IV.1.";"-";"015";"10000101";"99991231";"Zdroj podílů v ovládaných osobách"
"023";"000200";"A.IV.2.";"-";"016";"10000101";"99991231";"Jiné ostatní fondy ze zisku"
"023";"000200";"A.V.";"-";"017";"10000101";"99991231";"Fondy veřejného zdravotního pojištění"
"023";"000200";"A.V.1.";"-";"018";"10000101";"99991231";"Základní fond"
"023";"000200";"A.V.2.";"-";"019";"10000101";"99991231";"Rezervní fond"
"023";"000200";"A.VI.";"-";"020";"10000101";"20131231";"Výsledek hospodaření minulých let"
"023";"000200";"A.VI.";"-";"020";"20140101";"99991231";"Výsledek hospodaření minulých období"
"023";"000200";"A.VII.";"-";"021";"10000101";"99991231";"Výsledek hospodaření běžného účetního období"
"023";"000200";"B.";"-";"022";"10000101";"99991231";"Rezervy"
"023";"000200";"C.";"-";"023";"10000101";"99991231";"Věřitelé"
"023";"000200";"C.I.";"-";"024";"10000101";"99991231";"Závazky z veřejného zdravotního pojištění"
"023";"000200";"C.I.1.";"-";"025";"10000101";"99991231";"Závazky za plátci pojistného"
"023";"000200";"C.I.2.";"-";"026";"20140101";"99991231";"Závazky k poskytovatelům zdravotních služeb"
"023";"000200";"C.I.2.";"-";"026";"10000101";"20131231";"Závazky k poskytovatelům zdravotní péče"
"023";"000200";"C.I.3.";"-";"027";"10000101";"99991231";"Závazky z přerozdělení pojistného"
"023";"000200";"C.I.4.";"-";"028";"10000101";"99991231";"Závazky k zajišťovacímu fondu"
"023";"000200";"C.I.5.";"-";"029";"10000101";"99991231";"Závazky z plnění mezinárodních smluv o zdravotní péči"
"023";"000200";"C.I.6.";"-";"030";"10000101";"99991231";"Dohadné položky pasivní"
"023";"000200";"C.I.7.";"-";"031";"10000101";"99991231";"Ostatní závazky"
"023";"000200";"C.II.";"-";"032";"20140101";"99991231";"Závazky z dluhových cenných papírů"
"023";"000200";"C.II.";"-";"032";"10000101";"20131231";"Výpůjčky zaručené dluhopisem"
"023";"000200";"C.II.1.";"-";"033";"10000101";"20131231";"Směnitelné (konvertibilní) výpůjčky"
"023";"000200";"C.II.a)";"-";"033";"20140101";"99991231";"z toho a) Směnitelné (konvertibilní) dluhopisy"
"023";"000200";"C.III.";"-";"034";"10000101";"99991231";"Závazky vůči finančním institucím"
"023";"000200";"C.IV.";"-";"035";"10000101";"99991231";"Ostatní závazky"
"023";"000200";"C.IV.1.";"-";"036";"20140101";"99991231";"Dluhy daňové"
"023";"000200";"C.IV.1.";"-";"036";"10000101";"20131231";"Závazky daňové"
"023";"000200";"C.IV.2.";"-";"037";"10000101";"20131231";"Závazky ze sociálního zabezpečení a veřejného zdravotního pojištění"
"023";"000200";"C.IV.2.";"-";"037";"20140101";"99991231";"Dluhy ze sociálního zabezpečení a zdravotního pojištění"
"023";"000200";"C.IV.3.";"-";"038";"10000101";"99991231";"Ostatní závazky"
"023";"000200";"D.";"-";"039";"10000101";"99991231";"Ostatní pasiva"
"023";"000200";"E.";"-";"040";"10000101";"99991231";"Časové rozlišení"
"023";"000200";"E.I.";"-";"041";"10000101";"99991231";"Výdaje příštích období"
"023";"000200";"E.II.";"-";"042";"10000101";"99991231";"Výnosy příštích období"
"023";"000200";"PASIVA";"-";"043";"10000101";"99991231";"PASIVA CELKEM"
"024";"000100";"I.1.";"-";"002";"10000101";"99991231";"Zasloužené pojistné, očištěné od zajištění"
"024";"000100";"I.1.a)";"-";"003";"10000101";"99991231";"předepsané hrubé pojistné"
"024";"000100";"I.1.b)";"-";"004";"10000101";"99991231";"pojistné postoupené zajišťovatelům (-)"
"024";"000100";"I.1.c)";"-";"005";"10000101";"99991231";"změna stavu hrubé výše rezervy na nezasloužené pojistné (+/-)"
"024";"000100";"I.1.d)";"-";"006";"10000101";"99991231";"změna stavu rezervy na nezasloužené pojistné, podíl zajišťovatelů (+/-)"
"024";"000100";"I.10.";"";"025";"10000101";"20131231";"Mezisoučet, zůstatek Technického účtu k neživotnímu pojištění (pol.I.10)"
"024";"000100";"I.10.";"";"025";"20140101";"99991231";"Mezisoučet, zůstatek Technického účtu k neživotnímu pojištění (pol. II.1.)"
"024";"000100";"I.2.";"-";"007";"10000101";"20151231";"Převedené výnosy z finančního umístění (investic) z Netechnického účtu (pol.II.4)"
"024";"000100";"I.2.";"-";"007";"20160101";"99991231";"Převedené výnosy z investic z Netechnického účtu (pol.II.4)"
"024";"000100";"I.3.";"-";"008";"10000101";"99991231";"Ostatní technické výnosy, očištěné od zajištění"
"024";"000100";"I.4.";"-";"009";"10000101";"99991231";"Náklady na pojistná plnění, očištěné od zajištění:"
"024";"000100";"I.4.a)";"-";"010";"10000101";"99991231";"náklady na pojistná plnění:"
"024";"000100";"I.4.a)aa)";"-";"011";"10000101";"99991231";"hrubá výše"
"024";"000100";"I.4.a)bb)";"-";"012";"10000101";"99991231";"podíl zajišťovatelů (-)"
"024";"000100";"I.4.b)";"-";"013";"10000101";"99991231";"změna stavu rezervy na pojistná plnění:"
"024";"000100";"I.4.b)aa)";"-";"014";"10000101";"99991231";"hrubá výše"
"024";"000100";"I.4.b)bb)";"-";"015";"10000101";"99991231";"podíl zajišťovatelů (-)"
"024";"000100";"I.5.";"-";"016";"10000101";"99991231";"Změny stavu ostatních technických rezerv očištěné od zajištění (+/-)"
"024";"000100";"I.6.";"-";"017";"10000101";"20151231";"Prémie a slevy, očištěné od zajištění"
"024";"000100";"I.6.";"-";"017";"20160101";"99991231";"Bonusy a slevy, očištěné od zajištění"
"024";"000100";"I.7.";"-";"018";"10000101";"99991231";"Čistá výše provozních nákladů"
"024";"000100";"I.7.a)";"-";"019";"10000101";"99991231";"pořizovací náklady na pojistné smlouvy"
"024";"000100";"I.7.b)";"-";"020";"10000101";"99991231";"změna stavu časově rozlišených pořizovacích nákladů (+/-)"
"024";"000100";"I.7.c)";"-";"021";"10000101";"99991231";"správní režie"
"024";"000100";"I.7.d)";"-";"022";"10000101";"99991231";"provize od zajišťovatelů a podíly na ziscích (-)"
"024";"000100";"I.8.";"-";"023";"10000101";"99991231";"Ostatní technické náklady, očištěné od zajištění"
"024";"000100";"I.9.";"-";"024";"10000101";"20151231";"Změna stavu vyrovnávací rezervy (+/-)"
"024";"000100";"II.1.";"";"027";"10000101";"99991231";"Výsledek Technického účtu k neživotnímu pojištění (pol. I.10)"
"024";"000100";"II.10.";"";"045";"10000101";"99991231";"Mimořádné výnosy"
"024";"000100";"II.11.";"";"046";"10000101";"99991231";"Ostatní daně neuvedené v předcházejících položkách"
"024";"000100";"II.12.";"";"047";"10000101";"99991231";"Výsledek hospodaření za účetní období"
"024";"000100";"II.2.";"";"028";"20160101";"99991231";"Výnosy z investic"
"024";"000100";"II.2.";"";"028";"10000101";"20151231";"Výnosy z finančního umístění"
"024";"000100";"II.2.a)";"";"029";"10000101";"99991231";"výnosy z podílů se zvláštním uvedením těch, které pocházejí z ovládaných osob"
"024";"000100";"II.2.b)";"";"030";"20160101";"99991231";"Výnosy z ostatních investic, se zvláštním uvedením těch, které pocházejí z ovládaných osob, v tom:"
"024";"000100";"II.2.b)";"";"030";"20140101";"20151231";"Výnosy z ostatního finančního umístění, se zvláštním uvedením těch, které pocházejí z ovládaných osob, v tom:"
"024";"000100";"II.2.b)";"";"030";"10000101";"20131231";"výnosy z ost.fin.umístění, se zvlášt.uved. těch, které poch. z ovlád. osob, v tom:"
"024";"000100";"II.2.b)aa)";"";"031";"10000101";"99991231";"výnosy z pozemků a staveb"
"024";"000100";"II.2.b)bb)";"";"032";"10000101";"99991231";"výnosy z ostatních investic"
"024";"000100";"II.2.c)";"";"033";"20160101";"99991231";"změny hodnoty investic"
"024";"000100";"II.2.c)";"";"033";"10000101";"20151231";"změny hodnoty finančního umístění"
"024";"000100";"II.2.d)";"";"034";"20160101";"99991231";"výnosy z realizace investic"
"024";"000100";"II.2.d)";"";"034";"10000101";"20151231";"výnosy z realizace finančního umístění"
"024";"000100";"II.3.";"";"035";"10000101";"20131231";"Náklady na finanční umístění"
"024";"000100";"II.3.";"";"035";"20140101";"20151231";"Náklady na finanční umístění:"
"024";"000100";"II.3.";"";"035";"20160101";"99991231";"Náklady na investice:"
"024";"000100";"II.3.a)";"";"036";"10000101";"20151231";"náklady na správu finančního umístění, včetně úroků"
"024";"000100";"II.3.a)";"";"036";"20160101";"99991231";"náklady na správu investic, včetně úroků"
"024";"000100";"II.3.b)";"";"037";"20160101";"99991231";"změny hodnoty investic"
"024";"000100";"II.3.b)";"";"037";"10000101";"20151231";"změny hodnoty finančního umístění"
"024";"000100";"II.3.c)";"";"038";"20160101";"99991231";"náklady spojené s realizací investic"
"024";"000100";"II.3.c)";"";"038";"10000101";"20151231";"náklady spojené s realizací finančního umístění"
"024";"000100";"II.4.";"";"039";"10000101";"20131231";"Převod výnosů z fin. umístění na Technický účet k neživotnímu pojištění (pol. I.2)"
"024";"000100";"II.4.";"";"039";"20160101";"99991231";"Převod výnosů z investic na Technický účet k neživotnímu pojištění (pol. I.2.)"
"024";"000100";"II.4.";"";"039";"20140101";"20151231";"Převod výnosů z finančního umístění na Technický účet k neživotnímu pojištění (pol. I.2.)"
"024";"000100";"II.5.";"";"040";"10000101";"99991231";"Ostatní výnosy"
"024";"000100";"II.6.";"";"041";"10000101";"99991231";"Ostatní náklady"
"024";"000100";"II.7.";"";"042";"10000101";"99991231";"Daň z příjmů"
"024";"000100";"II.8.";"";"043";"10000101";"99991231";"Výsledek hospodaření po zdanění"
"024";"000100";"II.9.";"";"044";"10000101";"99991231";"Mimořádné náklady"
"025";"000400";"P.I.";"-";"001";"10000101";"99991231";"Majetek účetní jednotky"
"025";"000400";"P.I.1.";"-";"002";"10000101";"99991231";"Drobný nehmotný majetek"
"025";"000400";"P.I.2.";"-";"003";"10000101";"99991231";"Drobný hmotný majetek"
"025";"000400";"P.I.3.";"-";"004";"10000101";"99991231";"Ostatní majetek"
"025";"000400";"P.II.";"-";"005";"10000101";"99991231";"Odepsané pohledávky a závazky"
"025";"000400";"P.II.1.";"-";"006";"10000101";"99991231";"Odepsané pohledávky celkem"
"025";"000400";"P.II.1.1.";"-";"007";"10000101";"99991231";"Odepsané pohledávky - dlužné pojistné"
"025";"000400";"P.II.1.2.";"-";"008";"20140101";"99991231";"Odepsané pohledávky - sankční platby v oblasti veřejného zdravotního pojištění"
"025";"000400";"P.II.1.2.";"-";"008";"10000101";"20131231";"Odepsané pohledávky - sankční platby v oblasti veřejného zdravotního pojištění (pokuty, penále a přirážky k pojistnému)"
"025";"000400";"P.II.1.3.";"-";"009";"10000101";"99991231";"Odepsané pohledávky - ostatní"
"025";"000400";"P.II.1.4.";"-";"010";"10000101";"20131231";"Odepsané závazky"
"025";"000400";"P.II.2.";"-";"010";"20140101";"99991231";"Odepsané závazky"
"025";"000400";"P.III.";"-";"011";"10000101";"99991231";"Podmíněné pohledávky z důvodu užívání majetku jinou osobou"
"025";"000400";"P.III.1.";"-";"012";"10000101";"99991231";"Krátkodobé podmíněné pohledávky z důvodu úplatného užívání majetku jinou osobou"
"025";"000400";"P.III.2.";"-";"013";"10000101";"99991231";"Dlouhodobé podmíněné pohledávky z důvodu úplatného užívání majetku jinou osobou"
"025";"000400";"P.III.3.";"-";"014";"10000101";"99991231";"Krátkodobé podmíněné pohledávky z důvodu užívání majetku jinou osobou na základě smlouvy o výpůjčce"
"025";"000400";"P.III.4.";"-";"015";"10000101";"99991231";"Dlouhodobé podmíněné pohledávky z důvodu užívání majetku jinou osobou na základě smlouvy o výpůjčce"
"025";"000400";"P.III.5.";"-";"016";"10000101";"99991231";"Krátkodobé podmíněné pohledávky z důvodu užívání majetku jinou osobou z jiných důvodů"
"025";"000400";"P.III.6.";"-";"017";"10000101";"99991231";"Dlouhodobé podmíněné pohledávky z důvodu užívání majetku jinou osobou z jiných důvodů"
"025";"000400";"P.IV.";"-";"018";"10000101";"99991231";"Další podmíněné pohledávky a ostatní podmíněná aktiva"
"025";"000400";"P.IV.1.";"-";"019";"10000101";"99991231";"Krátkodobé podmíněné pohledávky ze smluv o prodeji dlouhodobého majetku"
"025";"000400";"P.IV.10.";"-";"028";"10000101";"99991231";"Dlouhodobé podmíněné úhrady pohledávek z přijatých zajištění"
"025";"000400";"P.IV.11.";"-";"029";"10000101";"99991231";"Krátkodobé podmíněné pohledávky ze soudních sporů, správních řízení a jiných řízení"
"025";"000400";"P.IV.12.";"-";"030";"10000101";"99991231";"Dlouhodobé podmíněné pohledávky ze soudních sporů, správních řízení a jiných řízení"
"025";"000400";"P.IV.13.";"-";"031";"10000101";"99991231";"Ostatní krátkodobá podmíněná aktiva"
"025";"000400";"P.IV.14.";"-";"032";"10000101";"99991231";"Ostatní dlouhodobá podmíněná aktiva"
"025";"000400";"P.IV.2.";"-";"020";"10000101";"99991231";"Dlouhodobé podmíněné pohledávky ze smluv o prodeji dlouhodobého majetku"
"025";"000400";"P.IV.3.";"-";"021";"10000101";"99991231";"Krátkodobé podmíněné pohledávky z jiných smluv"
"025";"000400";"P.IV.4.";"-";"022";"10000101";"99991231";"Dlouhodobé podmíněné pohledávky z jiných smluv"
"025";"000400";"P.IV.5.";"-";"023";"10000101";"20131231";"Krátkodobé podmíněné pohledávky z nástrojů spolufinancovaných ze zahraničí"
"025";"000400";"P.IV.5.";"-";"023";"20140101";"99991231";"Krátkodobé podmíněné pohledávky ze vztahu k prostředkům EU"
"025";"000400";"P.IV.6.";"-";"024";"10000101";"20131231";"Dlouhodobé podmíněné pohledávky z nástrojů spolufinancovaných ze zahraničí"
"025";"000400";"P.IV.6.";"-";"024";"20140101";"99991231";"Dlouhodobé podmíněné pohledávky ze vztahu k prostředkům EU"
"025";"000400";"P.IV.7.";"-";"025";"10000101";"99991231";"Krátkodobé podmíněné pohledávky ze vztahu k jiným zdrojům"
"025";"000400";"P.IV.8.";"-";"026";"10000101";"99991231";"Dlouhodobé podmíněné pohledávky ze vztahu k jiným zdrojům"
"025";"000400";"P.IV.9.";"-";"027";"10000101";"99991231";"Krátkodobé podmíněné úhrady pohledávek z přijatých zajištění"
"025";"000400";"P.V.";"-";"033";"10000101";"99991231";"Podmíněné závazky z důvodu užívání cizího majetku"
"025";"000400";"P.V.1.";"-";"034";"10000101";"99991231";"Krátkodobé podmíněné závazky z leasingových smluv"
"025";"000400";"P.V.2.";"-";"035";"10000101";"99991231";"Dlouhodobé podmíněné závazky z leasingových smluv"
"025";"000400";"P.V.3.";"-";"036";"10000101";"99991231";"Krátkodobé podmíněné závazky z důvodu úplatného užívání cizího majetku na základě jiného důvodu"
"025";"000400";"P.V.4.";"-";"037";"10000101";"99991231";"Dlouhodobé podmíněné závazky z důvodu úplatného užívání cizího majetku na základě jiného důvodu"
"025";"000400";"P.V.5.";"-";"038";"10000101";"99991231";"Krátkodobé podmíněné závazky z důvodu užívání cizího majetku na základě smlouvy o výpůjčce"
"025";"000400";"P.V.6.";"-";"039";"10000101";"99991231";"Dlouhodobé podmíněné závazky z důvodu užívání cizího majetku na základě smlouvy o výpůjčce"
"025";"000400";"P.V.7.";"-";"040";"10000101";"99991231";"Krátkodobé podmíněné závazky z důvodu užívání cizího majetku nebo jeho převzetí z jiných důvodů"
"025";"000400";"P.V.8.";"-";"041";"10000101";"99991231";"Dlouhodobé podmíněné závazky z důvodu užívání cizího majetku nebo jeho převzetí z jiných důvodů"
"025";"000400";"P.VI.";"-";"042";"10000101";"99991231";"Další podmíněné závazky a ostatní podmíněná pasiva"
"025";"000400";"P.VI.1.";"-";"043";"10000101";"99991231";"Krátkodobé podmíněné závazky ze smluv o pořízení dlouhodobého majetku"
"025";"000400";"P.VI.10.";"-";"052";"10000101";"99991231";"Dlouhodobé podmíněné závazky z poskytnutých zajištění"
"025";"000400";"P.VI.11.";"-";"053";"10000101";"99991231";"Krátkodobé podmíněné závazky ze soudních sporů, správních řízení a jiných řízení"
"025";"000400";"P.VI.12.";"-";"054";"10000101";"99991231";"Dlouhodobé podmíněné závazky ze soudních sporů, správních řízení a jiných řízení"
"025";"000400";"P.VI.13.";"-";"055";"10000101";"99991231";"Ostatní krátkodobá podmíněná pasiva"
"025";"000400";"P.VI.14.";"-";"056";"10000101";"99991231";"Ostatní dlouhodobá podmíněná pasiva"
"025";"000400";"P.VI.2.";"-";"044";"10000101";"99991231";"Dlouhodobé podmíněné závazky ze smluv o pořízení dlouhodobého majetku"
"025";"000400";"P.VI.3.";"-";"045";"10000101";"99991231";"Krátkodobé podmíněné závazky z jiných smluv"
"025";"000400";"P.VI.4.";"-";"046";"10000101";"99991231";"Dlouhodobé podmíněné závazky z jiných smluv"
"025";"000400";"P.VI.5.";"-";"047";"10000101";"99991231";"Krátkodobé podmíněné závazky ze vztahu k prostředkům EU"
"025";"000400";"P.VI.6.";"-";"048";"10000101";"99991231";"Dlouhodobé podmíněné závazky ze vztahu k prostředkům EU"
"025";"000400";"P.VI.7.";"-";"049";"10000101";"99991231";"Krátkodobé podmíněné závazky vyplývající z právních předpisů a další činnosti moci zákonodárné, výkonné nebo soudní"
"025";"000400";"P.VI.8.";"-";"050";"10000101";"99991231";"Dlouhodobé podmíněné závazky vyplývající z právních předpisů a další činnosti moci zákonodárné, výkonné nebo soudní"
"025";"000400";"P.VI.9.";"-";"051";"10000101";"99991231";"Krátkodobé podmíněné závazky z poskytnutých zajištění"
"025";"000400";"P.VII.";"-";"057";"10000101";"99991231";"Vyrovnávací účty"
"025";"000400";"P.VII.1.";"-";"058";"10000101";"99991231";"Vyrovnávací účet k podrozvahovým účtům"
"025";"000500";"I.";"-";"001";"10000101";"20151231";"Splatné závazky pojistného na sociálním zabezpečení a příspěvku na státní politiku zaměstnanosti"
"025";"000500";"II.";"-";"002";"10000101";"20151231";"Splatné závazky veřejného zdravotního pojištění"
"025";"000500";"III.";"-";"003";"10000101";"20151231";"Evidované daňové nedoplatky u místně příslušných finančních orgánů"
"026";"000100";"F.";"";"014";"10000101";"99991231";"Celková změna stavu peněžních prostředků"
"026";"000100";"I.";"";"002";"10000101";"99991231";"Peněžní prostředky fondů"
"026";"000100";"I.A.";"";"004";"10000101";"99991231";"Příjmy"
"026";"000100";"I.B.";"";"005";"10000101";"99991231";"Výdaje"
"026";"000100";"I.F.";"";"006";"10000101";"99991231";"Změna stavu peněžních prostředků"
"026";"000100";"I.P.";"";"003";"10000101";"99991231";"Stav peněžních prostředků k počátku účetního období"
"026";"000100";"I.R.";"";"007";"10000101";"99991231";"Stav peněžních prostředků k okamžiku sestavení mezitímní účetní závěrky nebo k rozvahovému dni"
"026";"000100";"II.";"";"008";"10000101";"99991231";"Peněžní prostředky za zdaňovanou činnost"
"026";"000100";"II.A.";"";"010";"10000101";"99991231";"Příjmy"
"026";"000100";"II.B.";"";"011";"10000101";"99991231";"Výdaje"
"026";"000100";"II.F.";"";"012";"10000101";"99991231";"Změna stavu peněžních prostředků"
"026";"000100";"II.P.";"";"009";"10000101";"99991231";"Stav peněžních prostředků k počátku účetního období"
"026";"000100";"II.R.";"";"013";"10000101";"99991231";"Stav peněžních prostředků k okamžiku sestavení mezitímní účetní závěrky nebo k rozvahovému dni"
"026";"000100";"P.";"";"001";"10000101";"99991231";"Stav peněžních prostředků k počátku účetního období"
"026";"000100";"R.";"";"015";"10000101";"99991231";"Stav peněžních prostředků k okamžiku sestavení mezitímní účetní závěrky nebo k rozvahovému dni"
"026";"000200";"A.";"";"001";"20140101";"99991231";"Vlastní kapitál"
"026";"000200";"A.I.";"";"002";"20140101";"99991231";"Jmění účetní jednotky a upravující položky"
"026";"000200";"A.II.";"";"003";"20140101";"99991231";"Oceňovací rozdíly"
"026";"000200";"A.III.";"";"004";"20140101";"99991231";"Ostatní kapitálové fondy"
"026";"000200";"A.IV.";"";"005";"20140101";"99991231";"Ostatní zisk"
"026";"000200";"A.V.";"";"006";"20140101";"99991231";"Veřejné zdravotní pojištění"
"026";"000200";"A.VI.";"";"007";"20140101";"99991231";"Výsledek hospodaření"
"026";"000200";"C.";"";"001";"10000101";"20131231";"Vlastní kapitál"
"026";"000200";"C.I.";"";"002";"10000101";"20131231";"Jmění účetní jednotky a upravující položky"
"026";"000200";"C.II.";"";"003";"10000101";"20131231";"Oceňovací rozdíly"
"026";"000200";"C.III.";"";"004";"10000101";"20131231";"Ostatní kapitálové fondy"
"026";"000200";"C.IV.";"";"005";"10000101";"20131231";"Ostatní zisk"
"026";"000200";"C.V.";"";"006";"10000101";"20131231";"Veřejné zdravotní pojištění"
"026";"000200";"C.VI.";"";"007";"10000101";"20131231";"Výsledek hospodaření"
"051";"000300";"8000";"";"036";"10000101";"99991231";"Financování (součet za třídu 8)"
"051";"000300";"8111";"";"001";"10000101";"99991231";"Krátkodobé vydané dluhopisy (+)"
"051";"000300";"8112";"";"002";"10000101";"99991231";"Uhrazené splátky krátkodobých vydaných dluhopisů (-)"
"051";"000300";"8113";"";"003";"10000101";"99991231";"Krátkodobé přijaté půjčené prostředky (+)"
"051";"000300";"8114";"";"004";"10000101";"99991231";"Uhrazené splátky krátkodobých přijatých půjčených prostředků (-)"
"051";"000300";"8115";"";"005";"20150101";"99991231";"Změna stavu krátkodobých prostředků na bankovních účtech kromě účtů státních finančních aktiv, které tvoří kapitolu OSFA (+/-)"
"051";"000300";"8115";"";"005";"10000101";"20141231";"Změna stavu krátkodobých prostředků na bankovních účtech (+/-)"
"051";"000300";"8116";"";"008";"10000101";"99991231";"Aktivní krátkodobé operace řízení likvidity (+/-)"
"051";"000300";"8117";"";"006";"10000101";"99991231";"Aktivní krátkodobé operace řízení likvidity - příjmy (+)"
"051";"000300";"8118";"";"007";"10000101";"99991231";"Aktivní krátkodobé operace řízení likvidity - výdaje (-)"
"051";"000300";"8121";"";"009";"10000101";"99991231";"Dlouhodobé vydané dluhopisy (+)"
"051";"000300";"8122";"";"010";"10000101";"99991231";"Uhrazené splátky dlouhodobých vydaných dluhopisů (-)"
"051";"000300";"8123";"";"011";"10000101";"99991231";"Dlouhodobé přijaté půjčené prostředky (+)"
"051";"000300";"8124";"";"012";"10000101";"99991231";"Uhrazené splátky dlouhodobých přijatých půjčených prostředků (-)"
"051";"000300";"8125";"";"013";"10000101";"99991231";"Změna stavu dlouhodobých prostředků na bankovních účtech (+/-)"
"051";"000300";"8126";"";"014";"10000101";"99991231";"Aktivní dlouhodobé operace řízení likvidity (+/-)"
"051";"000300";"8127";"";"015";"10000101";"99991231";"Aktivní dlouhodobé operace řízení likvidity - příjmy (+)"
"051";"000300";"8128";"";"016";"10000101";"99991231";"Aktivní dlouhodobé operace řízení likvidity - výdaje (-)"
"051";"000300";"8211";"";"017";"10000101";"99991231";"Krátkodobé vydané dluhopisy (+)"
"051";"000300";"8212";"";"018";"10000101";"99991231";"Uhrazené splátky krátkodobých vydaných dluhopisů (-)"
"051";"000300";"8213";"";"019";"10000101";"99991231";"Krátkodobé přijaté půjčené prostředky (+)"
"051";"000300";"8214";"";"020";"10000101";"99991231";"Uhrazené splátky krátkodobých přijatých půjčených prostředků (-)"
"051";"000300";"8215";"";"021";"10000101";"20141231";"Změna stavu krátkodobých prostředků na bankovních účtech (+/-)"
"051";"000300";"8215";"";"021";"20150101";"99991231";"Změna stavu bankovních účtů krátkodobých prostředků ze zahraničí jiných než ze zahraničních dlouhodobých úvěrů (+/-)"
"051";"000300";"8216";"";"024";"10000101";"99991231";"Aktivní krátkodobé operace řízení likvidity (+/-)"
"051";"000300";"8217";"";"022";"10000101";"99991231";"Aktivní krátkodobé operace řízení likvidity - příjmy (+)"
"051";"000300";"8218";"";"023";"10000101";"99991231";"Aktivní krátkodobé operace řízení likvidity - výdaje (-)"
"051";"000300";"8221";"";"025";"10000101";"99991231";"Dlouhodobé vydané dluhopisy (+)"
"051";"000300";"8222";"";"026";"10000101";"99991231";"Uhrazené splátky dlouhodobých vydaných dluhopisů (-)"
"051";"000300";"8223";"";"027";"10000101";"99991231";"Dlouhodobé přijaté půjčené prostředky (+)"
"051";"000300";"8224";"";"028";"10000101";"99991231";"Uhrazené splátky dlouhodobých přijatých půjčených prostředků (-)"
"051";"000300";"8225";"";"029";"10000101";"99991231";"Změna stavu dlouhodobých prostředků na bankovních účtech (+/-)"
"051";"000300";"8226";"";"032";"10000101";"99991231";"Aktivní dlouhodobé operace řízení likvidity (+/-)"
"051";"000300";"8227";"";"030";"10000101";"99991231";"Aktivní dlouhodobé operace řízení likvidity - příjmy (+)"
"051";"000300";"8228";"";"031";"10000101";"99991231";"Aktivní dlouhodobé operace řízení likvidity - výdaje (-)"
"051";"000300";"8901";"";"033";"10000101";"99991231";"Operace z peněžních účtů organizace nemající charakter příjmů a výdajů vládního sektoru (+/-)"
"051";"000300";"8902";"";"034";"20120101";"99991231";"Nerealizované kursové rozdíly pohybů na devizových účtech"
"051";"000300";"8902";"";"034";"10000101";"20111231";"Nerealizované kurzové rozdíly (+/-)"
"051";"000300";"8905";"";"035";"20120101";"99991231";"Nepřevedené částky vyrovnávající schodek"
"051";"000400";"4010";"";"001";"10000101";"99991231";"Třída 1 - Daňové příjmy"
"051";"000400";"4020";"";"002";"10000101";"99991231";"Třída 2 - Nedaňové příjmy"
"051";"000400";"4030";"";"003";"10000101";"99991231";"Třída 3 - Kapitálové příjmy"
"051";"000400";"4040";"";"004";"10000101";"99991231";"Třída 4 - Přijaté transfery"
"051";"000400";"4050";"";"005";"10000101";"99991231";"Příjmy celkem"
"051";"000400";"4060";"";"006";"10000101";"99991231";"Konsolidace příjmů"
"051";"000400";"4061";"";"007";"20220101";"99991231";"v tom položky : 2223 - Příjem z finančního vypořádání mezi kraji, obcemi a DSO"
"051";"000400";"4061";"";"007";"10000101";"20211231";"v tom položky : 2223 - Příjmy z finančního vypořádání minulých let mezi krajem a obcemi"
"051";"000400";"4062";"";"008";"10000101";"20211231";"2226 - Příjmy z finančního vypořádání minulých let mezi obcemi"
"051";"000400";"4062";"";"008";"20220101";"99991231";"2226 - Příjem z finančního vypořádání mezi obcemi a DSO"
"051";"000400";"4063";"";"009";"20220101";"99991231";"2227 - Příjmy z finančního vypořádání minulých let mezi regi"
"051";"000400";"4063";"";"009";"10000101";"20211231";"2227 - Příjmy z finančního vypořádání minulých let mezi regionální radou a kraji, obcemi DSO"
"051";"000400";"4070";"";"010";"10000101";"99991231";"2441 - Splátky půjčených prostředků od obcí"
"051";"000400";"4080";"";"011";"10000101";"99991231";"2442 - Splátky půjčených prostředků od krajů"
"051";"000400";"4081";"";"012";"20220101";"99991231";"2443 - Splátky půjčených prostředků od regionálních rad"
"051";"000400";"4081";"";"012";"10000101";"20211231";"2443 - Splátky půjčených prostředků od regionálních rad"
"051";"000400";"4090";"";"013";"20220101";"99991231";"2449 - Ostatní splátky půjčených prostředků od rozpočtů územní úrovně"
"051";"000400";"4090";"";"013";"10000101";"20211231";"2449 - Ostatní splátky půjčených prostředků od veřejných rozpočtů územní úrovně"
"051";"000400";"4100";"";"014";"10000101";"99991231";"4121 - Neinvestiční přijaté transfery od obcí"
"051";"000400";"4110";"";"015";"10000101";"99991231";"4122 - Neinvestiční přijaté transfery od krajů"
"051";"000400";"4111";"";"016";"20220101";"99991231";"4123 - Neinvestiční přijaté transfery od regionálních rad"
"051";"000400";"4111";"";"016";"10000101";"20211231";"4123 - Neinvestiční přijaté transfery od regionálních rad"
"051";"000400";"4120";"";"017";"10000101";"99991231";"4129 - Ostatní neinvestiční přijaté transfery od rozpočtů územní úrovně"
"051";"000400";"4130";"";"018";"10000101";"20211231";"4133 - Převody z vlastních rezervních fondů"
"051";"000400";"4130";"";"018";"20220101";"99991231";"4133 - Převody z vlastních rezervních fondů jiných než OSS"
"051";"000400";"4140";"";"019";"10000101";"99991231";"4134 - Převody z rozpočtových účtů"
"051";"000400";"4145";"";"020";"20200101";"20211231";"4137 - Neinvestiční převody mezi statutárními městy (hl. m. Prahou) a jejich městskými obvody nebo částmi - příjmy"
"051";"000400";"4145";"";"020";"20150101";"20191231";"4137 - Převody mezi statutárními městy (hl. m. Prahou) a jejich městskými obvody nebo částmi - příjmy"
"051";"000400";"4145";"";"020";"20220101";"99991231";"4137 - Neinvestiční převody mezi statutárními městy včetně hl. m. Prahy a jejich městskými obvody nebo částmi"
"051";"000400";"4146";"";"021";"20160101";"99991231";"4138 - Převody z vlastní pokladny"
"051";"000400";"4150";"";"022";"10000101";"99991231";"4139 - Ostatní převody z vlastních fondů"
"051";"000400";"4170";"";"023";"10000101";"99991231";"4221 - Investiční přijaté transfery od obcí"
"051";"000400";"4180";"";"024";"10000101";"99991231";"4222 - Investiční přijaté transfery od krajů"
"051";"000400";"4181";"";"025";"10000101";"20211231";"4223 - Investiční přijaté transfery od regionálních rad"
"051";"000400";"4181";"";"025";"20220101";"99991231";"4223 - Investiční přijaté transfery od regionálních rad"
"051";"000400";"4182";"";"026";"20200101";"20211231";"4251 - Investiční převody mezi statutárními městy (hl. m. Prahou) a jejich městskými obvody nebo částmi - příjmy"
"051";"000400";"4182";"";"026";"20220101";"99991231";"4251 - Investiční převody mezi statutárními městy včetně hl. m. Prahy a jejich městskými obvody nebo částmi"
"051";"000400";"4190";"";"027";"10000101";"99991231";"4229 - Ostatní investiční přijaté transfery od rozpočtů územní úrovně"
"051";"000400";"4191";"";"028";"20220101";"99991231";"ZJ 024 - Transfery přijaté obcí od obce v jiném okresu téhož kraje"
"051";"000400";"4191";"";"028";"10000101";"20211231";"ZJ 024 - Transfery přijaté z území jiného okresu"
"051";"000400";"4192";"";"029";"10000101";"20211231";"ZJ 025 - Splátky půjčených prostředků přijatých z území jiného okresu"
"051";"000400";"4192";"";"029";"20220101";"99991231";"ZJ 025 - Splátky půjčených prostředků přijatých obcí od obce v jiném okresu téhož kraje"
"051";"000400";"4193";"";"030";"10000101";"20211231";"ZJ 028 - Transfery přijaté z území jiného kraje"
"051";"000400";"4193";"";"030";"20220101";"99991231";"ZJ 028 - Transfery přijaté obcí nebo krajem z území jiného kraje"
"051";"000400";"4194";"";"031";"10000101";"20211231";"ZJ 029 - Splátky půjčených prostředků přijaté z území jiného kraje"
"051";"000400";"4194";"";"031";"20220101";"99991231";"ZJ 029 - Splátky půjčených prostředků přijaté obcí nebo krajem z území jiného kraje"
"051";"000400";"4200";"";"032";"10000101";"99991231";"Příjmy celkem po konsolidaci"
"051";"000400";"4210";"";"033";"10000101";"99991231";"Třída 5 - Běžné výdaje"
"051";"000400";"4220";"";"034";"10000101";"99991231";"Třída 6 - Kapitálové výdaje"
"051";"000400";"4240";"";"035";"10000101";"99991231";"Výdaje celkem"
"051";"000400";"4250";"";"036";"10000101";"99991231";"Konsolidace výdajů"
"051";"000400";"4260";"";"037";"10000101";"99991231";"v tom položky : 5321 - Neinvestiční transfery obcím"
"051";"000400";"4270";"";"038";"10000101";"99991231";"5323 - Neinvestiční transfery krajům"
"051";"000400";"4271";"";"039";"10000101";"20211231";"5325 - Neinvestiční transfery regionálním radám"
"051";"000400";"4271";"";"039";"20220101";"99991231";"5325 - Neinvestiční transfery regionálním radám"
"051";"000400";"4280";"";"040";"10000101";"20211231";"5329 - Ostatní neinvestiční transfery veřejným rozpočtům územní úrovně"
"051";"000400";"4280";"";"040";"20220101";"99991231";"5329 - Ostatní neinvestiční transfery rozpočtům územní úrovně"
"051";"000400";"4281";"";"041";"10000101";"99991231";"5342 - Převody FKSP a sociálnímu fondu obcí a krajů"
"051";"000400";"4290";"";"042";"10000101";"99991231";"5344 - Převody vlastním rezervním fondům územních rozpočtů"
"051";"000400";"4300";"";"043";"10000101";"99991231";"5345 - Převody vlastním rozpočtovým účtům"
"051";"000400";"4305";"";"044";"20220101";"99991231";"5347 - Neinvestiční převody mezi statutárními městy včetně hl. m. Prahy a jejich městskými obvody nebo částmi – výdaje"
"051";"000400";"4305";"";"044";"20150101";"20191231";"5347 - Převody mezi statutárními městy (hl. m. Prahou) a jejich městskými obvody nebo částmi - výdaje"
"051";"000400";"4305";"";"044";"20200101";"20211231";"5347 - Neinvestiční převody mezi statutárními městy (hl. m. Prahou) a jejich městskými obvody nebo částmi - výdaje"
"051";"000400";"4306";"";"045";"20160101";"99991231";"5348 - Převody do vlastní pokladny"
"051";"000400";"4310";"";"046";"10000101";"99991231";"5349 - Ostatní převody vlastním fondům"
"051";"000400";"4321";"";"047";"10000101";"20211231";"5366 - Výdaje z finančního vypořádání minulých let mezi krajem a obcemi"
"051";"000400";"4321";"";"047";"20220101";"99991231";"5366 - Výdaje z finančního vypořádání mezi krajem a obcemi"
"051";"000400";"4322";"";"048";"20220101";"99991231";"5367 - Výdaje z finančního vypořádání mezi obcemi"
"051";"000400";"4322";"";"048";"10000101";"20211231";"5367 - Výdaje z finančního vypořádání minulých let mezi obcemi"
"051";"000400";"4323";"";"049";"10000101";"20211231";"5368 - Výdaje z finančního vypořádání minulých let mezi regionální radou a kraji, obcemi a DSO"
"051";"000400";"4323";"";"049";"20220101";"99991231";"5368 - Výdaje z finančního vypořádání minulých let mezi regi"
"051";"000400";"4330";"";"050";"10000101";"99991231";"5641 - Neinvestiční půjčené prostředky obcím"
"051";"000400";"4340";"";"051";"10000101";"99991231";"5642 - Neinvestiční půjčené prostředky krajům"
"051";"000400";"4341";"";"052";"20220101";"99991231";"5643 - Neinvestiční půjčené prostředky regionálním radám"
"051";"000400";"4341";"";"052";"10000101";"20211231";"5643 - Neinvestiční půjčené prostředky regionálním radám"
"051";"000400";"4350";"";"053";"20220101";"99991231";"5649 - Ostatní neinvestiční půjčené prostředky rozpočtům územní úrovně"
"051";"000400";"4350";"";"053";"10000101";"20211231";"5649 - Ostatní neinvestiční půjčené prostředky veřejným rozpočtům územní úrovně"
"051";"000400";"4360";"";"054";"10000101";"99991231";"6341 - Investiční transfery obcím"
"051";"000400";"4370";"";"055";"10000101";"99991231";"6342 - Investiční transfery krajům"
"051";"000400";"4371";"";"056";"20220101";"99991231";"6345 - Investiční transfery regionálním radám"
"051";"000400";"4371";"";"056";"10000101";"20211231";"6345 - Investiční transfery regionálním radám"
"051";"000400";"4380";"";"057";"20220101";"99991231";"6349 - Ostatní investiční transfery rozpočtům územní úrovně"
"051";"000400";"4380";"";"057";"10000101";"20211231";"6349 - Ostatní investiční transfery veřejným rozpočtům územní úrovně"
"051";"000400";"4381";"";"058";"20200101";"20211231";"6363 - Investiční převody mezi statutárními městy (hl. m. Prahou) a jejich městskými obvody nebo částmi - výdaje"
"051";"000400";"4381";"";"058";"20220101";"99991231";"6363 - Investiční převody mezi statutárními městy včetně hl. m. Prahy a jejich městskými obvody nebo částmi – výdaje"
"051";"000400";"4400";"";"059";"10000101";"99991231";"6441 - Investiční půjčené prostředky obcím"
"051";"000400";"4410";"";"060";"10000101";"99991231";"6442 - Investiční půjčené prostředky krajům"
"051";"000400";"4411";"";"061";"20220101";"99991231";"6443 - Investiční půjčené prostředky regionálním radám"
"051";"000400";"4411";"";"061";"10000101";"20211231";"6443 - Investiční půjčené prostředky regionálním radám"
"051";"000400";"4420";"";"062";"20220101";"99991231";"6449 - Ostatní investiční půjčené prostředky rozpočtům místní úrovně"
"051";"000400";"4420";"";"062";"10000101";"20211231";"6449 - Ostatní investiční půjčené prostředky veřejným rozpočtům územní úrovně"
"051";"000400";"4421";"";"063";"10000101";"20211231";"ZJ 026 - Transfery poskytnuté na území jiného okresu"
"051";"000400";"4421";"";"063";"20220101";"99991231";"ZJ 026 - Transfery poskytnuté obcí obci v jiném okresu téhož kraje"
"051";"000400";"4422";"";"064";"10000101";"20211231";"ZJ 027 - Půjčené prostředky poskytnuté na území jiného okresu"
"051";"000400";"4422";"";"064";"20220101";"99991231";"ZJ 027 - Půjčené prostředky poskytnuté obcí obci v jiném okresu téhož kraje"
"051";"000400";"4423";"";"065";"20220101";"99991231";"ZJ 035 - Transfery poskytnuté obcí nebo krajem na území jiného kraje"
"051";"000400";"4423";"";"065";"10000101";"20211231";"ZJ 035 - Transfery poskytnuté na území jiného kraje"
"051";"000400";"4424";"";"066";"20220101";"99991231";"ZJ 036 - Půjčené prostředky poskytnuté obcí nebo krajem na území jiného kraje"
"051";"000400";"4424";"";"066";"10000101";"20211231";"ZJ 036 - Půjčené prostředky poskytnuté na území jiného kraje"
"051";"000400";"4430";"";"067";"10000101";"99991231";"Výdaje celkem po konsolidaci"
"051";"000400";"4440";"";"068";"10000101";"99991231";"Saldo příjmů a výdajů po konsolidaci"
"051";"000400";"4450";"";"069";"10000101";"99991231";"Třída 8 - Financování"
"051";"000400";"4460";"";"070";"10000101";"99991231";"Konsolidace financování"
"051";"000400";"4470";"";"071";"10000101";"99991231";"Financování celkem po konsolidaci"
"051";"000600";"6010";"";"001";"20100101";"99991231";"Základní běžný účet ÚSC"
"051";"000600";"6010";"";"001";"10000101";"20091231";"Základní běžný účet"
"051";"000600";"6020";"";"002";"10000101";"20091231";"Vkladový výdajový účet"
"051";"000600";"6020";"";"002";"20100101";"99991231";"Běžné účty fondů ÚSC"
"051";"000600";"6030";"";"003";"20100101";"99991231";"Běžné účty celkem"
"051";"000600";"6030";"";"003";"10000101";"20091231";"Běžné účty peněžních fondů"
"051";"000600";"6040";"";"004";"10000101";"20091231";"Běžné účty celkem"
"051";"000600";"6040";"";"004";"20100101";"20151231";"Termínované vklady dlouhodobé"
"051";"000600";"6040";"";"004";"20160101";"99991231";"Pokladna"
"051";"000600";"6050";"";"005";"10000101";"20091231";"Bankovní účty k limitům OSS"
"051";"000600";"6050";"";"005";"20100101";"20151231";"Termínované vklady krátkodobé"
"051";"000600";"6060";"";"006";"10000101";"20091231";"Příjmový účet"
"051";"000600";"6060";"";"006";"20100101";"20111231";"Zvláštní výdajový účet"
"051";"000700";"7090";"";"001";"10000101";"99991231";"ZJ 024 - Transfery přijaté z území jiného okresu"
"051";"000700";"7092";"";"002";"10000101";"99991231";"v tom položky : 2226 - Příjmy z finančního vypořádání minulých let mezi obcemi"
"051";"000700";"7100";"";"003";"10000101";"99991231";"4121 - Neinvestiční přijaté transfery od obcí"
"051";"000700";"7110";"";"004";"10000101";"99991231";"4129 - Ostatní neinvestiční přijaté transfery od rozpočtů územní úrovně"
"051";"000700";"7120";"";"005";"10000101";"99991231";"4221 - Investiční přijaté transfery od obcí"
"051";"000700";"7130";"";"006";"10000101";"99991231";"4229 - Ostatní investiční přijaté transfery od rozpočtů územní úrovně"
"051";"000700";"7140";"";"007";"10000101";"99991231";"ZJ 025 - Splátky půjčených prostředků přijatých z území jiného okresu"
"051";"000700";"7150";"";"008";"10000101";"99991231";"v tom položky : 2441 - Splátky půjčených prostředků od obcí"
"051";"000700";"7160";"";"009";"10000101";"99991231";"2449 - Ostatní splátky půjčených prostředků od veřejných rozpočtů územní úrovně"
"051";"000700";"7170";"";"010";"10000101";"99991231";"ZJ 026 - Transfery poskytnuté na území jiného okresu"
"051";"000700";"7180";"";"011";"10000101";"99991231";"v tom položky : 5321 - Neinvestiční transfery obcím"
"051";"000700";"7190";"";"012";"10000101";"99991231";"5329 - Ostatní neinvestiční transfery veřejným rozpočtům územní úrovně"
"051";"000700";"7192";"";"013";"10000101";"99991231";"5367 - Výdaje z finančního vypořádání minulých let mezi obcemi"
"051";"000700";"7200";"";"014";"10000101";"99991231";"6341 - Investiční transfery obcím"
"051";"000700";"7210";"";"015";"10000101";"99991231";"6349 - Ostatní investiční transfery veřejným rozpočtům územní úrovně"
"051";"000700";"7220";"";"016";"10000101";"99991231";"ZJ 027 - Půjčené prostředky poskytnuté na území jiného okresu"
"051";"000700";"7230";"";"017";"10000101";"99991231";"v tom položky : 5641 - Neinvestiční půjčené prostředky obcím"
"051";"000700";"7240";"";"018";"10000101";"99991231";"5649 - Ostatní neinvestiční půjčené prostředky veřejným rozpočtům územní úrovně"
"051";"000700";"7250";"";"019";"10000101";"99991231";"6441 - Investiční půjčené prostředky obcím"
"051";"000700";"7260";"";"020";"10000101";"99991231";"6449 - Ostatní investiční půjčené prostředky veřejným rozpočtům územní úrovně"
"051";"000700";"7270";"";"021";"10000101";"99991231";"ZP 031 - Poskytnuté přímé půjčky v rámci aktivních operací řízení likvidity"
"051";"000700";"7280";"";"022";"10000101";"99991231";"ZP 032 - Přijaté splátky přímých půjček v rámci aktivních operací řízení likvidity"
"051";"000700";"7290";"";"023";"10000101";"99991231";"ZJ 028 - Transfery přijaté z území jiného kraje"
"051";"000700";"7291";"";"024";"10000101";"99991231";"v tom položky: 2223 - Příjmy z finančního vypořádání minulých let mezi krajem a obcemi"
"051";"000700";"7292";"";"025";"10000101";"99991231";"2226 - Příjmy z finančního vypořádání minulých let mezi obcemi"
"051";"000700";"7300";"";"026";"10000101";"99991231";"4121 - Neinvestiční přijaté transfery od obcí"
"051";"000700";"7310";"";"027";"10000101";"99991231";"4122 - Neinvestiční přijaté transfery od krajů"
"051";"000700";"7320";"";"028";"10000101";"99991231";"4129 - Ostatní neinvestiční přijaté transfery od rozpočtů územní úrovně"
"051";"000700";"7330";"";"029";"10000101";"99991231";"4221 - Investiční přijaté transfery od obcí"
"051";"000700";"7340";"";"030";"10000101";"99991231";"4222 - Investiční přijaté transfery od krajů"
"051";"000700";"7350";"";"031";"10000101";"99991231";"4229 - Ostatní investiční přijaté transfery od rozpočtů územní úrovně"
"051";"000700";"7360";"";"032";"10000101";"99991231";"ZJ 029 - Splátky půjčených prostředků přijatých z území jiného kraje"
"051";"000700";"7370";"";"033";"10000101";"99991231";"v tom položky : 2441 - Splátky půjčených prostředků od obcí"
"051";"000700";"7380";"";"034";"10000101";"99991231";"2442 - Splátky půjčených prostředků od krajů"
"051";"000700";"7390";"";"035";"10000101";"99991231";"2449 - Ostatní splátky půjčených prostředků od veřejných rozpočtů územní úrovně"
"051";"000700";"7400";"";"036";"10000101";"99991231";"ZJ 035 - Transfery poskytnuté na území jiného kraje"
"051";"000700";"7410";"";"037";"10000101";"99991231";"v tom položky : 5321 - Neinvestiční transfery obcím"
"051";"000700";"7420";"";"038";"10000101";"99991231";"5323 - Neinvestiční transfery krajům"
"051";"000700";"7430";"";"039";"10000101";"99991231";"5329 - Ostatní neinvestiční transfery veřejným rozpočtům územní úrovně"
"051";"000700";"7431";"";"040";"10000101";"99991231";"5366 - Výdaje z finančního vypořádání minulých let mezi krajem a obcemi"
"051";"000700";"7432";"";"041";"10000101";"99991231";"5367 - Výdaje z finančního vypořádání minulých let mezi obcemi"
"051";"000700";"7440";"";"042";"10000101";"99991231";"6341 - Investiční transfery obcím"
"051";"000700";"7450";"";"043";"10000101";"99991231";"6342 - Investiční transfery krajům"
"051";"000700";"7460";"";"044";"10000101";"99991231";"6349 - Ostatní investiční transfery veřejným rozpočtům územní úrovně"
"051";"000700";"7470";"";"045";"10000101";"99991231";"ZJ 036 - Půjčky poskytnutné na území jiného kraje"
"051";"000700";"7480";"";"046";"10000101";"99991231";"v tom položky : 5641 - Neinvestiční půjčené prostředky obcím"
"051";"000700";"7490";"";"047";"10000101";"99991231";"5642 - Neinvestiční půjčené prostředky krajům"
"051";"000700";"7500";"";"048";"10000101";"99991231";"5649 - Ostatní neinvestiční půjčené prostředky veřejným rozpočtům územní úrovně"
"051";"000700";"7510";"";"049";"10000101";"99991231";"6441 - Investiční půjčené prostředky obcím"
"051";"000700";"7520";"";"050";"10000101";"99991231";"6442 - Investiční půjčené prostředky krajům"
"051";"000700";"7530";"";"051";"10000101";"99991231";"6449 - Ostatní investiční půjčené prostředky veřejným rozpočtům územní úrovně"
"051";"000800";"8010";"";"001";"10000101";"99991231";"není text"
"051";"000800";"8020";"";"002";"10000101";"99991231";"není text"
"051";"000800";"8030";"";"003";"10000101";"99991231";"není text"
"051";"000800";"8040";"";"004";"10000101";"99991231";"není text"
"051";"000800";"8050";"";"005";"10000101";"99991231";"není text"
"052";"000300";"3010";"";"001";"10000101";"99991231";"Příjmy celkem"
"052";"000300";"3011";"";"002";"10000101";"99991231";"Třída 1 - Daňové příjmy"
"052";"000300";"3012";"";"003";"10000101";"99991231";"Třída 2 - Nedaňové příjmy"
"052";"000300";"3013";"";"004";"10000101";"99991231";"Třída 3 - Kapitálové příjmy"
"052";"000300";"3014";"";"005";"10000101";"99991231";"Třída 4 - Přijaté transfery"
"052";"000300";"3020";"";"006";"10000101";"99991231";"Konsolidace příjmů"
"052";"000300";"3021";"";"007";"10000101";"99991231";"4133 - Převody z vlastních rezervních fondů (jiných než OSS)"
"052";"000300";"3022";"";"008";"10000101";"99991231";"4134 - Převody z rozpočtových účtů"
"052";"000300";"3023";"";"009";"10000101";"99991231";"4135 - Převody z rezervních fondů OSS"
"052";"000300";"3024";"";"010";"10000101";"99991231";"4136 - Převody z jiných fondů OSS"
"052";"000300";"3025";"";"011";"10000101";"99991231";"4139 - Ostatní převody z vlastních fondů"
"052";"000300";"3050";"";"012";"10000101";"99991231";"Příjmy celkem po konsolidaci"
"052";"000300";"3060";"";"013";"10000101";"99991231";"Výdaje celkem"
"052";"000300";"3061";"";"014";"10000101";"99991231";"Třída 5 - Běžné výdaje"
"052";"000300";"3062";"";"015";"10000101";"99991231";"Třída 6 - Kapitálové výdaje"
"052";"000300";"3070";"";"016";"10000101";"99991231";"Konsolidace výdajů"
"052";"000300";"3072";"";"017";"10000101";"99991231";"5345 - Převody vlastním rozpočtovým účtům"
"052";"000300";"3073";"";"018";"10000101";"99991231";"5346 - Převody do fondů OSS"
"052";"000300";"3074";"";"019";"10000101";"99991231";"5349 - Ostatní převody vlastním fondům"
"052";"000300";"3075";"";"020";"10000101";"99991231";"6361 - Investiční převody do rezervního fondu"
"052";"000300";"3090";"";"021";"10000101";"99991231";"Výdaje celkem po konsolidaci"
"052";"000300";"3100";"";"022";"10000101";"99991231";"Saldo příjmů a výdajů po konsolidaci"
"052";"000300";"3200";"";"023";"10000101";"99991231";"Třída 8 - Financování"
"052";"000300";"3300";"";"024";"10000101";"99991231";"Saldo příjmů a výdajů před konsolidací"
"052";"000400";"4001";"";"001";"10000101";"99991231";"Rezervní fond"
"052";"000400";"4002";"";"002";"10000101";"99991231";"Ostatní bankovní účty"
"052";"000400";"4010";"";"003";"10000101";"99991231";"Vkladové účty celkem"
"052";"000400";"4020";"";"004";"10000101";"99991231";"Výdajové účty organizačních složek státu"
"052";"000400";"4030";"";"005";"10000101";"99991231";"Příjmový účet"
"052";"000400";"4040";"";"006";"10000101";"99991231";"Bankovní účty státního fondu celkem"
"052";"000501";"2111";"";"000";"20000101";"20131231";"Příjmy z poskytování služeb a výrobků"
"052";"000501";"2111";"";"000";"20140101";"99991231";"Příjmy z poskytování služeb a výrobků"
"052";"000501";"2119";"";"006";"10000101";"99991231";"není text"
"052";"000501";"2221";"";"000";"20140101";"99991231";"Přijaté vratky transferů od jiných veřejných rozpočtů"
"052";"000501";"2221";"";"000";"20000101";"20131231";"Přijaté vratky transferů od jiných veřejných rozpočtů"
"052";"000501";"2310";"";"007";"10000101";"99991231";"není text"
"052";"000501";"2321";"";"008";"10000101";"99991231";"není text"
"052";"000501";"2324";"";"009";"10000101";"99991231";"není text"
"052";"000501";"2328";"";"000";"20140101";"99991231";"Neidentifikované příjmy"
"052";"000501";"2328";"";"000";"20000101";"20131231";"Neidentifikované příjmy"
"052";"000501";"2329";"";"010";"10000101";"99991231";"není text"
"052";"000501";"3111";"";"011";"10000101";"99991231";"není text"
"052";"000501";"3112";"";"012";"10000101";"99991231";"není text"
"052";"000501";"3113";"";"013";"10000101";"99991231";"není text"
"052";"000501";"3119";"";"000";"20000101";"20131231";"Ostatní příjmy z prodeje dlouhodobého majetku"
"052";"000501";"3119";"";"000";"20140101";"99991231";"Ostatní příjmy z prodeje dlouhodobého majetku"
"052";"000501";"3121";"";"014";"10000101";"99991231";"není text"
"052";"000501";"3122";"";"000";"20000101";"20131231";"Přijaté příspěvky na pořízení dlouhodobého majetku"
"052";"000501";"3122";"";"000";"20140101";"99991231";"Přijaté příspěvky na pořízení dlouhodobého majetku"
"052";"000501";"4111";"";"015";"10000101";"99991231";"není text"
"052";"000501";"4118";"";"000";"20140101";"99991231";"Neinvestiční převody z Národního fondu"
"052";"000501";"4118";"";"000";"20000101";"20131231";"Neinvestiční převody z Národního fondu"
"052";"000501";"4121";"";"016";"10000101";"99991231";"není text"
"052";"000501";"4122";"";"017";"10000101";"99991231";"není text"
"052";"000501";"4129";"";"018";"10000101";"99991231";"není text"
"052";"000501";"4132";"";"019";"10000101";"99991231";"není text"
"052";"000501";"4134";"";"020";"10000101";"99991231";"není text"
"052";"000501";"4151";"";"021";"10000101";"99991231";"není text"
"052";"000501";"4152";"";"022";"10000101";"99991231";"není text"
"052";"000501";"4153";"";"023";"10000101";"99991231";"není text"
"052";"000501";"4159";"";"024";"10000101";"99991231";"není text"
"052";"000501";"4221";"";"000";"20140101";"99991231";"Investiční přijaté transfery od obcí"
"052";"000501";"4221";"";"000";"20000101";"20131231";"Investiční přijaté transfery od obcí"
"052";"000501";"4222";"";"025";"10000101";"99991231";"není text"
"052";"000501";"4229";"";"000";"10000101";"18991231";""
"052";"000501";"4229";"";"000";"19000101";"99991231";"Ostatní investiční přijaté transfery od rozpočtů územní úrov"
"052";"000501";"4231";"";"026";"10000101";"99991231";"není text"
"052";"000501";"4232";"";"027";"10000101";"99991231";"není text"
"052";"000501";"4233";"";"028";"10000101";"99991231";"není text"
"052";"000501";"5010";"";"001";"10000101";"99991231";"Počáteční zůstatek"
"052";"000501";"5020";"";"002";"10000101";"99991231";"Příjmy celkem"
"052";"000501";"5040";"";"003";"10000101";"99991231";"Výdaje celkem"
"052";"000501";"5060";"";"004";"10000101";"99991231";"Konečný zůstatek"
"052";"000501";"5070";"";"005";"10000101";"99991231";"Financování"
"052";"000501";"5173";"";"000";"20140101";"99991231";"Cestovné (tuzemské i zahraniční)"
"052";"000501";"5173";"";"000";"20000101";"20131231";"Cestovné (tuzemské i zahraniční)"
"052";"000501";"5192";"";"000";"20140101";"99991231";"Poskytnuté neinvestiční příspěvky a náhrady (část)"
"052";"000501";"5192";"";"000";"20000101";"20131231";"Poskytnuté neinvestiční příspěvky a náhrady (část)"
"052";"000501";"5199";"";"000";"20140101";"99991231";"Ostatní výdaje související s neinvestičními nákupy"
"052";"000501";"5199";"";"000";"20000101";"20131231";"Ostatní výdaje související s neinvestičními nákupy"
"052";"000501";"5222";"";"000";"20140101";"99991231";"Neinvestiční transfery občanským sdružením"
"052";"000501";"5222";"";"000";"20000101";"20131231";"Neinvestiční transfery občanským sdružením"
"052";"000501";"5311";"";"029";"10000101";"99991231";"není text"
"052";"000501";"5318";"";"000";"20140101";"99991231";"Neinvestiční transfery prostředků do státních finančních aktiv"
"052";"000501";"5318";"";"000";"20000101";"20131231";"Neinvestiční transfery prostředků do státních finančních aktiv"
"052";"000501";"5319";"";"030";"10000101";"99991231";"není text"
"052";"000501";"5321";"";"000";"20140101";"99991231";"Neinvestiční transfery obcím"
"052";"000501";"5321";"";"000";"20000101";"20131231";"Neinvestiční transfery obcím"
"052";"000501";"5342";"";"000";"20140101";"99991231";"Převody fondu kulturních a sociálních potřeb a sociálnímu fondu obcí a krajů"
"052";"000501";"5342";"";"000";"20000101";"20131231";"Převody fondu kulturních a sociálních potřeb a sociálnímu fondu obcí a krajů"
"052";"000501";"5343";"";"031";"10000101";"99991231";"není text"
"052";"000501";"5345";"";"032";"10000101";"99991231";"není text"
"052";"000501";"5349";"";"033";"10000101";"99991231";"není text"
"052";"000501";"5363";"";"034";"10000101";"99991231";"není text"
"052";"000501";"5364";"";"035";"10000101";"99991231";"není text"
"052";"000501";"5512";"";"036";"10000101";"99991231";"není text"
"052";"000501";"5532";"";"000";"20140101";"99991231";"Ostatní neinvestiční transfery do zahraničí"
"052";"000501";"5532";"";"000";"20000101";"20131231";"Ostatní neinvestiční transfery do zahraničí"
"052";"000501";"5909";"";"037";"10000101";"99991231";"není text"
"052";"000501";"6331";"";"038";"10000101";"99991231";"není text"
"052";"000501";"6341";"";"000";"20140101";"99991231";"Investiční transfery obcím"
"052";"000501";"6341";"";"000";"20000101";"20131231";"Investiční transfery obcím"
"052";"000501";"6909";"";"000";"20140101";"99991231";"Ostatní kapitálové výdaje jinde nezařazené"
"052";"000501";"6909";"";"000";"20000101";"20131231";"Ostatní kapitálové výdaje jinde nezařazené"
"052";"000502";"2111";"";"000";"20140101";"99991231";"Příjmy z poskytování služeb a výrobků"
"052";"000502";"2111";"";"000";"20000101";"20131231";"Příjmy z poskytování služeb a výrobků"
"052";"000502";"2119";"";"006";"10000101";"99991231";"není text"
"052";"000502";"2221";"";"000";"20140101";"99991231";"Přijaté vratky transferů od jiných veřejných rozpočtů"
"052";"000502";"2221";"";"000";"20000101";"20131231";"Přijaté vratky transferů od jiných veřejných rozpočtů"
"052";"000502";"2310";"";"007";"10000101";"99991231";"není text"
"052";"000502";"2321";"";"008";"10000101";"99991231";"není text"
"052";"000502";"2324";"";"009";"10000101";"99991231";"není text"
"052";"000502";"2328";"";"000";"20140101";"99991231";"Neidentifikované příjmy"
"052";"000502";"2328";"";"000";"20000101";"20131231";"Neidentifikované příjmy"
"052";"000502";"2329";"";"010";"10000101";"99991231";"není text"
"052";"000502";"3111";"";"011";"10000101";"99991231";"není text"
"052";"000502";"3112";"";"012";"10000101";"99991231";"není text"
"052";"000502";"3113";"";"013";"10000101";"99991231";"není text"
"052";"000502";"3119";"";"000";"20140101";"99991231";"Ostatní příjmy z prodeje dlouhodobého majetku"
"052";"000502";"3119";"";"000";"20000101";"20131231";"Ostatní příjmy z prodeje dlouhodobého majetku"
"052";"000502";"3121";"";"014";"10000101";"99991231";"není text"
"052";"000502";"3122";"";"000";"20140101";"99991231";"Přijaté příspěvky na pořízení dlouhodobého majetku"
"052";"000502";"3122";"";"000";"20000101";"20131231";"Přijaté příspěvky na pořízení dlouhodobého majetku"
"052";"000502";"4111";"";"015";"10000101";"99991231";"není text"
"052";"000502";"4118";"";"000";"20140101";"99991231";"Neinvestiční převody z Národního fondu"
"052";"000502";"4118";"";"000";"20000101";"20131231";"Neinvestiční převody z Národního fondu"
"052";"000502";"4121";"";"016";"10000101";"99991231";"není text"
"052";"000502";"4122";"";"017";"10000101";"99991231";"není text"
"052";"000502";"4129";"";"018";"10000101";"99991231";"není text"
"052";"000502";"4132";"";"019";"10000101";"99991231";"není text"
"052";"000502";"4134";"";"020";"10000101";"99991231";"není text"
"052";"000502";"4151";"";"021";"10000101";"99991231";"není text"
"052";"000502";"4152";"";"022";"10000101";"99991231";"není text"
"052";"000502";"4153";"";"023";"10000101";"99991231";"není text"
"052";"000502";"4159";"";"024";"10000101";"99991231";"není text"
"052";"000502";"4221";"";"000";"20140101";"99991231";"Investiční přijaté transfery od obcí"
"052";"000502";"4221";"";"000";"20000101";"20131231";"Investiční přijaté transfery od obcí"
"052";"000502";"4222";"";"025";"10000101";"99991231";"není text"
"052";"000502";"4231";"";"026";"10000101";"99991231";"není text"
"052";"000502";"4232";"";"027";"10000101";"99991231";"není text"
"052";"000502";"4233";"";"028";"10000101";"99991231";"není text"
"052";"000502";"5010";"";"001";"10000101";"99991231";"Počáteční zůstatek"
"052";"000502";"5020";"";"002";"10000101";"99991231";"Příjmy celkem"
"052";"000502";"5040";"";"003";"10000101";"99991231";"Výdaje celkem"
"052";"000502";"5060";"";"004";"10000101";"99991231";"Konečný zůstatek"
"052";"000502";"5070";"";"005";"10000101";"99991231";"Financování"
"052";"000502";"5173";"";"000";"20000101";"20131231";"Cestovné (tuzemské i zahraniční)"
"052";"000502";"5173";"";"000";"20140101";"99991231";"Cestovné (tuzemské i zahraniční)"
"052";"000502";"5192";"";"000";"20000101";"20131231";"Poskytnuté neinvestiční příspěvky a náhrady (část)"
"052";"000502";"5192";"";"000";"20140101";"99991231";"Poskytnuté neinvestiční příspěvky a náhrady (část)"
"052";"000502";"5199";"";"000";"20000101";"20131231";"Ostatní výdaje související s neinvestičními nákupy"
"052";"000502";"5199";"";"000";"20140101";"99991231";"Ostatní výdaje související s neinvestičními nákupy"
"052";"000502";"5222";"";"000";"20000101";"20131231";"Neinvestiční transfery občanským sdružením"
"052";"000502";"5222";"";"000";"20140101";"99991231";"Neinvestiční transfery občanským sdružením"
"052";"000502";"5311";"";"029";"10000101";"99991231";"není text"
"052";"000502";"5318";"";"000";"20000101";"20131231";"Neinvestiční transfery prostředků do státních finančních aktiv"
"052";"000502";"5318";"";"000";"20140101";"99991231";"Neinvestiční transfery prostředků do státních finančních aktiv"
"052";"000502";"5319";"";"030";"10000101";"99991231";"není text"
"052";"000502";"5321";"";"000";"20000101";"20131231";"Neinvestiční transfery obcím"
"052";"000502";"5321";"";"000";"20140101";"99991231";"Neinvestiční transfery obcím"
"052";"000502";"5342";"";"000";"20000101";"20131231";"Převody fondu kulturních a sociálních potřeb a sociálnímu fondu obcí a krajů"
"052";"000502";"5342";"";"000";"20140101";"99991231";"Převody fondu kulturních a sociálních potřeb a sociálnímu fondu obcí a krajů"
"052";"000502";"5343";"";"031";"10000101";"99991231";"není text"
"052";"000502";"5345";"";"032";"10000101";"99991231";"není text"
"052";"000502";"5349";"";"033";"10000101";"99991231";"není text"
"052";"000502";"5363";"";"034";"10000101";"99991231";"není text"
"052";"000502";"5364";"";"035";"10000101";"99991231";"není text"
"052";"000502";"5512";"";"036";"10000101";"99991231";"není text"
"052";"000502";"5532";"";"000";"20000101";"20131231";"Ostatní neinvestiční transfery do zahraničí"
"052";"000502";"5532";"";"000";"20140101";"99991231";"Ostatní neinvestiční transfery do zahraničí"
"052";"000502";"5909";"";"037";"10000101";"99991231";"není text"
"052";"000502";"6331";"";"038";"10000101";"99991231";"není text"
"052";"000502";"6341";"";"000";"20000101";"20131231";"Investiční transfery obcím"
"052";"000502";"6341";"";"000";"20140101";"99991231";"Investiční transfery obcím"
"052";"000502";"6909";"";"000";"20000101";"20131231";"Ostatní kapitálové výdaje jinde nezařazené"
"052";"000502";"6909";"";"000";"20140101";"99991231";"Ostatní kapitálové výdaje jinde nezařazené"
"052";"000509";"2111";"";"000";"20140101";"99991231";"Příjmy z poskytování služeb a výrobků"
"052";"000509";"2111";"";"000";"20000101";"20131231";"Příjmy z poskytování služeb a výrobků"
"052";"000509";"2119";"";"006";"10000101";"99991231";"není text"
"052";"000509";"2221";"";"000";"20000101";"20131231";"Přijaté vratky transferů od jiných veřejných rozpočtů"
"052";"000509";"2221";"";"000";"20140101";"99991231";"Přijaté vratky transferů od jiných veřejných rozpočtů"
"052";"000509";"2310";"";"007";"10000101";"99991231";"není text"
"052";"000509";"2321";"";"008";"10000101";"99991231";"není text"
"052";"000509";"2324";"";"009";"10000101";"99991231";"není text"
"052";"000509";"2328";"";"000";"20000101";"20131231";"Neidentifikované příjmy"
"052";"000509";"2328";"";"000";"20140101";"99991231";"Neidentifikované příjmy"
"052";"000509";"2329";"";"010";"10000101";"99991231";"není text"
"052";"000509";"3111";"";"011";"10000101";"99991231";"není text"
"052";"000509";"3112";"";"012";"10000101";"99991231";"není text"
"052";"000509";"3113";"";"013";"10000101";"99991231";"není text"
"052";"000509";"3119";"";"000";"20000101";"20131231";"Ostatní příjmy z prodeje dlouhodobého majetku"
"052";"000509";"3119";"";"000";"20140101";"99991231";"Ostatní příjmy z prodeje dlouhodobého majetku"
"052";"000509";"3121";"";"014";"10000101";"99991231";"není text"
"052";"000509";"3122";"";"000";"20000101";"20131231";"Přijaté příspěvky na pořízení dlouhodobého majetku"
"052";"000509";"3122";"";"000";"20140101";"99991231";"Přijaté příspěvky na pořízení dlouhodobého majetku"
"052";"000509";"4111";"";"015";"10000101";"99991231";"není text"
"052";"000509";"4118";"";"000";"20000101";"20131231";"Neinvestiční převody z Národního fondu"
"052";"000509";"4118";"";"000";"20140101";"99991231";"Neinvestiční převody z Národního fondu"
"052";"000509";"4121";"";"016";"10000101";"99991231";"není text"
"052";"000509";"4122";"";"017";"10000101";"99991231";"není text"
"052";"000509";"4129";"";"018";"10000101";"99991231";"není text"
"052";"000509";"4132";"";"019";"10000101";"99991231";"není text"
"052";"000509";"4134";"";"020";"10000101";"99991231";"není text"
"052";"000509";"4151";"";"021";"10000101";"99991231";"není text"
"052";"000509";"4152";"";"022";"10000101";"99991231";"není text"
"052";"000509";"4153";"";"023";"10000101";"99991231";"není text"
"052";"000509";"4159";"";"024";"10000101";"99991231";"není text"
"052";"000509";"4221";"";"000";"20000101";"20131231";"Investiční přijaté transfery od obcí"
"052";"000509";"4221";"";"000";"20140101";"99991231";"Investiční přijaté transfery od obcí"
"052";"000509";"4222";"";"025";"10000101";"99991231";"není text"
"052";"000509";"4231";"";"026";"10000101";"99991231";"není text"
"052";"000509";"4232";"";"027";"10000101";"99991231";"není text"
"052";"000509";"4233";"";"028";"10000101";"99991231";"není text"
"052";"000509";"5010";"";"001";"10000101";"99991231";"Počáteční zůstatek"
"052";"000509";"5020";"";"002";"10000101";"99991231";"Příjmy celkem"
"052";"000509";"5040";"";"003";"10000101";"99991231";"Výdaje celkem"
"052";"000509";"5060";"";"004";"10000101";"99991231";"Konečný zůstatek"
"052";"000509";"5070";"";"005";"10000101";"99991231";"Financování"
"052";"000509";"5173";"";"000";"20140101";"99991231";"Cestovné (tuzemské i zahraniční)"
"052";"000509";"5173";"";"000";"20000101";"20131231";"Cestovné (tuzemské i zahraniční)"
"052";"000509";"5192";"";"000";"20000101";"20131231";"Poskytnuté neinvestiční příspěvky a náhrady (část)"
"052";"000509";"5192";"";"000";"20140101";"99991231";"Poskytnuté neinvestiční příspěvky a náhrady (část)"
"052";"000509";"5199";"";"000";"20000101";"20131231";"Ostatní výdaje související s neinvestičními nákupy"
"052";"000509";"5199";"";"000";"20140101";"99991231";"Ostatní výdaje související s neinvestičními nákupy"
"052";"000509";"5222";"";"000";"20000101";"20131231";"Neinvestiční transfery občanským sdružením"
"052";"000509";"5222";"";"000";"20140101";"99991231";"Neinvestiční transfery občanským sdružením"
"052";"000509";"5311";"";"029";"10000101";"99991231";"není text"
"052";"000509";"5318";"";"000";"20140101";"99991231";"Neinvestiční transfery prostředků do státních finančních aktiv"
"052";"000509";"5318";"";"000";"20000101";"20131231";"Neinvestiční transfery prostředků do státních finančních aktiv"
"052";"000509";"5319";"";"030";"10000101";"99991231";"není text"
"052";"000509";"5321";"";"000";"20140101";"99991231";"Neinvestiční transfery obcím"
"052";"000509";"5321";"";"000";"20000101";"20131231";"Neinvestiční transfery obcím"
"052";"000509";"5342";"";"000";"20000101";"20131231";"Převody fondu kulturních a sociálních potřeb a sociálnímu fondu obcí a krajů"
"052";"000509";"5342";"";"000";"20140101";"99991231";"Převody fondu kulturních a sociálních potřeb a sociálnímu fondu obcí a krajů"
"052";"000509";"5343";"";"031";"10000101";"99991231";"není text"
"052";"000509";"5345";"";"032";"10000101";"99991231";"není text"
"052";"000509";"5349";"";"033";"10000101";"99991231";"není text"
"052";"000509";"5363";"";"034";"10000101";"99991231";"není text"
"052";"000509";"5364";"";"035";"10000101";"99991231";"není text"
"052";"000509";"5512";"";"036";"10000101";"99991231";"není text"
"052";"000509";"5532";"";"000";"20000101";"20131231";"Ostatní neinvestiční transfery do zahraničí"
"052";"000509";"5532";"";"000";"20140101";"99991231";"Ostatní neinvestiční transfery do zahraničí"
"052";"000509";"5909";"";"037";"10000101";"99991231";"není text"
"052";"000509";"6331";"";"038";"10000101";"99991231";"není text"
"052";"000509";"6341";"";"000";"20000101";"20131231";"Investiční transfery obcím"
"052";"000509";"6341";"";"000";"20140101";"99991231";"Investiční transfery obcím"
"052";"000509";"6909";"";"000";"20000101";"20131231";"Ostatní kapitálové výdaje jinde nezařazené"
"052";"000509";"6909";"";"000";"20140101";"99991231";"Ostatní kapitálové výdaje jinde nezařazené"
"052";"000600";"0023";"";"001";"10000101";"99991231";"Převody uvnitř peněžního fondu"
"052";"000600";"023";"";"001";"10000101";"99991231";"Převody uvnitř peněžního fondu"
"052";"000700";"7130";"";"001";"10000101";"99991231";"Nedaňové příjmy, kapitálové příjmy a přijaté transfery celkem"
"052";"000700";"7131";"";"002";"10000101";"99991231";"v tom: příjmy z rozpočtu Evropské unie bez SZP - programovací období 2004 až 2006 celkem"
"052";"000700";"7132";"";"003";"10000101";"99991231";"příjmy z rozpočtu Evropské unie bez SZP - programovací období 2007 až 2013 celkem"
"052";"000700";"7135";"";"004";"10000101";"99991231";"příjmy z prostředků ostatních zahraničních programů"
"052";"000700";"7136";"";"005";"10000101";"99991231";"ostatní nedaňové příjmy, kapitálové příjmy a přijaté transfery celkem"
"052";"000700";"7201";"";"006";"10000101";"99991231";"Výdaje na financování regionálních programů"
"052";"000700";"7202";"";"007";"10000101";"99991231";"Státní finanční podpora k hypotečním úvěrům na bytovou výstavbu"
"052";"000700";"7203";"";"008";"10000101";"99991231";"Ostatní výdaje na zabezpečení plnění úkolů Ministerstva pro místní rozvoj"
"052";"000700";"7204";"";"009";"10000101";"99991231";"v tom: výdaje spojené s výkonem předsednictví ČR v Radě Evropské unie"
"052";"000700";"7205";"";"010";"10000101";"99991231";"ostatní výdaje spojené s další činností resortu"
"052";"000700";"7206";"";"011";"10000101";"99991231";"234 410 Podpora rozvoje a obnovy materiálně technické základny CNS"
"052";"000700";"7207";"";"012";"10000101";"99991231";"334 110 Podpora reprodukce majetku ve vlastnictví církví"
"052";"000700";"7208";"";"013";"10000101";"99991231";"Výdaje na zabezpečení plnění úkolů Ministerstva kultury"
"052";"000700";"7209";"";"014";"10000101";"99991231";"v tom: činnost úřadu"
"052";"000700";"7210";"";"015";"10000101";"99991231";"234 010 Rozvoj a obnova materiálně technické základny systému řízení Ministerstva kultury"
"052";"000700";"7211";"";"016";"10000101";"99991231";"výdaje spojené s výkonem předsednictví ČR v Radě Evropské unie"
"052";"000700";"7212";"";"017";"10000101";"99991231";"Neinvestiční výdaje na programy spolufinancované z prostředků EU bez SZP - programovací období 2007 až 2013 (mimo ISPROFIN) celkem"
"052";"000700";"7214";"";"018";"10000101";"99991231";"Příspěvkové organizace zřízené Ministerstvem kultury"
"052";"000700";"7215";"";"019";"10000101";"99991231";"v tom: příspěvek na provoz"
"052";"000700";"7216";"";"020";"10000101";"99991231";"234 110 Rozvoj a obnova materiálně technické základny státních kulturních zařízení, včetně společných projektů spolufinancovaných z prostředků finančního mechanismu EHP/Norsko"
"052";"000700";"7217";"";"021";"10000101";"99991231";"134 120 Program péče o národní kulturní poklad"
"052";"000700";"7218";"";"022";"10000101";"99991231";"společné projekty spolufinancované z prostředků finančního mechanismu EHP/Norsko (bez ISPROFIN)"
"052";"000700";"7219";"";"023";"10000101";"99991231";"ostatní dotace na reprodukci majetku"
"052";"000700";"7220";"";"024";"10000101";"99991231";"Výdaje na spolufinancování komunitáních programů"
"052";"000700";"7221";"";"025";"10000101";"99991231";"Kulturní služby, podpora živého umění"
"052";"000700";"7222";"";"026";"10000101";"99991231";"v tom: Program státní podpory profesionálních divadel a stálých profesionálních symf. orchestrů a pěveckých sborů"
"052";"000700";"7223";"";"027";"10000101";"99991231";"Kulturní aktivity"
"052";"000700";"7224";"";"028";"10000101";"99991231";"Veřejné informační služby knihoven"
"052";"000700";"7225";"";"029";"10000101";"99991231";"Záchrana a obnova kulturních památek"
"052";"000700";"7226";"";"030";"10000101";"99991231";"v tom: Program záchrany architektonického dědictví"
"052";"000700";"7227";"";"031";"10000101";"99991231";"Havárie střech památek"
"052";"000700";"7228";"";"032";"10000101";"99991231";"Program restaurování movitých kulturních památek"
"052";"000700";"7229";"";"033";"10000101";"99991231";"Program regenerace městských památkových rezervací a městských památkových zón"
"052";"000700";"7230";"";"034";"10000101";"99991231";"Péče o vesnické památkové rezervace a zóny a krajinné památkové zóny"
"052";"000700";"7231";"";"035";"10000101";"99991231";"Podpora záchranných archeologických výzkumů"
"052";"000700";"7232";"";"036";"10000101";"99991231";"Program podpory pro památky UNESCO"
"052";"000700";"7233";"";"037";"10000101";"99991231";"Podpora obnovy kulturních památek prostřednictvím obcí s rozšířenou působností"
"052";"000700";"7234";"";"038";"10000101";"99991231";"Integrovaný systém ochrany movitého kulturního dědictví"
"052";"000700";"7235";"";"039";"10000101";"99991231";"Výdaje na odstraňování škod způsobených povodněmi v r. 2002"
"052";"000700";"7236";"";"040";"10000101";"99991231";"Podpora kultury národnostních menšin"
"052";"000700";"7237";"";"041";"10000101";"99991231";"v tom: Podpora kulturních aktivit národnostních menšin"
"052";"000700";"7238";"";"042";"10000101";"99991231";"Podpora projektů integrace příslušníků romské komunity"
"052";"000700";"7239";"";"043";"10000101";"99991231";"Podpora rozšiřování a přijímání informací v jazycích národnostních menšin"
"052";"000700";"7240";"";"044";"10000101";"99991231";"Regionální kulturní zařízení"
"052";"000700";"7241";"";"045";"10000101";"99991231";"v tom: 234 210 Podpora rozvoje a obnovy mat.tech.základny regionálních kulturních zařízení"
"052";"000700";"7242";"";"046";"10000101";"99991231";"334 010 Reprodukce investičního majetku v působnosti MK"
"052";"000700";"7243";"";"047";"10000101";"99991231";"Ostatní výdaje na reprodukci majetku"
"052";"000700";"7244";"";"048";"10000101";"99991231";"v tom: 234 310 Podpora obnovy kulturních památek a ochrany kulturního dědictví"
"052";"000700";"7245";"";"049";"10000101";"99991231";"334 070 Náhrada objektů vydaných v restitucích"
"052";"000700";"7246";"";"050";"10000101";"99991231";"Centrum pro dokumentaci majetkových převodů kulturních statků obětí 2. světové války"
"052";"000700";"7310";"";"051";"10000101";"99991231";"Platy zaměstnanců a ostatní platby za provedenou práci"
"052";"000700";"7320";"";"052";"10000101";"99991231";"Povinné pojistné placené zaměstnavatelem"
"052";"000700";"7330";"";"054";"10000101";"99991231";"Převod fondu kulturních a sociálních potřeb"
"052";"000700";"7349";"";"056";"10000101";"99991231";"Platy zaměstnanců v pracovním poměru"
"052";"000700";"7350";"";"058";"10000101";"99991231";"Výdaje na výzkum a vývoj včetně programů spolufinancovaných z prostředků zahraničních programů"
"052";"000700";"7351";"";"060";"10000101";"99991231";"v tom: ze státního rozpočtu celkem"
"052";"000700";"7352";"";"061";"10000101";"99991231";"v tom: institucionální výdaje celkem"
"052";"000700";"7353";"";"062";"10000101";"99991231";"účelové výdaje celkem"
"052";"000700";"7362";"";"063";"10000101";"99991231";"Programy v působnosti poskytovatelů"
"052";"000700";"7363";"";"064";"10000101";"99991231";"Veřejné zakázky"
"052";"000700";"7394";"";"065";"10000101";"99991231";"Podpora projektů integrace příslušníků rómské komunity"
"052";"000700";"7395";"";"066";"10000101";"99991231";"Zajištění přípravy na krizové situace podle zákona č. 240/2000 Sb."
"052";"000700";"7410";"";"067";"10000101";"99991231";"Výdaje na programy spolufinancované z prostředků EU bez SZP - programovací období 2004 až 2006 celkem"
"052";"000700";"7411";"";"068";"10000101";"99991231";"v tom: ze státního rozpočtu"
"052";"000700";"7412";"";"069";"10000101";"99991231";"kryté příjmem z rozpočtu EU"
"052";"000700";"7430";"";"070";"10000101";"99991231";"Výdaje na programy spolufinancované z prostředků EU bez SZP - programovací období 2007 až 2013 celkem"
"052";"000700";"7431";"";"071";"10000101";"99991231";"v tom: ze státního rozpočtu"
"052";"000700";"7432";"";"072";"10000101";"99991231";"kryté příjmem z rozpočtu EU"
"052";"000700";"7450";"";"073";"10000101";"99991231";"Výdaje na společné projekty, které jsou z části financovány z prostředků ostatních zahraničních programů"
"052";"000700";"7451";"";"074";"10000101";"99991231";"v tom: ze státního rozpočtu"
"052";"000700";"7452";"";"075";"10000101";"99991231";"kryté příjmem z prostředků ostatních zahraničních programů"
"052";"000700";"7650";"";"076";"10000101";"99991231";"Platy zaměstnanců a ostatní platby za provedenou práci ve státní správě 9)"
"052";"000700";"7651";"";"077";"10000101";"99991231";"z toho: Platy zaměstnanců ve státní správě 9)"
"052";"001500";"1501";"";"001";"10000101";"99991231";"Prostředky poskytnuté ze zahraničí a peněžní dary celkem"
"052";"001500";"1502";"";"002";"10000101";"99991231";"z toho: prostředky poskytnuté na stanovený účel celkem"
"052";"001500";"1503";"";"003";"10000101";"99991231";"prostředky poskytnuté bez uvedení účelu"
"052";"001500";"1504";"";"004";"10000101";"99991231";"Odvody neoprávněně použitých nebo zadržených peněžních prostředků podle § 44 odst.2 písm. a), b) a penále za prodlení s nimi"
"052";"001500";"1505";"";"005";"10000101";"99991231";"Příjmy z prodeje majetku, který pro ČR nabyla OSS darem nebo děděním"
"052";"001500";"1506";"";"006";"10000101";"99991231";"Příjmy z prodeje majetku, se kterým bylo zmocněno hospodařit Ministerstvo obrany"
"052";"001500";"1507";"";"007";"10000101";"99991231";"Prostředky převedené podle § 47 celkem (do 31.12.2007)"
"052";"001500";"1508";"";"008";"10000101";"99991231";"z toho: 1) prostředky určené na financování programů (§ 13 odst.3), které jsou zároveň spolufinancovány z rozpočtu EU"
"052";"001500";"1509";"";"009";"10000101";"99991231";"2) prostředky určené na na financování programů (§ 13 odst.3) s výjimkou prostředků podle bodu 1)"
"052";"001500";"1510";"";"010";"10000101";"99991231";"3) prostředky určené na financování programů nebo projektů spolufinancovaných z rozpočtu EU s výjimkou prostředků podle bodu 1)"
"052";"001500";"1511";"";"011";"10000101";"99991231";"4) sociální dávky"
"052";"001500";"1512";"";"012";"10000101";"99991231";"5) prostředky určené na úhrady škod způsobených pojistnými událostmi"
"052";"001500";"1513";"";"013";"10000101";"99991231";"6) ostatní"
"052";"001500";"1514";"";"014";"10000101";"99991231";"Prostředky převedené podle § 50 odst. 2"
"052";"001500";"1515";"";"015";"10000101";"99991231";"Celkem"
"053";"000100";"1";"";"001";"20160101";"99991231";"Profilující výdaje ( A až H ) ř. ( 2 + 3 + 4 + 7 + 10 + 11 + 12 + 13)"
"053";"000100";"1";"";"001";"10000101";"20151231";"Profilující výdaje ( A až F ) ř. ( 2 + 5 + 8 + 9 + 10 + 11)"
"053";"000100";"10";"";"010";"20160101";"99991231";"E. Na jejichž provedení dostává ČR peněžní prostředky od NATO"
"053";"000100";"10";"";"010";"10000101";"20151231";"E. Na výzkum a vývoj *)"
"053";"000100";"11";"";"011";"20160101";"99991231";"F. Na programy podle § 13 odst. 3 rozpočtových pravidel"
"053";"000100";"11";"";"011";"10000101";"20151231";"F. Účelově určené podle § 21 odst. 3 a 4 rozpočtových pravidel *)"
"053";"000100";"12";"";"012";"20160101";"99991231";"G. Účelově určené podle § 21 odst. 3 a 4 rozpočtových pravidel"
"053";"000100";"12";"";"012";"10000101";"20151231";"Neprofilující výdaje"
"053";"000100";"13";"";"013";"10000101";"20151231";"Celkem (ř. 1 + ř. 12)"
"053";"000100";"13";"";"013";"20160101";"99991231";"H. Na výzkum, vývoj a inovace"
"053";"000100";"14";"";"014";"20160101";"99991231";"Neprofilující výdaje"
"053";"000100";"15";"";"015";"20160101";"99991231";"Celkem (ř. 1 + ř. 14)"
"053";"000100";"2";"";"002";"20160101";"99991231";"A. Na platy státních zaměstnanců 3)"
"053";"000100";"2";"";"002";"10000101";"20151231";"A. Na jejichž provedení dostává ČR peněžní prostředky nebo jejich část od EU (ř. 3 + 4)"
"053";"000100";"3";"";"003";"10000101";"20151231";"v tom: výdaje, které jsou financované z národních peněžních prostředků"
"053";"000100";"3";"";"003";"20160101";"99991231";"B. Na platy a ostatní platby za provedenou práci kromě platů státních zaměstnanců 4)"
"053";"000100";"4";"";"004";"10000101";"20151231";"výdaje, které jsou nebo mají být kryty peněžními prostředky od EU"
"053";"000100";"4";"";"004";"20160101";"99991231";" C. Na jejichž provedení dostává ČR peněžní prostředky z EU"
"053";"000100";"5";"";"005";"10000101";"20151231";"B. Na jejichž provedení dostává ČR peněžní prostředky nebo jejich část z finančních mechanismů (ř. 6 + 7)"
"053";"000100";"5";"";"005";"20160101";"99991231";"v tom: výdaje financované z národních peněžních prostředků"
"053";"000100";"6";"";"006";"20160101";"99991231";" výdaje kryté peněžními prostředky z EU"
"053";"000100";"6";"";"006";"10000101";"20151231";"v tom: výdaje, které jsou financované z národních peněžních prostředků"
"053";"000100";"7";"";"007";"20160101";"99991231";"D. Na jejichž provedení dostává ČR peněžní prostředky z finančních mechanismů"
"053";"000100";"7";"";"007";"10000101";"20151231";"výdaje, které jsou nebo mají být kryty peněžními prostředky z finančních mechanismů"
"053";"000100";"8";"";"008";"20160101";"99991231";"v tom: výdaje financované z národních peněžních prostředků"
"053";"000100";"8";"";"008";"10000101";"20151231";"C. Na jejichž provedení dostává ČR peněžní prostředky od NATO"
"053";"000100";"9";"";"009";"20160101";"99991231";" výdaje kryté peněžními prostředky z finančních mechanismů"
"053";"000100";"9";"";"009";"10000101";"20151231";"D. Na programy podle § 13 odst. 3 rozpočtových pravidel *)"
"053";"000200";"1";"";"001";"10000101";"20151231";"Profilující výdaje ( A až F ) ř. ( 2 + 5 + 8 + 9 + 10 + 11)"
"053";"000200";"1";"";"001";"20160101";"99991231";"Profilující výdaje ( A až H ) ř. ( 2 + 3 + 4 + 7 + 10 + 11 + 12 + 13)"
"053";"000200";"10";"";"010";"20160101";"99991231";"E. Na jejichž provedení dostává ČR peněžní prostředky od NATO"
"053";"000200";"10";"";"010";"10000101";"20151231";"E. Na výzkum a vývoj *)"
"053";"000200";"11";"";"011";"20160101";"99991231";"F. Na programy podle § 13 odst. 3 rozpočtových pravidel"
"053";"000200";"11";"";"011";"10000101";"20151231";"F. Účelově určené podle § 21 odst. 3 a 4 rozpočtových pravidel *)"
"053";"000200";"12";"";"012";"20160101";"99991231";"G. Účelově určené podle § 21 odst. 3 a 4 rozpočtových pravidel"
"053";"000200";"12";"";"012";"10000101";"20151231";"Neprofilující výdaje"
"053";"000200";"13";"";"013";"10000101";"20151231";"Celkem (ř. 1 + ř. 12)"
"053";"000200";"13";"";"013";"20160101";"99991231";"H. Na výzkum, vývoj a inovace"
"053";"000200";"14";"";"014";"20160101";"99991231";"Neprofilující výdaje"
"053";"000200";"15";"";"015";"20160101";"99991231";"Celkem (ř. 1 + ř. 14)"
"053";"000200";"2";"";"002";"10000101";"20151231";"A. Na jejichž provedení dostává ČR peněžní prostředky nebo jejich část od EU (ř. 3 + 4)"
"053";"000200";"2";"";"002";"20160101";"99991231";"A. Na platy státních zaměstnanců 3)"
"053";"000200";"3";"";"003";"10000101";"20151231";"v tom: výdaje, které jsou financované z národních peněžních prostředků"
"053";"000200";"3";"";"003";"20160101";"99991231";"B. Na platy a ostatní platby za provedenou práci kromě platů státních zaměstnanců 4)"
"053";"000200";"4";"";"004";"20160101";"99991231";" C. Na jejichž provedení dostává ČR peněžní prostředky z EU"
"053";"000200";"4";"";"004";"10000101";"20151231";"výdaje, které jsou nebo mají být kryty peněžními prostředky od EU"
"053";"000200";"5";"";"005";"20160101";"99991231";"v tom: výdaje financované z národních peněžních prostředků"
"053";"000200";"5";"";"005";"10000101";"20151231";"B. Na jejichž provedení dostává ČR peněžní prostředky nebo jejich část z finančních mechanismů (ř. 6 + 7)"
"053";"000200";"6";"";"006";"10000101";"20151231";"v tom: výdaje, které jsou financované z národních peněžních prostředků"
"053";"000200";"6";"";"006";"20160101";"99991231";" výdaje kryté peněžními prostředky z EU"
"053";"000200";"7";"";"007";"10000101";"20151231";"výdaje, které jsou nebo mají být kryty peněžními prostředky z finančních mechanismů"
"053";"000200";"7";"";"007";"20160101";"99991231";"D. Na jejichž provedení dostává ČR peněžní prostředky z finančních mechanismů"
"053";"000200";"8";"";"008";"20160101";"99991231";"v tom: výdaje financované z národních peněžních prostředků"
"053";"000200";"8";"";"008";"10000101";"20151231";"C. Na jejichž provedení dostává ČR peněžní prostředky od NATO"
"053";"000200";"9";"";"009";"20160101";"99991231";" výdaje kryté peněžními prostředky z finančních mechanismů"
"053";"000200";"9";"";"009";"10000101";"20151231";"D. Na programy podle § 13 odst. 3 rozpočtových pravidel *)"
"055";"000100";"1";"";"001";"20120101";"20161231";"NÁKLADY CELKEM (účtová třída 5 celkem - součet položek 2, 38, 44 a 47)"
"055";"000100";"1";"";"001";"20170101";"99991231";"NÁKLADY CELKEM (účtová třída 5 celkem - součet položek 2, 38, 44 a 46)"
"055";"000100";"1";"501";"001";"10000101";"20111231";"Spotřeba materiálu"
"055";"000100";"10";"511";"010";"20120101";"99991231";"Opravy a udržování"
"055";"000100";"10";"524";"010";"10000101";"20111231";"Zákonné sociální pojištění"
"055";"000100";"11";"512";"011";"20120101";"99991231";"Cestovné"
"055";"000100";"11";"525";"011";"10000101";"20111231";"Jiné sociální pojištění"
"055";"000100";"12";"513";"012";"20120101";"99991231";"Náklady na reprezentaci"
"055";"000100";"12";"527";"012";"10000101";"20111231";"Zákonné sociální náklady"
"055";"000100";"13";"516";"013";"20120101";"99991231";"Aktivace vnitroorganizačních služeb"
"055";"000100";"13";"528";"013";"10000101";"20111231";"Jiné sociální náklady"
"055";"000100";"14";"518";"014";"20120101";"99991231";"Ostatní služby"
"055";"000100";"14";"531";"014";"10000101";"20111231";"Daň silniční"
"055";"000100";"15";"532";"015";"10000101";"20111231";"Daň z nemovitostí"
"055";"000100";"15";"521";"015";"20120101";"99991231";"Mzdové náklady"
"055";"000100";"16";"538";"016";"10000101";"20111231";"Jiné daně a poplatky"
"055";"000100";"16";"524";"016";"20120101";"99991231";"Zákonné sociální pojištění"
"055";"000100";"17";"541";"017";"10000101";"20111231";"Smluvní pokuty a úroky z prodlení"
"055";"000100";"17";"525";"017";"20120101";"99991231";"Jiné sociální pojištění"
"055";"000100";"18";"542";"018";"10000101";"20111231";"Jiné pokuty a penále"
"055";"000100";"18";"527";"018";"20120101";"99991231";"Zákonné sociální náklady"
"055";"000100";"19";"543";"019";"10000101";"20111231";"Dary"
"055";"000100";"19";"528";"019";"20120101";"99991231";"Jiné sociální náklady"
"055";"000100";"2";"502";"002";"10000101";"20111231";"Spotřeba energie"
"055";"000100";"2";"";"002";"20120101";"99991231";"Náklady z činnosti (součet položek 3 až 37)"
"055";"000100";"20";"544";"020";"10000101";"20111231";"Prodaný materiál"
"055";"000100";"20";"531";"020";"20120101";"99991231";"Daň silniční"
"055";"000100";"21";"547";"021";"10000101";"20111231";"Manka a škody"
"055";"000100";"21";"532";"021";"20120101";"99991231";"Daň z nemovitostí"
"055";"000100";"22";"548";"022";"10000101";"20111231";"Tvorba fondu"
"055";"000100";"22";"538";"022";"20120101";"99991231";"Jiné daně a poplatky"
"055";"000100";"23";"551";"023";"10000101";"20111231";"Odpisy dlouhodobého majetku"
"055";"000100";"23";"541";"023";"20120101";"99991231";"Smluvní pokuty a úroky z prodlení"
"055";"000100";"24";"552";"024";"10000101";"20111231";"Zůstatková cena prodaného dlouhodobého nehmotného majetku"
"055";"000100";"24";"542";"024";"20120101";"99991231";"Jiné pokuty a penále"
"055";"000100";"25";"553";"025";"10000101";"20111231";"Zůstatková cena prodaného dlouhodobého hmotného majetku"
"055";"000100";"25";"543";"025";"20120101";"20131231";"Dary"
"055";"000100";"25";"543";"025";"20140101";"99991231";"Dary a jiná bezúplatná předání"
"055";"000100";"26";"554";"026";"10000101";"20111231";"Prodané pozemky"
"055";"000100";"26";"544";"026";"20120101";"99991231";"Prodaný materiál"
"055";"000100";"27";"555";"027";"10000101";"20111231";"Tvorba a zúčtování rezerv"
"055";"000100";"27";"547";"027";"20120101";"99991231";"Manka a škody"
"055";"000100";"28";"556";"028";"10000101";"20111231";"Tvorba a zúčtování opravných položek"
"055";"000100";"28";"548";"028";"20120101";"99991231";"Tvorba fondů"
"055";"000100";"29";"551";"029";"20120101";"99991231";"Odpisy dlouhodobého majetku"
"055";"000100";"29";"557";"029";"10000101";"20111231";"Náklady z odepsaných pohledávek"
"055";"000100";"3";"501";"003";"20120101";"99991231";"Spotřeba materiálu"
"055";"000100";"3";"503";"003";"10000101";"20111231";"Spotřeba jiných neskladovatelných dodávek"
"055";"000100";"30";"552";"030";"20120101";"99991231";"Prodaný dlouhodobý nehmotný majetek"
"055";"000100";"30";"549";"030";"10000101";"20111231";"Ostatní náklady z činnosti"
"055";"000100";"31";"553";"031";"20120101";"99991231";"Prodaný dlouhodobý hmotný majetek"
"055";"000100";"31";"";"031";"10000101";"20111231";"Náklady z činnosti (součet položek 1 až 30)"
"055";"000100";"32";"554";"032";"20120101";"99991231";"Prodané pozemky"
"055";"000100";"32";"562";"032";"10000101";"20111231";"Úroky"
"055";"000100";"33";"563";"033";"10000101";"20111231";"Kurzové ztráty"
"055";"000100";"33";"555";"033";"20120101";"99991231";"Tvorba a zúčtování rezerv"
"055";"000100";"34";"564";"034";"10000101";"20111231";"Náklady z přecenění reálnou hodnotou"
"055";"000100";"34";"556";"034";"20120101";"99991231";"Tvorba a zúčtování opravných položek"
"055";"000100";"35";"557";"035";"20120101";"99991231";"Náklady z vyřazených pohledávek"
"055";"000100";"35";"569";"035";"10000101";"20111231";"Ostatní finanční náklady"
"055";"000100";"36";"";"036";"10000101";"20111231";"Finanční náklady (součet položek 32 až 35)"
"055";"000100";"36";"558";"036";"20120101";"99991231";"Náklady z drobného dlouhodobého majetku"
"055";"000100";"37";"571";"037";"10000101";"20111231";"Náklady na nároky na prostředky státního rozpočtu"
"055";"000100";"37";"549";"037";"20120101";"99991231";"Ostatní náklady z činnosti"
"055";"000100";"38";"572";"038";"10000101";"20111231";"Náklady na nároky na prostředky rozpočtů územních samosprávných celků"
"055";"000100";"38";"";"038";"20120101";"99991231";"Finanční náklady (součet položek 39 až 43)"
"055";"000100";"39";"561";"039";"20120101";"99991231";"Prodané cenné papíry a podíly"
"055";"000100";"39";"574";"039";"10000101";"20111231";"Náklady na ostatní nároky"
"055";"000100";"4";"504";"004";"10000101";"20111231";"Prodané zboží"
"055";"000100";"4";"502";"004";"20120101";"99991231";"Spotřeba energie"
"055";"000100";"40";"562";"040";"20120101";"99991231";"Úroky"
"055";"000100";"40";"";"040";"10000101";"20111231";"Náklady na nároky na prostředky státního rozpočtu a rozpočtů územních samosprávných celků (součet položek 37 až 39)"
"055";"000100";"41";"563";"041";"20120101";"99991231";"Kurzové ztráty"
"055";"000100";"41";"";"041";"10000101";"20111231";"Náklady celkem (účtová třída 5 celkem - součet položek 31, 36 a 40)"
"055";"000100";"42";"601";"042";"10000101";"20111231";"Výnosy z prodeje vlastních výrobků"
"055";"000100";"42";"564";"042";"20120101";"99991231";"Náklady z přecenění reálnou hodnotou"
"055";"000100";"43";"602";"043";"10000101";"20111231";"Výnosy z prodeje služeb"
"055";"000100";"43";"569";"043";"20120101";"99991231";"Ostatní finanční náklady"
"055";"000100";"44";"603";"044";"10000101";"20111231";"Výnosy z pronájmu"
"055";"000100";"44";"";"044";"20120101";"20161231";"Náklady na transfery (součet položek 45 a 46)"
"055";"000100";"44";"";"044";"20170101";"99991231";"Náklady na transfery (součet položek 45)"
"055";"000100";"45";"604";"045";"10000101";"20111231";"Výnosy z prodaného zboží"
"055";"000100";"45";"571";"045";"20120101";"99991231";"Náklady vybraných ústředních vládních institucí na transfery"
"055";"000100";"46";"";"046";"20170101";"99991231";"Daň z příjmů (součet položek 47 a 48)"
"055";"000100";"46";"572";"046";"20120101";"20161231";"Náklady vybraných místních vládních institucí na transfery"
"055";"000100";"46";"609";"046";"10000101";"20111231";"Jiné výnosy z vlastních výkonů"
"055";"000100";"47";"591";"047";"20170101";"99991231";"Daň z příjmů"
"055";"000100";"47";"";"047";"20120101";"20161231";"Daň z příjmů (součet položek 48 a 49)"
"055";"000100";"47";"611";"047";"10000101";"20111231";"Změna stavu nedokončené výroby"
"055";"000100";"48";"595";"048";"20170101";"99991231";"Dodatečné odvody daně z příjmů"
"055";"000100";"48";"591";"048";"20120101";"20161231";"Daň z příjmů"
"055";"000100";"48";"612";"048";"10000101";"20111231";"Změna stavu polotovarů"
"055";"000100";"49";"";"049";"20170101";"99991231";"VÝNOSY CELKEM (účtová třída 6 celkem - součet položek 50, 65 a 71)"
"055";"000100";"49";"595";"049";"20120101";"20161231";"Dodatečné odvody daně z příjmů"
"055";"000100";"49";"613";"049";"10000101";"20111231";"Změna stavu výrobků"
"055";"000100";"5";"511";"005";"10000101";"20111231";"Opravy a udržování"
"055";"000100";"5";"503";"005";"20120101";"99991231";"Spotřeba jiných neskladovatelných dodávek"
"055";"000100";"50";"614";"050";"10000101";"20111231";"Změna stavu ostatních zásob"
"055";"000100";"50";"";"050";"20120101";"20161231";"VÝNOSY CELKEM (účtová třída 6 celkem - součet položek 51, 66 a 72)"
"055";"000100";"50";"";"050";"20170101";"99991231";"Výnosy z činnosti (součet položek 51 až 64)"
"055";"000100";"51";"621";"051";"10000101";"20111231";"Aktivace materiálu a zboží"
"055";"000100";"51";"601";"051";"20170101";"99991231";"Výnosy z prodeje vlastních výrobků"
"055";"000100";"51";"";"051";"20120101";"20161231";"Výnosy z činnosti (součet položek 52 až 65)"
"055";"000100";"52";"622";"052";"10000101";"20111231";"Aktivace vnitroorganizačních služeb"
"055";"000100";"52";"602";"052";"20170101";"99991231";"Výnosy z prodeje služeb"
"055";"000100";"52";"601";"052";"20120101";"20161231";"Výnosy z prodeje vlastních výrobků"
"055";"000100";"53";"623";"053";"10000101";"20111231";"Aktivace dlouhodobého nehmotného majetku"
"055";"000100";"53";"602";"053";"20120101";"20161231";"Výnosy z prodeje služeb"
"055";"000100";"53";"603";"053";"20170101";"99991231";"Výnosy z pronájmu"
"055";"000100";"54";"624";"054";"10000101";"20111231";"Aktivace dlouhodobého hmotného majetku"
"055";"000100";"54";"603";"054";"20120101";"20161231";"Výnosy z pronájmu"
"055";"000100";"54";"604";"054";"20170101";"99991231";"Výnosy z prodaného zboží"
"055";"000100";"55";"604";"055";"20120101";"20161231";"Výnosy z prodaného zboží"
"055";"000100";"55";"609";"055";"20170101";"99991231";"Jiné výnosy z vlastních výkonů"
"055";"000100";"55";"641";"055";"10000101";"20111231";"Smluvní pokuty a úroky z prodlení"
"055";"000100";"56";"609";"056";"20120101";"20161231";"Jiné výnosy z vlastních výkonů"
"055";"000100";"56";"641";"056";"20170101";"99991231";"Smluvní pokuty a úroky z prodlení"
"055";"000100";"56";"642";"056";"10000101";"20111231";"Jiné pokuty a penále"
"055";"000100";"57";"642";"057";"20170101";"99991231";"Jiné pokuty a penále"
"055";"000100";"57";"641";"057";"20120101";"20161231";"Smluvní pokuty a úroky z prodlení"
"055";"000100";"57";"643";"057";"10000101";"20111231";"Výnosy z odepsaných pohledávek"
"055";"000100";"58";"643";"058";"20170101";"99991231";"Výnosy z vyřazených pohledávek"
"055";"000100";"58";"642";"058";"20120101";"20161231";"Jiné pokuty a penále"
"055";"000100";"58";"644";"058";"10000101";"20111231";"Výnosy z prodeje materiálu"
"055";"000100";"59";"644";"059";"20170101";"99991231";"Výnosy z prodeje materiálu"
"055";"000100";"59";"643";"059";"20120101";"20161231";"Výnosy z vyřazených pohledávek"
"055";"000100";"59";"645";"059";"10000101";"20111231";"Výnosy z prodeje dlouhodobého nehmotného majetku"
"055";"000100";"6";"504";"006";"20120101";"99991231";"Prodané zboží"
"055";"000100";"6";"512";"006";"10000101";"20111231";"Cestovné"
"055";"000100";"60";"645";"060";"20170101";"99991231";"Výnosy z prodeje dlouhodobého nehmotného majetku"
"055";"000100";"60";"644";"060";"20120101";"20161231";"Výnosy z prodeje materiálu"
"055";"000100";"60";"646";"060";"10000101";"20111231";"Výnosy z prodeje dlouhodobého hmotného majetku kromě pozemků"
"055";"000100";"61";"646";"061";"20170101";"99991231";"Výnosy z prodeje dlouhodobého hmotného majetku kromě pozemků"
"055";"000100";"61";"645";"061";"20120101";"20161231";"Výnosy z prodeje dlouhodobého nehmotného majetku"
"055";"000100";"61";"647";"061";"10000101";"20111231";"Výnosy z prodeje pozemků"
"055";"000100";"62";"647";"062";"20170101";"99991231";"Výnosy z prodeje pozemků"
"055";"000100";"62";"646";"062";"20120101";"20161231";"Výnosy z prodeje dlouhodobého hmotného majetku kromě pozemků"
"055";"000100";"62";"648";"062";"10000101";"20111231";"Čerpání fondů"
"055";"000100";"63";"649";"063";"10000101";"20111231";"Ostatní výnosy z činnosti"
"055";"000100";"63";"647";"063";"20120101";"20161231";"Výnosy z prodeje pozemků"
"055";"000100";"63";"648";"063";"20170101";"99991231";"Čerpání fondů"
"055";"000100";"64";"648";"064";"20120101";"20161231";"Čerpání fondů"
"055";"000100";"64";"649";"064";"20170101";"99991231";"Ostatní výnosy z činnosti"
"055";"000100";"64";"";"064";"10000101";"20111231";"Výnosy z činnosti (součet položek 42 až 63)"
"055";"000100";"65";"649";"065";"20120101";"20161231";"Ostatní výnosy z činnosti"
"055";"000100";"65";"";"065";"20170101";"99991231";"Finanční výnosy (součet položek 66 až 70)"
"055";"000100";"65";"662";"065";"10000101";"20111231";"Úroky"
"055";"000100";"66";"";"066";"20120101";"20161231";"Finanční výnosy (součet položek 67 až 71)"
"055";"000100";"66";"661";"066";"20170101";"99991231";"Výnosy z prodeje cenných papírů a podílů"
"055";"000100";"66";"663";"066";"10000101";"20111231";"Kursové zisky"
"055";"000100";"67";"661";"067";"20120101";"20161231";"Výnosy z prodeje cenných papírů a podílů"
"055";"000100";"67";"662";"067";"20170101";"99991231";"Úroky"
"055";"000100";"67";"664";"067";"10000101";"20111231";"Výnosy z přecenění reálnou hodnotou"
"055";"000100";"68";"663";"068";"20170101";"99991231";"Kurzové zisky"
"055";"000100";"68";"662";"068";"20120101";"20161231";"Úroky"
"055";"000100";"68";"669";"068";"10000101";"20111231";"Ostatní finanční výnosy"
"055";"000100";"69";"";"069";"10000101";"20111231";"Finanční výnosy (součet položek 65 až 68)"
"055";"000100";"69";"664";"069";"20170101";"99991231";"Výnosy z přecenění reálnou hodnotou"
"055";"000100";"69";"663";"069";"20120101";"20161231";"Kurzové zisky"
"055";"000100";"7";"513";"007";"10000101";"20111231";"Náklady na reprezentaci"
"055";"000100";"7";"506";"007";"20120101";"99991231";"Aktivace dlouhodobého majetku"
"055";"000100";"70";"664";"070";"20120101";"20161231";"Výnosy z přecenění reálnou hodnotou"
"055";"000100";"70";"669";"070";"20170101";"99991231";"Ostatní finanční výnosy"
"055";"000100";"70";"671";"070";"10000101";"20111231";"Výnosy z nároků na prostředky státního rozpočtu"
"055";"000100";"71";"672";"071";"10000101";"20111231";"Výnosy z nároků na prostředky rozpočtů územních samosprávných celků"
"055";"000100";"71";"669";"071";"20120101";"20161231";"Ostatní finanční výnosy"
"055";"000100";"71";"";"071";"20170101";"99991231";"Výnosy z transferů (součet položek 72)"
"055";"000100";"72";"673";"072";"10000101";"20111231";"Výnosy z nároků na prostředky státních fondů"
"055";"000100";"72";"";"072";"20120101";"20161231";"Výnosy z transferů (součet položek 73 a 74)"
"055";"000100";"72";"671";"072";"20170101";"99991231";"Výnosy vybraných ústředních vládních institucí z transferů"
"055";"000100";"73";"674";"073";"10000101";"20111231";"Výnosy z ostatních nároků"
"055";"000100";"73";"671";"073";"20120101";"20161231";"Výnosy vybraných ústředních vládních institucí z transferů"
"055";"000100";"73";"";"073";"20170101";"99991231";"VÝSLEDEK HOSPODAŘENÍ před zdaněním (položka 49 - 2 - 38 - 44)"
"055";"000100";"74";"";"074";"20170101";"99991231";"VÝSLEDEK HOSPODAŘENÍ po zdanění (položka 49 - 1)"
"055";"000100";"74";"672";"074";"20120101";"20161231";"Výnosy vybraných místních vládních institucí z transferů"
"055";"000100";"74";"";"074";"10000101";"20111231";"Výnosy z nároků na prostředky státního rozpočtu,rozpočtů územních samosprávných celků a státních fondů (součet položek 70 až 73)"
"055";"000100";"75";"";"075";"20120101";"20161231";"VÝSLEDEK HOSPODAŘENÍ před zdaněním (položka 50 - 2 - 38 - 44)"
"055";"000100";"75";"";"075";"10000101";"20111231";"Výnosy celkem (účtová třída 6 celkem - součet položek 64, 69 a 74)"
"055";"000100";"76";"";"076";"20120101";"20161231";"VÝSLEDEK HOSPODAŘENÍ po zdanění (položka 50 - 1)"
"055";"000100";"76";"";"076";"10000101";"20111231";"Výsledek hospodaření před zdaněním (položka 75 - 41)"
"055";"000100";"77";"591";"077";"10000101";"20111231";"Daň z příjmů"
"055";"000100";"78";"595";"078";"10000101";"20111231";"Dodatečné odvody daně z příjmů"
"055";"000100";"79";"";"079";"10000101";"20111231";"Výsledek hospodaření po zdanění (+/-) (položka 76 - 77 - 78)"
"055";"000100";"8";"518";"008";"10000101";"20111231";"Ostatní služby"
"055";"000100";"8";"507";"008";"20120101";"99991231";"Aktivace oběžného majetku"
"055";"000100";"9";"508";"009";"20120101";"99991231";"Změna stavu zásob vlastní výroby"
"055";"000100";"9";"521";"009";"10000101";"20111231";"Mzdové náklady"
"055";"000200";"100";"";"097";"20170101";"99991231";"Přepočtený počet míst zaměstnanců v pracovním poměru vyjma zaměstnanců na služebních místech"
"055";"000200";"100";"";"100";"20160101";"20161231";"Průměrný měsíční plat (mzda) zaměstnanců na služebních místech podle zákona o státní službě"
"055";"000200";"101";"";"098";"20170101";"99991231";"Přepočtený počet zaměstnanců na služebních místech podle zákona o státní službě"
"055";"000200";"102";"";"099";"20170101";"99991231";"Průměrný měsíční plat (mzda) zaměstnanců v pracovním poměru vyjma zaměstnanců na služebních místech 10)"
"055";"000200";"103";"";"100";"20170101";"99991231";"Průměrný měsíční plat (mzda) zaměstnanců na služebních místech podle zákona o státní službě 11)"
"055";"000200";"75";"";"075";"20170101";"99991231";"Platy zaměstnanců v pracovním poměru vyjma zaměstnanců na služebních místech"
"055";"000200";"76";"";"076";"20170101";"99991231";"Platy zaměstnanců na služebních místech podle zákona o státní službě"
"055";"000200";"77";"";"077";"20170101";"99991231";"Ostatní osobní náklady"
"055";"000200";"77";"";"077";"20160101";"20161231";"Platy zaměstnanců v pracovním poměru vyjma zaměstnanců na služebních místech"
"055";"000200";"77";"";"077";"20120101";"20151231";"Platy zaměstnanců"
"055";"000200";"78";"";"078";"20170101";"99991231";"Náhrady v době dočasné pracovní neschopnosti"
"055";"000200";"78";"";"078";"20120101";"20151231";"Ostatní osobní náklady"
"055";"000200";"78";"";"078";"20160101";"20161231";"Platy zaměstnanců na služebních místech podle zákona o státní službě"
"055";"000200";"79";"";"079";"20170101";"99991231";"Povinné pojistné placené zaměstnavatelem 1)"
"055";"000200";"79";"";"079";"20120101";"20151231";"Příspěvek na provoz od zřizovatele"
"055";"000200";"79";"";"079";"20160101";"20161231";"Ostatní osobní náklady"
"055";"000200";"80";"";"080";"10000101";"20111231";"Platy zaměstnanců"
"055";"000200";"80";"";"080";"20120101";"20151231";"Individuální a systémové dotace na financování programů a akcí od zřizovatele 1)"
"055";"000200";"80";"";"080";"20160101";"20161231";"Náhrady v době dočasné pracovní neschopnosti"
"055";"000200";"80";"";"080";"20170101";"99991231";"Převod fondu kulturních a sociálních potřeb"
"055";"000200";"81";"";"081";"20120101";"20151231";"Dotace na výzkum, vývoj a inovace od poskytovatelů jiných než od zřizovatele"
"055";"000200";"81";"";"081";"20160101";"20161231";"Povinné pojistné placené zaměstnavatelem 1)"
"055";"000200";"81";"";"081";"20170101";"99991231";"Příspěvek na provoz od zřizovatele"
"055";"000200";"81";"";"081";"10000101";"20111231";"Ostatní osobní náklady"
"055";"000200";"82";"";"082";"20160101";"20161231";"Převod fondu kulturních a sociálních potřeb"
"055";"000200";"82";"";"082";"20170101";"99991231";"Individuální a systémové dotace na financování programů a akcí od zřizovatele 2)"
"055";"000200";"82";"";"082";"10000101";"20111231";"Příspěvek na provoz od zřizovatele"
"055";"000200";"82";"";"082";"20120101";"20151231";"Dotace na úhradu provozních výdajů, které mají být kryty z rozpočtu Evropské unie včetně stanoveného podílu státního rozpočtu na financování těchto výdajů"
"055";"000200";"83";"";"083";"20160101";"20161231";"Příspěvek na provoz od zřizovatele"
"055";"000200";"83";"";"083";"10000101";"20111231";"Individuální a systémové dotace na financování programů a akcí od zřizovatele 1)"
"055";"000200";"83";"";"083";"20170101";"99991231";"Dotace ze státního rozpočtu na výzkum, vývoj a inovace od zřizovatele 3)"
"055";"000200";"83";"";"083";"20120101";"20151231";"Dotace na úhradu provozních výdajů podle mezinárodních smluv, na základě kterých jsou České republice svěřeny peněžní prostředky z finančních mechanismů"
"055";"000200";"84";"";"084";"20160101";"20161231";"Individuální a systémové dotace na financování programů a akcí od zřizovatele 2)"
"055";"000200";"84";"";"084";"20170101";"99991231";"v tom: institucionální podpora"
"055";"000200";"84";"";"084";"20120101";"20151231";"Ostatní příspěvky a dotace 2)"
"055";"000200";"84";"";"084";"10000101";"20111231";"Dotace na výzkum, vývoj a inovace od poskytovatelů jiných než od zřizovatele"
"055";"000200";"85";"";"085";"20170101";"99991231";" účelová podpora"
"055";"000200";"85";"";"085";"20120101";"20151231";"Závazky vůči státnímu rozpočtu celkem 3)"
"055";"000200";"85";"";"085";"20160101";"20161231";"Dotace na výzkum, vývoj a inovace od poskytovatelů jiných než od zřizovatele"
"055";"000200";"85";"";"085";"10000101";"20111231";"Dotace na úhradu provozních výdajů, které mají být kryty z rozpočtu Evropské unie včetně stanoveného podílu státního rozpočtu na financování těchto výdajů"
"055";"000200";"86";"";"086";"20170101";"99991231";"Dotace na výzkum, vývoj a inovace od poskytovatelů jiných než od zřizovatele 3)"
"055";"000200";"86";"";"086";"20160101";"20161231";"Dotace na úhradu výdajů, které mají být kryty z rozpočtu Evropské unie včetně stanoveného podílu státního rozpočtu na financování těchto výdajů"
"055";"000200";"86";"";"086";"20120101";"20151231";"v tom: odvod z provozu a z odpisů 4)"
"055";"000200";"86";"";"086";"10000101";"20111231";"Dotace na úhradu provozních výdajů podle mezinárodních smluv, na základě kterých jsou České republice svěřeny peněžní prostředky z finančních mechanismů"
"055";"000200";"87";"";"087";"20170101";"99991231";"v tom: institucionární podpora"
"055";"000200";"87";"";"087";"20160101";"20161231";"Dotace na úhradu výdajů podle mezinárodních smluv, na základě kterých jsou České republice svěřeny peněžní prostředky z finančních mechanismů"
"055";"000200";"87";"";"087";"10000101";"20111231";"Ostatní příspěvky a dotace 2)"
"055";"000200";"87";"";"087";"20120101";"20151231";" odvod příjmů z prodeje nemovitého státního majetku 5)"
"055";"000200";"88";"";"088";"10000101";"20111231";"Závazky vůči státnímu rozpočtu celkem 3)"
"055";"000200";"88";"";"088";"20170101";"99991231";" účelová podpora"
"055";"000200";"88";"";"088";"20160101";"20161231";"Ostatní příspěvky a dotace 3)"
"055";"000200";"88";"";"088";"20120101";"20151231";" ostatní odvody 5)"
"055";"000200";"89";"";"089";"20120101";"20151231";"Příspěvky a dotace ze státního rozpočtu na výzkum, vývoj a inovace celkem 6)"
"055";"000200";"89";"";"089";"20160101";"20161231";"Závazky vůči státnímu rozpočtu celkem"
"055";"000200";"89";"";"089";"20170101";"99991231";"Dotace na úhradu výdajů, které mají být kryty z rozpočtu Evropské unie včetně stanoveného podílu státního rozpočtu na financování těchto výdajů"
"055";"000200";"89";"";"089";"10000101";"20111231";"v tom: odvod z provozu a z odpisů 4)"
"055";"000200";"90";"";"090";"20120101";"20151231";"v tom: institucionální"
"055";"000200";"90";"";"090";"20160101";"20161231";"v tom: odvod z provozu a z odpisů 4)"
"055";"000200";"90";"";"090";"20170101";"99991231";"Dotace na úhradu výdajů podle mezinárodních smluv, na základě kterých jsou České republice svěřeny peněžní prostředky z finančních mechanismů včetně stanovaného podílu státního rozpočtu na financování těchto výdajů 4)"
"055";"000200";"90";"";"090";"10000101";"20111231";" odvod příjmů z prodeje nemovitého státního majetku 5)"
"055";"000200";"91";"";"091";"20120101";"20151231";" účelové"
"055";"000200";"91";"";"091";"20160101";"20161231";" odvod příjmů z prodeje nemovitého státního majetku 5)"
"055";"000200";"91";"";"091";"20170101";"99991231";"Ostatní příspěvky a dotace 5)"
"055";"000200";"91";"";"091";"10000101";"20111231";" ostatní odvody 5)"
"055";"000200";"92";"";"092";"20160101";"20161231";" ostatní odvody 5)"
"055";"000200";"92";"";"092";"20170101";"99991231";"Závazky vůči státnímu rozpočtu celkem"
"055";"000200";"92";"";"092";"20120101";"20151231";"Použití prostředků rezervního fondu 7)"
"055";"000200";"92";"";"092";"10000101";"20111231";"Příspěvky a dotace ze státního rozpočtu na výzkum, vývoj a inovace celkem 6)"
"055";"000200";"93";"";"093";"20160101";"20161231";"Příspěvky a dotace ze státního rozpočtu na výzkum, vývoj a inovace celkem 6)"
"055";"000200";"93";"";"090";"20170101";"99991231";"v tom: odvod z provozu a z odpisů 6)"
"055";"000200";"93";"";"093";"20120101";"20151231";"Přepočtený počet zaměstnanců"
"055";"000200";"93";"";"093";"10000101";"20111231";"v tom: institucionální"
"055";"000200";"94";"";"094";"20120101";"20151231";"Průměrný plat (mzda) měsíčně"
"055";"000200";"94";"";"094";"10000101";"20111231";" účelové"
"055";"000200";"94";"";"091";"20170101";"99991231";" odvod příjmů z prodeje nemovitého státního majetku 7)"
"055";"000200";"94";"";"094";"20160101";"20161231";"v tom: institucionální"
"055";"000200";"95";"";"092";"20170101";"99991231";" ostatní odvody 7)"
"055";"000200";"95";"";"095";"10000101";"20111231";"Použití prostředků rezervního fondu 7)"
"055";"000200";"95";"";"095";"20160101";"20161231";" účelové"
"055";"000200";"96";"";"093";"20170101";"99991231";"Dotace ze státního rozpočtu na výzkum, vývoj a inovace celkem 8)"
"055";"000200";"96";"";"096";"20160101";"20161231";"Použití prostředků rezervního fondu 7)"
"055";"000200";"96";"";"096";"10000101";"20111231";"Přepočtený počet zaměstnanců"
"055";"000200";"97";"";"097";"10000101";"20111231";"Průměrný plat (mzda) měsíčně v Kč"
"055";"000200";"97";"";"097";"20160101";"20161231";"Přepočtený počet míst zaměstnanců v pracovním poměru vyjma zaměstnanců na služebních místech"
"055";"000200";"97";"";"094";"20170101";"99991231";"v tom: institucionální podpora"
"055";"000200";"98";"";"098";"20160101";"20161231";"Přepočtený počet zaměstnanců na služebních místech podle zákona o státní službě"
"055";"000200";"98";"";"095";"20170101";"99991231";" účelová podpora"
"055";"000200";"99";"";"096";"20170101";"99991231";"Použití prostředků rezervního fondu 9)"
"055";"000200";"99";"";"099";"20160101";"20161231";"Průměrný měsíční plat (mzda) zaměstnanců v pracovním poměru vyjma zaměstnanců na služebních místech"
"057";"000100";"1";"";"001";"20130101";"99991231";"Náklady celkem (účtová třída 5 celkem - součet položek 2, 38, 44 a 46)"
"057";"000100";"1";"";"001";"10000101";"20111231";"Náklady PO - účtová třída 5 celkem"
"057";"000100";"1";"";"001";"20120101";"20121231";"Náklady PO - účtová třída 5 celkem"
"057";"000100";"10";"511";"010";"20130101";"99991231";"Opravy a udržování"
"057";"000100";"10";"";"010";"20120101";"20121231";" Opravy a udržování (číslo účtu 511)"
"057";"000100";"10";"";"010";"10000101";"20111231";" Ostatní služby (číslo účtu 518)"
"057";"000100";"11";"512";"011";"20130101";"99991231";"Cestovné"
"057";"000100";"11";"";"011";"20120101";"20121231";" Cestovné (číslo účtu 512)"
"057";"000100";"11";"";"011";"10000101";"20111231";" Mzdové náklady (číslo účtu 521)"
"057";"000100";"12";"513";"012";"20130101";"99991231";"Náklady na reprezentaci"
"057";"000100";"12";"";"012";"20120101";"20121231";" Náklady na reprezentaci (číslo účtu 513)"
"057";"000100";"12";"";"012";"10000101";"20111231";" v tom: platy zaměstnanců"
"057";"000100";"13";"516";"013";"20130101";"99991231";"Aktivace vnitroorganizačních služeb"
"057";"000100";"13";"";"013";"20120101";"20121231";" Aktivace vnitroorganizačních služeb (číslo účtu 516)"
"057";"000100";"13";"";"013";"10000101";"20111231";" ostatní osobní náklady"
"057";"000100";"14";"518";"014";"20130101";"99991231";"Ostatní služby"
"057";"000100";"14";"";"014";"20120101";"20121231";" Ostatní služby (číslo účtu 518)"
"057";"000100";"14";"";"014";"10000101";"20111231";" Zákonné sociální pojištění (číslo účtu 524)"
"057";"000100";"15";"521";"015";"20130101";"99991231";"Mzdové náklady"
"057";"000100";"15";"";"015";"20120101";"20121231";" Mzdové náklady (číslo účtu 521)"
"057";"000100";"15";"";"015";"10000101";"20111231";" Jiné sociální pojištění (číslo účtu 525)"
"057";"000100";"16";"524";"016";"20130101";"99991231";"Zákonné sociální pojištění"
"057";"000100";"16";"";"016";"20120101";"20121231";" v tom: platy zaměstnanců"
"057";"000100";"16";"";"016";"10000101";"20111231";" Zákonné sociální náklady (číslo účtu 527)"
"057";"000100";"17";"525";"017";"20130101";"99991231";"Jiné sociální pojištění"
"057";"000100";"17";"";"017";"20120101";"20121231";" ostatní osobní náklady"
"057";"000100";"17";"";"017";"10000101";"20111231";" Jiné sociální náklady (číslo účtu 528)"
"057";"000100";"18";"";"018";"20120101";"20121231";" Zákonné sociální pojištění (číslo účtu 524)"
"057";"000100";"18";"527";"018";"20130101";"99991231";"Zákonné sociální náklady"
"057";"000100";"18";"";"018";"10000101";"20111231";" Daň silniční (číslo účtu 531)"
"057";"000100";"19";"";"019";"10000101";"20111231";" Daň z nemovitostí (číslo účtu 532)"
"057";"000100";"19";"";"019";"20120101";"20121231";" Jiné sociální pojištění (číslo účtu 525)"
"057";"000100";"19";"528";"019";"20130101";"99991231";"Jiné sociální náklady"
"057";"000100";"2";"";"002";"20130101";"99991231";"Náklady z činnosti (součet položek 3 až 37)"
"057";"000100";"2";"";"002";"10000101";"20111231";"v tom: Náklady z činnosti"
"057";"000100";"2";"";"002";"20120101";"20121231";" v tom: Náklady z činnosti"
"057";"000100";"20";"";"020";"20120101";"20121231";" Zákonné sociální náklady (číslo účtu 527)"
"057";"000100";"20";"";"020";"10000101";"20111231";" Jiné daně a poplatky (číslo účtu 538)"
"057";"000100";"20";"531";"020";"20130101";"99991231";"Daň silniční"
"057";"000100";"21";"";"021";"10000101";"20111231";" Smluvní pokuty a úroky z prodlení (číslo účtu 541)"
"057";"000100";"21";"";"021";"20120101";"20121231";" Jiné sociální náklady (číslo účtu 528)"
"057";"000100";"21";"532";"021";"20130101";"99991231";"Daň z nemovitostí"
"057";"000100";"22";"";"022";"20120101";"20121231";" Daň silniční (číslo účtu 531)"
"057";"000100";"22";"538";"022";"20130101";"99991231";"Jiné daně a poplatky"
"057";"000100";"22";"";"022";"10000101";"20111231";" Jiné pokuty a penále (číslo účtu 542)"
"057";"000100";"23";"";"023";"10000101";"20111231";" Dary (číslo účtu 543)"
"057";"000100";"23";"";"023";"20120101";"20121231";" Daň z nemovitostí (číslo účtu 532)"
"057";"000100";"23";"541";"023";"20130101";"99991231";"Smluvní pokuty a úroky z prodlení"
"057";"000100";"24";"";"024";"10000101";"20111231";" Prodaný materiál (číslo účtu 544)"
"057";"000100";"24";"";"024";"20120101";"20121231";" Jiné daně a poplatky (číslo účtu 538)"
"057";"000100";"24";"542";"024";"20130101";"99991231";"Jiné pokuty a penále"
"057";"000100";"25";"";"025";"20120101";"20121231";" Smluvní pokuty a úroky z prodlení (číslo účtu 541)"
"057";"000100";"25";"543";"025";"20130101";"20131231";"Dary"
"057";"000100";"25";"543";"025";"20140101";"99991231";"Dary a jiná bezúplatná předání"
"057";"000100";"25";"";"025";"10000101";"20111231";" Manka a škody (číslo účtu 547)"
"057";"000100";"26";"544";"026";"20130101";"99991231";"Prodaný materiál"
"057";"000100";"26";"";"026";"20120101";"20121231";" Jiné pokuty a penále (číslo účtu 542)"
"057";"000100";"26";"";"026";"10000101";"20111231";" Tvorba fondu (číslo účtu 548)"
"057";"000100";"27";"";"027";"10000101";"20111231";" Odpisy dlouhodobého majetku (číslo účtu 551)"
"057";"000100";"27";"";"027";"20120101";"20121231";" Dary (číslo účtu 543)"
"057";"000100";"27";"547";"027";"20130101";"99991231";"Manka a škody"
"057";"000100";"28";"";"028";"10000101";"20111231";" Zůstatková cena prodaného dlouhodobého nehmotného majetku (číslo účtu 552)"
"057";"000100";"28";"";"028";"20120101";"20121231";" Prodaný materiál (číslo účtu 544)"
"057";"000100";"28";"548";"028";"20130101";"99991231";"Tvorba fondů"
"057";"000100";"29";"";"029";"20120101";"20121231";" Manka a škody (číslo účtu 547)"
"057";"000100";"29";"551";"029";"20130101";"99991231";"Odpisy dlouhodobého majetku"
"057";"000100";"29";"";"029";"10000101";"20111231";" Zůstatková cena prodaného dlouhodobého hmotného majetku (číslo účtu 553)"
"057";"000100";"3";"501";"003";"20130101";"99991231";"Spotřeba materiálu"
"057";"000100";"3";"";"003";"20120101";"20121231";" v tom: Spotřeba materiálu (číslo účtu 501)"
"057";"000100";"3";"";"003";"10000101";"20111231";" v tom: Spotřeba materiálu (číslo účtu 501)"
"057";"000100";"30";"552";"030";"20130101";"99991231";"Prodaný dlouhodobý nehmotný majetek"
"057";"000100";"30";"";"030";"20120101";"20121231";" Tvorba fondu (číslo účtu 548)"
"057";"000100";"30";"";"030";"10000101";"20111231";" Prodané pozemky (číslo účtu 554)"
"057";"000100";"31";"";"031";"10000101";"20111231";" Tvorba a zúčtování rezerv (číslo účtu 555)"
"057";"000100";"31";"";"031";"20120101";"20121231";" Odpisy dlouhodobého majetku (číslo účtu 551)"
"057";"000100";"31";"553";"031";"20130101";"99991231";"Prodaný dlouhodobý hmotný majetek"
"057";"000100";"32";"";"032";"10000101";"20111231";" Tvorba a zúčtování opravných položek (číslo účtu 556)"
"057";"000100";"32";"";"032";"20120101";"20121231";" Prodaný dlouhodobý nehmotný majetek (číslo účtu 552)"
"057";"000100";"32";"554";"032";"20130101";"99991231";"Prodané pozemky"
"057";"000100";"33";"";"033";"10000101";"20111231";" Náklady z odepsaných pohledávek (číslo účtu 557)"
"057";"000100";"33";"";"033";"20120101";"20121231";" Prodaný dlouhodobý hmotný majetek (číslo účtu 553)"
"057";"000100";"33";"555";"033";"20130101";"99991231";"Tvorba a zúčtování rezerv"
"057";"000100";"34";"";"034";"10000101";"20111231";" Ostatní náklady z činnosti (číslo účtu 549)"
"057";"000100";"34";"556";"034";"20130101";"99991231";"Tvorba a zúčtování opravných položek"
"057";"000100";"34";"";"034";"20120101";"20121231";" Prodané pozemky (číslo účtu 554)"
"057";"000100";"35";"557";"035";"20130101";"99991231";"Náklady z vyřazených pohledávek"
"057";"000100";"35";"";"035";"20120101";"20121231";" Tvorba a zúčtování rezerv (číslo účtu 555)"
"057";"000100";"35";"";"035";"10000101";"20111231";" Finanční náklady"
"057";"000100";"36";"558";"036";"20130101";"99991231";"Náklady z drobného dlouhodobého majetku"
"057";"000100";"36";"";"036";"20120101";"20121231";" Tvorba a zúčtování opravných položek (číslo účtu 556)"
"057";"000100";"36";"";"036";"10000101";"20111231";" v tom: Úroky (číslo účtu 562)"
"057";"000100";"37";"";"037";"10000101";"20111231";" Kurzové ztráty (číslo účtu 563)"
"057";"000100";"37";"";"037";"20120101";"20121231";" Náklady z vyřazených pohledávek (číslo účtu 557)"
"057";"000100";"37";"549";"037";"20130101";"99991231";"Ostatní náklady z činnosti"
"057";"000100";"38";"";"038";"10000101";"20111231";" Náklady z přecenění reálnou hodnotou (číslo účtu 564)"
"057";"000100";"38";"";"038";"20120101";"20121231";" Náklady z drobného dlouhodobého majetku (číslo účtu 558)"
"057";"000100";"38";"";"038";"20130101";"99991231";"Finanční náklady (součet položek 39 až 43)"
"057";"000100";"39";"";"039";"10000101";"20111231";" Ostatní finanční náklady (číslo účtu 569)"
"057";"000100";"39";"";"039";"20120101";"20121231";" Ostatní náklady z činnosti (číslo účtu 549)"
"057";"000100";"39";"561";"039";"20130101";"99991231";"Prodané cenné papíry a podíly"
"057";"000100";"4";"";"004";"20120101";"20121231";" Spotřeba energie (číslo účtu 502)"
"057";"000100";"4";"";"004";"10000101";"20111231";" Spotřeba energie (číslo účtu 502)"
"057";"000100";"4";"502";"004";"20130101";"99991231";"Spotřeba energie"
"057";"000100";"40";"";"040";"10000101";"20111231";" Náklady na transfery"
"057";"000100";"40";"";"040";"20120101";"20121231";" Finanční náklady"
"057";"000100";"40";"562";"040";"20130101";"99991231";"Úroky"
"057";"000100";"41";"";"041";"10000101";"20111231";" v tom: Náklady ústředních rozpočtů na transfery (číslo účtu 571)"
"057";"000100";"41";"";"041";"20120101";"20121231";" v tom: Prodané cenné papíry a podíly (číslo účtu 561)"
"057";"000100";"41";"563";"041";"20130101";"99991231";"Kurzové ztráty"
"057";"000100";"42";"";"042";"20120101";"20121231";" Úroky (číslo účtu 562)"
"057";"000100";"42";"564";"042";"20130101";"99991231";"Náklady z přecenění reálnou hodnotou"
"057";"000100";"43";"";"043";"10000101";"20111231";" Náklady územních rozpočtů na transfery (číslo účtu 572)"
"057";"000100";"43";"";"043";"20120101";"20121231";" Kurzové ztráty (číslo účtu 563)"
"057";"000100";"43";"569";"043";"20130101";"99991231";"Ostatní finanční náklady"
"057";"000100";"44";"";"044";"20120101";"20121231";" Náklady z přecenění reálnou hodnotou (číslo účtu 564)"
"057";"000100";"44";"";"044";"20130101";"99991231";"Náklady na transfery (součet položek 45)"
"057";"000100";"44";"";"044";"10000101";"20111231";"Výnosy PO - účtová třída 6 celkem"
"057";"000100";"45";"";"045";"10000101";"20111231";"v tom: Výnosy z činnosti"
"057";"000100";"45";"";"045";"20120101";"20121231";" Ostatní finanční náklady (číslo účtu 569)"
"057";"000100";"45";"571";"045";"20130101";"99991231";"Náklady vybraných ústředních vládních institucí na transfery"
"057";"000100";"46";"";"046";"20160101";"99991231";"Daň z příjmů (součet položek 47 a 48)"
"057";"000100";"46";"";"046";"20120101";"20121231";" Náklady na transfery"
"057";"000100";"46";"572";"046";"20130101";"20151231";"Náklady vybraných místních vládních institucí na transfery"
"057";"000100";"46";"";"046";"10000101";"20111231";" v tom: Výnosy z prodeje vlastních výrobků (číslo účtu 601)"
"057";"000100";"47";"";"047";"20130101";"20151231";"Daň z příjmů (součet položek 48 a 49)"
"057";"000100";"47";"";"047";"20120101";"20121231";" v tom: Náklady vybraných ústředních vládních institucí na transfery (číslo účtu 571)"
"057";"000100";"47";"";"047";"10000101";"20111231";" Výnosy z prodeje služeb (číslo účtu 602)"
"057";"000100";"47";"591";"047";"20160101";"99991231";"Daň z příjmů"
"057";"000100";"48";"";"048";"20120101";"20121231";" Náklady vybraných místních vládních institucí na transfery (číslo účtu 572)"
"057";"000100";"48";"591";"048";"20130101";"20151231";"Daň z příjmů"
"057";"000100";"48";"595";"048";"20160101";"99991231";"Dodatečné odvody daně z příjmů"
"057";"000100";"48";"";"048";"10000101";"20111231";" Výnosy z pronájmu (číslo účtu 603)"
"057";"000100";"49";"";"049";"10000101";"20111231";" Výnosy z prodaného zboží (číslo účtu 604)"
"057";"000100";"49";"";"049";"20160101";"99991231";"VÝNOSY CELKEM (účtová třída 6 celkem - součet položek 50, 65 a 71)"
"057";"000100";"49";"595";"049";"20130101";"20151231";"Dodatečné odvody daně z příjmů"
"057";"000100";"49";"";"049";"20120101";"20121231";" Daň z příjmů"
"057";"000100";"5";"503";"005";"20130101";"99991231";"Spotřeba jiných neskladovatelných dodávek"
"057";"000100";"5";"";"005";"10000101";"20111231";" Spotřeba jiných neskladovatelných dodávek (číslo účtu 503)"
"057";"000100";"5";"";"005";"20120101";"20121231";" Spotřeba jiných neskladovatelných dodávek (číslo účtu 503)"
"057";"000100";"50";"";"050";"20160101";"99991231";"Výnosy z činnosti (součet položek 51 až 64)"
"057";"000100";"50";"";"050";"20130101";"20151231";"Výnosy celkem (účtová třída 6 celkem - součet položek 51, 66 a 72)"
"057";"000100";"50";"";"050";"20120101";"20121231";" v tom: Daň z příjmů (číslo účtu 591)"
"057";"000100";"50";"";"050";"10000101";"20111231";" Jiné výnosy z vlastních výkonů (číslo účtu 609)"
"057";"000100";"51";"";"051";"20130101";"20151231";"Výnosy z činnosti (součet položek 52 až 65)"
"057";"000100";"51";"";"051";"20120101";"20121231";" Dodatečné odvody daně z příjmů (číslo účtu 595)"
"057";"000100";"51";"";"051";"10000101";"20111231";" Změna stavu nedokončené výroby (číslo účtu 611)"
"057";"000100";"51";"601";"051";"20160101";"99991231";"Výnosy z prodeje vlastních výrobků"
"057";"000100";"52";"";"052";"20120101";"20121231";"Výnosy PO - účtová třída 6 celkem"
"057";"000100";"52";"";"052";"10000101";"20111231";" Změna stavu polotovarů (číslo účtu 612)"
"057";"000100";"52";"602";"052";"20160101";"99991231";"Výnosy z prodeje služeb"
"057";"000100";"52";"601";"052";"20130101";"20151231";"Výnosy z prodeje vlastních výrobků"
"057";"000100";"53";"";"053";"10000101";"20111231";" Změna stavu výrobků (číslo účtu 613)"
"057";"000100";"53";"";"053";"20120101";"20121231";" v tom: Výnosy z činnosti"
"057";"000100";"53";"602";"053";"20130101";"20151231";"Výnosy z prodeje služeb"
"057";"000100";"53";"603";"053";"20160101";"99991231";"Výnosy z pronájmu"
"057";"000100";"54";"603";"054";"20130101";"20151231";"Výnosy z pronájmu"
"057";"000100";"54";"604";"054";"20160101";"99991231";"Výnosy z prodaného zboží"
"057";"000100";"54";"";"054";"10000101";"20111231";" Změna stavu ostatních zásob (číslo účtu 614)"
"057";"000100";"54";"";"054";"20120101";"20121231";" v tom: Výnosy z prodeje vlastních výrobků (číslo účtu 601)"
"057";"000100";"55";"";"055";"20120101";"20121231";" Výnosy z prodeje služeb (číslo účtu 602)"
"057";"000100";"55";"";"055";"10000101";"20111231";" Aktivace materiálu a zboží (číslo účtu 621)"
"057";"000100";"55";"609";"055";"20160101";"99991231";"Jiné výnosy z vlastních výkonů"
"057";"000100";"55";"604";"055";"20130101";"20151231";"Výnosy z prodaného zboží"
"057";"000100";"56";"";"056";"20120101";"20121231";" Výnosy z pronájmu (číslo účtu 603)"
"057";"000100";"56";"";"056";"10000101";"20111231";" Aktivace vnitroorganizačních služeb (číslo účtu 622)"
"057";"000100";"56";"641";"056";"20160101";"99991231";"Smluvní pokuty a úroky z prodlení"
"057";"000100";"56";"609";"056";"20130101";"20151231";"Jiné výnosy z vlastních výkonů"
"057";"000100";"57";"";"057";"20120101";"20121231";" Výnosy z prodaného zboží (číslo účtu 604)"
"057";"000100";"57";"";"057";"10000101";"20111231";" Aktivace dlouhodobého nehmotného majetku (číslo účtu 623)"
"057";"000100";"57";"642";"057";"20160101";"99991231";"Jiné pokuty a penále"
"057";"000100";"57";"641";"057";"20130101";"20151231";"Smluvní pokuty a úroky z prodlení"
"057";"000100";"58";"";"058";"10000101";"20111231";" Aktivace dlouhodobého hmotného majetku (číslo účtu 624)"
"057";"000100";"58";"642";"058";"20130101";"20151231";"Jiné pokuty a penále"
"057";"000100";"58";"643";"058";"20160101";"99991231";"Výnosy z vyřazených pohledávek"
"057";"000100";"58";"";"058";"20120101";"20121231";" Jiné výnosy z vlastních výkonů (číslo účtu 609)"
"057";"000100";"59";"643";"059";"20130101";"20151231";"Výnosy z vyřazených pohledávek"
"057";"000100";"59";"644";"059";"20160101";"99991231";"Výnosy z prodeje materiálu"
"057";"000100";"59";"";"059";"10000101";"20111231";" Smluvní pokuty a úroky z prodlení (číslo účtu 641)"
"057";"000100";"59";"";"059";"20120101";"20121231";" Smluvní pokuty a úroky z prodlení (číslo účtu 641)"
"057";"000100";"6";"504";"006";"20130101";"99991231";"Prodané zboží"
"057";"000100";"6";"";"006";"10000101";"20111231";" Prodané zboží (číslo účtu 504)"
"057";"000100";"6";"";"006";"20120101";"20121231";" Prodané zboží (číslo účtu 504)"
"057";"000100";"60";"645";"060";"20160101";"99991231";"Výnosy z prodeje dlouhodobého nehmotného majetku"
"057";"000100";"60";"644";"060";"20130101";"20151231";"Výnosy z prodeje materiálu"
"057";"000100";"60";"";"060";"10000101";"20111231";" Jiné pokuty a penále (číslo účtu 642)"
"057";"000100";"60";"";"060";"20120101";"20121231";" Jiné pokuty a penále (číslo účtu 642)"
"057";"000100";"61";"";"061";"10000101";"20111231";" Výnosy z odepsaných pohledávek (číslo účtu 643)"
"057";"000100";"61";"";"061";"20120101";"20121231";" Výnosy z vyřazených pohledávek (číslo účtu 643)"
"057";"000100";"61";"646";"061";"20160101";"99991231";"Výnosy z prodeje dlouhodobého hmotného majetku kromě pozemků"
"057";"000100";"61";"645";"061";"20130101";"20151231";"Výnosy z prodeje dlouhodobého nehmotného majetku"
"057";"000100";"62";"646";"062";"20130101";"20151231";"Výnosy z prodeje dlouhodobého hmotného majetku kromě pozemků"
"057";"000100";"62";"647";"062";"20160101";"99991231";"Výnosy z prodeje pozemků"
"057";"000100";"62";"";"062";"10000101";"20111231";" Výnosy z prodeje materiálu (číslo účtu 644)"
"057";"000100";"62";"";"062";"20120101";"20121231";" Výnosy z prodeje materiálu (číslo účtu 644)"
"057";"000100";"63";"647";"063";"20130101";"20151231";"Výnosy z prodeje pozemků"
"057";"000100";"63";"648";"063";"20160101";"99991231";"Čerpání fondů"
"057";"000100";"63";"";"063";"10000101";"20111231";" Výnosy z prodeje dlouhodobého nehmotného majetku (číslo účtu 645)"
"057";"000100";"63";"";"063";"20120101";"20121231";" Výnosy z prodeje dlouhodobého nehmotného majetku (číslo účtu 645)"
"057";"000100";"64";"";"064";"10000101";"20111231";" Výnosy z prodeje dlouhodobého hmotného majetku kromě pozemků (číslo účtu 646)"
"057";"000100";"64";"";"064";"20120101";"20121231";" Výnosy z prodeje dlouhodobého hmotného majetku kromě pozemků (číslo účtu 646)"
"057";"000100";"64";"648";"064";"20130101";"20151231";"Čerpání fondů"
"057";"000100";"64";"649";"064";"20160101";"99991231";"Ostatní výnosy z činnosti"
"057";"000100";"65";"";"065";"10000101";"20111231";" Výnosy z prodeje pozemků (číslo účtu 647)"
"057";"000100";"65";"";"065";"20120101";"20121231";" Výnosy z prodeje pozemků (číslo účtu 647)"
"057";"000100";"65";"649";"065";"20130101";"20151231";"Ostatní výnosy z činnosti"
"057";"000100";"65";"";"065";"20160101";"99991231";"Finanční výnosy (součet položek 66 až 70)"
"057";"000100";"66";"661";"066";"20160101";"99991231";"Výnosy z prodeje cenných papírů a podílů"
"057";"000100";"66";"";"066";"20130101";"20151231";"Finanční výnosy (součet položek 67 až 71)"
"057";"000100";"66";"";"066";"20120101";"20121231";" Čerpání fondů (číslo účtu 648)"
"057";"000100";"66";"";"066";"10000101";"20111231";" Čerpání fondů (číslo účtu 648)"
"057";"000100";"67";"662";"067";"20160101";"99991231";"Úroky"
"057";"000100";"67";"661";"067";"20130101";"20151231";"Výnosy z prodeje cenných papírů a podílů"
"057";"000100";"67";"";"067";"20120101";"20121231";" Ostatní výnosy z činnosti (číslo účtu 649)"
"057";"000100";"67";"";"067";"10000101";"20111231";" Ostatní výnosy z činnosti (číslo účtu 649)"
"057";"000100";"68";"663";"068";"20160101";"99991231";"Kurzové zisky"
"057";"000100";"68";"662";"068";"20130101";"20151231";"Úroky"
"057";"000100";"68";"";"068";"20120101";"20121231";" Finanční výnosy"
"057";"000100";"68";"";"068";"10000101";"20111231";" Finanční výnosy"
"057";"000100";"69";"664";"069";"20160101";"99991231";"Výnosy z přecenění reálnou hodnotou"
"057";"000100";"69";"663";"069";"20130101";"20151231";"Kurzové zisky"
"057";"000100";"69";"";"069";"10000101";"20111231";" v tom: Úroky (číslo účtu 662)"
"057";"000100";"69";"";"069";"20120101";"20121231";" v tom: Výnosy z prodeje cenných papítů a podílů (číslo účtu 661)"
"057";"000100";"7";"";"007";"10000101";"20111231";" Opravy a udržování (číslo účtu 511)"
"057";"000100";"7";"";"007";"20120101";"20121231";" Aktivace dlouhodobého majetku (číslo účtu 506)"
"057";"000100";"7";"506";"007";"20130101";"99991231";"Aktivace dlouhodobého majetku"
"057";"000100";"70";"669";"070";"20160101";"99991231";"Ostatní finanční výnosy"
"057";"000100";"70";"664";"070";"20130101";"20151231";"Výnosy z přecenění reálnou hodnotou"
"057";"000100";"70";"";"070";"10000101";"20111231";" Kurzové zisky (číslo účtu 663)"
"057";"000100";"70";"";"070";"20120101";"20121231";" Úroky (číslo účtu 662)"
"057";"000100";"71";"";"071";"20120101";"20121231";" Kurzové zisky (číslo účtu 663)"
"057";"000100";"71";"";"071";"10000101";"20111231";" Výnosy z přecenění reálnou hodnotou (číslo účtu 664)"
"057";"000100";"71";"";"071";"20160101";"99991231";"Výnosy z transferů (součet položek 72)"
"057";"000100";"71";"669";"071";"20130101";"20151231";"Ostatní finanční výnosy"
"057";"000100";"72";"671";"072";"20160101";"99991231";"Výnosy vybraných ústředních vládních institucí z transferů"
"057";"000100";"72";"";"072";"10000101";"20111231";" Ostatní finanční výnosy (číslo účtu 669)"
"057";"000100";"72";"";"072";"20120101";"20121231";" Výnosy z přecenění reálnou hodnotou (číslo účtu 664)"
"057";"000100";"72";"";"072";"20130101";"20151231";"Výnosy z transferů (součet položek 73 a 74)"
"057";"000100";"73";"";"073";"20120101";"20121231";" Ostatní finanční výnosy (číslo účtu 669)"
"057";"000100";"73";"";"073";"10000101";"20111231";" Výnosy z transferů"
"057";"000100";"73";"";"073";"20160101";"99991231";"VÝSLEDEK HOSPODAŘENÍ před zdaněním (položka 49 - 2 - 38 - 44)"
"057";"000100";"73";"671";"073";"20130101";"20151231";"Výnosy vybraných ústředních vládních institucí z transferů"
"057";"000100";"74";"";"074";"20120101";"20121231";" Výnosy z transferů"
"057";"000100";"74";"";"074";"20160101";"99991231";"VÝSLEDEK HOSPODAŘENÍ po zdaněním (položka 49 - 1)"
"057";"000100";"74";"672";"074";"20130101";"20151231";"Výnosy vybraných místních vládních institucí z transferů"
"057";"000100";"74";"";"074";"10000101";"20111231";" v tom: Výnosy ústředních rozpočtů z transferů (číslo účtu 671)"
"057";"000100";"75";"";"075";"20130101";"20151231";"Výsledek hospodaření před zdaněním (položka 50 - 2 - 38 - 44)"
"057";"000100";"75";"";"075";"20120101";"20121231";" v tom: Výnosy vybraných ústředních vládních institucí z transferů (číslo účtu 671)"
"057";"000100";"76";"";"076";"20130101";"20151231";" Výsledek hospodaření po zdaněním (položka 50 - 1)"
"057";"000100";"76";"";"076";"20120101";"20121231";" Výnosy vybraných místních vládních institucí z transferů (číslo účtu 672)"
"057";"000100";"77";"";"077";"10000101";"20111231";" Výnosy územních rozpočtů z transferů (číslo účtu 672)"
"057";"000100";"77";"";"077";"20120101";"20121231";"Výsledek hospodaření před zdaněním (ř. 52 - 2 -40 - 46)"
"057";"000100";"78";"";"078";"10000101";"20111231";"Výsledek hospodaření před zdaněním (ř. 44 - 1)"
"057";"000100";"78";"";"078";"20120101";"20121231";"Výsledek hospodaření po zdanění (ř. 52 - 1)"
"057";"000100";"79";"";"079";"10000101";"20111231";"Daň z příjmů (číslo účtu 591)"
"057";"000100";"8";"507";"008";"20130101";"99991231";"Aktivace oběžného majetku"
"057";"000100";"8";"";"008";"20120101";"20121231";" Aktivace oběžného majetku (číslo účtu 507)"
"057";"000100";"8";"";"008";"10000101";"20111231";" Cestovné (číslo účtu 512)"
"057";"000100";"80";"";"080";"10000101";"20111231";"Dodatečné odvody daně z příjmů (číslo účtu 595)"
"057";"000100";"81";"";"081";"10000101";"20111231";"Výsledek hospodaření po zdanění (ř. 78 - 79 - 80)"
"057";"000100";"9";"";"009";"10000101";"20111231";" Náklady na reprezentaci (číslo účtu 513)"
"057";"000100";"9";"";"009";"20120101";"20121231";" Změna stavu zásob vlastní výroby (číslo účtu 508)"
"057";"000100";"9";"508";"009";"20130101";"99991231";"Změna stavu zásob vlastní výroby"
"057";"000200";"100";"";"100";"20160101";"99991231";"Přepočtený počet zaměstnanců v pracovním poměru vyjma zaměstnanců na služebních místech"
"057";"000200";"101";"";"101";"20160101";"99991231";"Přepočtený počet zaměstnanců na služebních místech podle zákona o státní službě"
"057";"000200";"102";"";"102";"20160101";"99991231";"Průměrný měsíční plat (mzda) zaměstnanců v pracovním poměru vyjma zaměstnanců na služebních místech"
"057";"000200";"103";"";"103";"20160101";"99991231";"Průměrný měsíční plat (mzda) zaměstnanců na služebních místech podle zákona o státní službě"
"057";"000200";"75";"";"075";"20160101";"99991231";"Platy zaměstnanců v pracovním poměru vyjma zaměstnanců na služebních místech"
"057";"000200";"76";"";"076";"20160101";"99991231";"Platy zaměstnanců na služebních místech podle zákona o státní službě"
"057";"000200";"77";"";"077";"20130101";"20151231";"Platy zaměstnanců"
"057";"000200";"77";"";"077";"20160101";"99991231";"Ostatní osobní náklady"
"057";"000200";"78";"";"078";"20130101";"20151231";"Ostatní osobní náklady"
"057";"000200";"78";"";"078";"20160101";"99991231";"Náhrady v době dočasné pracovní neschopnosti"
"057";"000200";"79";"";"079";"20160101";"99991231";"Povinné pojistné placené zaměstnavatelem 1)"
"057";"000200";"79";"";"079";"20120101";"20121231";"Příspěvek na provoz od zřizovatele"
"057";"000200";"79";"";"079";"20130101";"20151231";"Příspěvek na provoz od zřizovatele"
"057";"000200";"80";"";"080";"20130101";"20151231";"Individuální a systémové dotace na financování programů a akcí od zřizovatele"
"057";"000200";"80";"";"080";"20160101";"99991231";"Převod fondu kulturních a sociálních potřeb"
"057";"000200";"80";"";"080";"20120101";"20121231";"Individuální a systémové dotace na financování programů a akcí od zřizovatele 1)"
"057";"000200";"81";"";"081";"20160101";"99991231";"Příspěvek na provoz od zřizovatele"
"057";"000200";"81";"";"081";"20120101";"20121231";"Dotace na výzkum, vývoj a inovace od poskytovatelů jiných než od zřizovatele"
"057";"000200";"81";"";"081";"20130101";"20151231";"Dotace na výzkum, vývoj a inovace od poskytovatelů jiných než od zřizovatele"
"057";"000200";"82";"";"082";"20160101";"99991231";"Individuální a systémové dotace na financování programů a akcí od zřizovatele 2)"
"057";"000200";"82";"";"082";"10000101";"20111231";"Příspěvek na provoz od zřizovatele"
"057";"000200";"82";"";"082";"20120101";"20121231";"Dotace na úhradu provozních výdajů, které mají být kryty z rozpočtu Evropské unie včetně stanoveného podílu státního rozpočtu na financování těchto výdajů"
"057";"000200";"82";"";"082";"20130101";"20151231";"Dotace na úhradu provozních výdajů, které mají být kryty z rozpočtu Evropské unie včetně stanoveného podílu státního rozpočtu na financování těchto výdajů"
"057";"000200";"83";"";"083";"10000101";"20111231";"Individuální a systémové dotace na financování programů a akcí od zřizovatele 1)"
"057";"000200";"83";"";"083";"20120101";"20121231";"Dotace na úhradu provozních výdajů podle mezinárodních smluv, na základě kterých jsou České republice svěřeny peněžní prostředky z finančních mechanismů"
"057";"000200";"83";"";"083";"20130101";"20151231";"Dotace na úhradu provozních výdajů podle mezinárodních smluv, na základě kterých jsou České republice svěřeny peněžní prostředky z finančních mechanismů"
"057";"000200";"83";"";"083";"20160101";"99991231";"Dotace ze státního rozpočtu na výzkum, vývoj a inovace od zřizovatele 3)"
"057";"000200";"84";"";"084";"20160101";"99991231";"v tom: institucionální podpora"
"057";"000200";"84";"";"084";"20130101";"20151231";"Ostatní příspěvky a dotace"
"057";"000200";"84";"";"084";"10000101";"20111231";"Dotace na výzkum, vývoj a inovace od poskytovatelů jiných než od zřizovatele"
"057";"000200";"84";"";"084";"20120101";"20121231";"Ostatní příspěvky a dotace 2)"
"057";"000200";"85";"";"085";"20120101";"20121231";"Závazky vůči státnímu rozpočtu celkem3)"
"057";"000200";"85";"";"085";"10000101";"20111231";"Dotace na úhradu provozních výdajů, které mají být kryty z rozpočtu Evropské unie včetně stanoveného podílu státního rozpočtu na financování těchto výdajů"
"057";"000200";"85";"";"085";"20130101";"20151231";"Závazky vůči státnímu rozpočtu celkem"
"057";"000200";"85";"";"085";"20160101";"99991231";" účelová podpora"
"057";"000200";"86";"";"086";"20120101";"20121231";"v tom: odvod z provozu a z odpisů 4)"
"057";"000200";"86";"";"086";"10000101";"20111231";"Dotace na úhradu provozních výdajů podle mezinárodních smluv, na základě kterých jsou České republice svěřeny peněžní prostředky z finančních mechanismů"
"057";"000200";"86";"";"086";"20130101";"20151231";"v tom: odvod z provozu a z odpisů"
"057";"000200";"86";"";"086";"20160101";"99991231";"Dotace na výzkum, vývoj a inovace od poskytovatelů jiných než je zřizovatel 3)"
"057";"000200";"87";"";"087";"10000101";"20111231";"Ostatní příspěvky a dotace 2)"
"057";"000200";"87";"";"087";"20120101";"20121231";" odvod příjmů z prodeje nemovitého státního majetku 5)"
"057";"000200";"87";"";"087";"20130101";"20151231";"Odvod příjmů z prodeje nemovitého státního majetku"
"057";"000200";"87";"";"087";"20160101";"99991231";"v tom: institucionální podpora"
"057";"000200";"88";"";"088";"10000101";"20111231";"Závazky vůči státnímu rozpočtu celkem3)"
"057";"000200";"88";"";"088";"20120101";"20121231";" ostatní odvody 5)"
"057";"000200";"88";"";"088";"20160101";"99991231";" účelová podpora"
"057";"000200";"88";"";"088";"20130101";"20151231";"Ostatní odvody"
"057";"000200";"89";"";"089";"10000101";"20111231";"v tom: odvod z provozu a z odpisů 4)"
"057";"000200";"89";"";"089";"20120101";"20121231";"Příspěvky a dotace ze státního rozpočtu na výzkum, vývoj a inovace celkem 6)"
"057";"000200";"89";"";"089";"20130101";"20151231";"Příspěvky a dotace ze státního rozpočtu na výzkum, vývoj a inovace celkem"
"057";"000200";"89";"";"089";"20160101";"99991231";"Dotace na úhradu výdajů, které mají být kryty z rozpočtu Evropské unie včetně stanoveného podílu státního rozpočtu na financování těchto výdajů 4)"
"057";"000200";"90";"";"090";"20120101";"20121231";"v tom: institucionální"
"057";"000200";"90";"";"090";"20130101";"20151231";"v tom: institucionální"
"057";"000200";"90";"";"090";"10000101";"20111231";" odvod příjmů z prodeje nemovitého státního majetku 5)"
"057";"000200";"90";"";"090";"20160101";"99991231";"Dotace na úhradu výdajů podle mezinárodních smluv, na základě kterých jsou České republice svěřeny peněžní prostředky z finančních mechanismů včetně stanoveného podílu státního rozpočtu na financování těchto výdajů 4)"
"057";"000200";"91";"";"091";"20120101";"20121231";" účelové"
"057";"000200";"91";"";"091";"20130101";"20151231";"účelové"
"057";"000200";"91";"";"091";"10000101";"20111231";" ostatní odvody 5)"
"057";"000200";"91";"";"091";"20160101";"99991231";"Ostatní příspěvky a dotace 5)"
"057";"000200";"92";"";"092";"20120101";"20121231";"Použití prostředků rezervního fondu 7)"
"057";"000200";"92";"";"092";"10000101";"20111231";"Příspěvky a dotace ze státního rozpočtu na výzkum, vývoj a inovace celkem 6)"
"057";"000200";"92";"";"092";"20130101";"20151231";"Použití prostředků rezervního fondu"
"057";"000200";"92";"";"092";"20160101";"99991231";"Závazky vůči státnímu rozpočtu celkem"
"057";"000200";"93";"";"093";"10000101";"20111231";"v tom: institucionální"
"057";"000200";"93";"";"093";"20160101";"99991231";"v tom: odvod z provozu a z odpisů 6)"
"057";"000200";"93";"";"093";"20130101";"20151231";"Přepočtený počet zaměstnanců"
"057";"000200";"93";"";"093";"20120101";"20121231";"Přepočtený počet zaměstnanců"
"057";"000200";"94";"";"094";"20130101";"20151231";"Průměrný plat (mzda) měsíčně"
"057";"000200";"94";"";"094";"20160101";"99991231";" odvod příjmů z prodeje nemovitého státního majetku 7)"
"057";"000200";"94";"";"094";"10000101";"20111231";" účelové"
"057";"000200";"94";"";"094";"20120101";"20121231";"Průměrný plat (mzda) měsíčně v Kč"
"057";"000200";"95";"";"095";"20160101";"99991231";" ostatní odvody 7)"
"057";"000200";"95";"";"095";"10000101";"20111231";"Použití prostředků rezervního fondu 7)"
"057";"000200";"96";"";"096";"20160101";"99991231";"Dotace ze státního rozpočtu na výzkum, vývoj a inovace celkem 8)"
"057";"000200";"96";"";"096";"10000101";"20111231";"Přepočtený počet zaměstnanců"
"057";"000200";"97";"";"097";"10000101";"20111231";"Průměrný plat (mzda) měsíčně v Kč"
"057";"000200";"97";"";"097";"20160101";"99991231";"v tom: institucionální podpora"
"057";"000200";"98";"";"098";"20160101";"99991231";" účelová podpora"
"057";"000200";"99";"";"099";"20160101";"99991231";"Použití prostředků rezervního fondu 9)"
"058";"000300";"3010";"";"001";"10000101";"99991231";"Příjmy celkem"
"058";"000300";"3011";"";"002";"10000101";"99991231";"Třída 1 - Daňové příjmy"
"058";"000300";"3012";"";"003";"10000101";"99991231";"Třída 2 - Nedaňové příjmy"
"058";"000300";"3013";"";"004";"10000101";"99991231";"Třída 3 - Kapitálové příjmy"
"058";"000300";"3014";"";"005";"10000101";"99991231";"Třída 4 - Přijaté transfery"
"058";"000300";"3020";"";"006";"10000101";"99991231";"Konsolidace příjmů"
"058";"000300";"3021";"";"007";"10000101";"99991231";"4133 - Převody z vlastních rezervních fondů (jiných než OSS)"
"058";"000300";"3022";"";"008";"10000101";"99991231";"4134 - Převody z rozpočtových účtů"
"058";"000300";"3023";"";"009";"10000101";"99991231";"4135 - Převody z rezervních fondů OSS"
"058";"000300";"3024";"";"010";"10000101";"99991231";"4136 - Převody z jiných fondů OSS"
"058";"000300";"3025";"";"011";"10000101";"99991231";"4139 - Ostatní převody z vlastních fondů"
"058";"000300";"3050";"";"012";"10000101";"99991231";"Příjmy celkem po konsolidaci"
"058";"000300";"3060";"";"013";"10000101";"99991231";"Výdaje celkem"
"058";"000300";"3061";"";"014";"10000101";"99991231";"Třída 5 - Běžné výdaje"
"058";"000300";"3062";"";"015";"10000101";"99991231";"Třída 6 - Kapitálové výdaje"
"058";"000300";"3070";"";"016";"10000101";"99991231";"Konsolidace výdajů"
"058";"000300";"3072";"";"017";"10000101";"99991231";"5345 - Převody vlastním rozpočtovým účtům"
"058";"000300";"3073";"";"018";"10000101";"99991231";"5346 - Převody do fondů OSS"
"058";"000300";"3074";"";"019";"10000101";"99991231";"5349 - Ostatní převody vlastním fondům"
"058";"000300";"3075";"";"020";"10000101";"99991231";"6361 - Investiční převody do rezervního fondu"
"058";"000300";"3090";"";"021";"10000101";"99991231";"Výdaje celkem po konsolidaci"
"058";"000300";"3100";"";"022";"10000101";"99991231";"Saldo příjmů a výdajů po konsolidaci"
"058";"000300";"3200";"";"023";"10000101";"99991231";"Třída 8 - Financování"
"058";"000300";"3300";"";"024";"10000101";"99991231";"Saldo příjmů a výdajů před konsolidací"
"058";"000700";"7130";"";"001";"10000101";"99991231";"Nedaňové příjmy, kapitálové příjmy a přijaté transfery celkem"
"058";"000700";"7131";"";"002";"10000101";"99991231";"v tom: příjmy z rozpočtu Evropské unie bez SZP - programovací období 2004 až 2006 celkem"
"058";"000700";"7132";"";"003";"10000101";"99991231";"příjmy z rozpočtu Evropské unie bez SZP - programovací období 2007 až 2013 celkem"
"058";"000700";"7135";"";"004";"10000101";"99991231";"příjmy z prostředků ostatních zahraničních programů"
"058";"000700";"7136";"";"005";"10000101";"99991231";"ostatní nedaňové příjmy, kapitálové příjmy a přijaté transfery celkem"
"058";"000700";"7201";"";"006";"10000101";"99991231";"Výdaje na financování regionálních programů"
"058";"000700";"7202";"";"007";"10000101";"99991231";"Státní finanční podpora k hypotečním úvěrům na bytovou výstavbu"
"058";"000700";"7203";"";"008";"10000101";"99991231";"Ostatní výdaje na zabezpečení plnění úkolů Ministerstva pro místní rozvoj"
"058";"000700";"7204";"";"009";"10000101";"99991231";"v tom: výdaje spojené s výkonem předsednictví ČR v Radě Evropské unie"
"058";"000700";"7205";"";"010";"10000101";"99991231";"ostatní výdaje spojené s další činností resortu"
"058";"000700";"7206";"";"011";"10000101";"99991231";"234 410 Podpora rozvoje a obnovy materiálně technické základny CNS"
"058";"000700";"7207";"";"012";"10000101";"99991231";"334 110 Podpora reprodukce majetku ve vlastnictví církví"
"058";"000700";"7208";"";"013";"10000101";"99991231";"Výdaje na zabezpečení plnění úkolů Ministerstva kultury"
"058";"000700";"7209";"";"014";"10000101";"99991231";"v tom: činnost úřadu"
"058";"000700";"7210";"";"015";"10000101";"99991231";"234 010 Rozvoj a obnova materiálně technické základny systému řízení Ministerstva kultury"
"058";"000700";"7211";"";"016";"10000101";"99991231";"výdaje spojené s výkonem předsednictví ČR v Radě Evropské unie"
"058";"000700";"7212";"";"017";"10000101";"99991231";"Neinvestiční výdaje na programy spolufinancované z prostředků EU bez SZP - programovací období 2007 až 2013 (mimo ISPROFIN) celkem"
"058";"000700";"7214";"";"018";"10000101";"99991231";"Příspěvkové organizace zřízené Ministerstvem kultury"
"058";"000700";"7215";"";"019";"10000101";"99991231";"v tom: příspěvek na provoz"
"058";"000700";"7216";"";"020";"10000101";"99991231";"234 110 Rozvoj a obnova materiálně technické základny státních kulturních zařízení, včetně společných projektů spolufinancovaných z prostředků finančního mechanismu EHP/Norsko"
"058";"000700";"7217";"";"021";"10000101";"99991231";"134 120 Program péče o národní kulturní poklad"
"058";"000700";"7218";"";"022";"10000101";"99991231";"společné projekty spolufinancované z prostředků finančního mechanismu EHP/Norsko (bez ISPROFIN)"
"058";"000700";"7219";"";"023";"10000101";"99991231";"ostatní dotace na reprodukci majetku"
"058";"000700";"7220";"";"024";"10000101";"99991231";"Výdaje na spolufinancování komunitáních programů"
"058";"000700";"7221";"";"025";"10000101";"99991231";"Kulturní služby, podpora živého umění"
"058";"000700";"7222";"";"026";"10000101";"99991231";"v tom: Program státní podpory profesionálních divadel a stálých profesionálních symf. orchestrů a pěveckých sborů"
"058";"000700";"7223";"";"027";"10000101";"99991231";"Kulturní aktivity"
"058";"000700";"7224";"";"028";"10000101";"99991231";"Veřejné informační služby knihoven"
"058";"000700";"7225";"";"029";"10000101";"99991231";"Záchrana a obnova kulturních památek"
"058";"000700";"7226";"";"030";"10000101";"99991231";"v tom: Program záchrany architektonického dědictví"
"058";"000700";"7227";"";"031";"10000101";"99991231";"Havárie střech památek"
"058";"000700";"7228";"";"032";"10000101";"99991231";"Program restaurování movitých kulturních památek"
"058";"000700";"7229";"";"033";"10000101";"99991231";"Program regenerace městských památkových rezervací a městských památkových zón"
"058";"000700";"7230";"";"034";"10000101";"99991231";"Péče o vesnické památkové rezervace a zóny a krajinné památkové zóny"
"058";"000700";"7231";"";"035";"10000101";"99991231";"Podpora záchranných archeologických výzkumů"
"058";"000700";"7232";"";"036";"10000101";"99991231";"Program podpory pro památky UNESCO"
"058";"000700";"7233";"";"037";"10000101";"99991231";"Podpora obnovy kulturních památek prostřednictvím obcí s rozšířenou působností"
"058";"000700";"7234";"";"038";"10000101";"99991231";"Integrovaný systém ochrany movitého kulturního dědictví"
"058";"000700";"7235";"";"039";"10000101";"99991231";"Výdaje na odstraňování škod způsobených povodněmi v r. 2002"
"058";"000700";"7236";"";"040";"10000101";"99991231";"Podpora kultury národnostních menšin"
"058";"000700";"7237";"";"041";"10000101";"99991231";"v tom: Podpora kulturních aktivit národnostních menšin"
"058";"000700";"7238";"";"042";"10000101";"99991231";"Podpora projektů integrace příslušníků romské komunity"
"058";"000700";"7239";"";"043";"10000101";"99991231";"Podpora rozšiřování a přijímání informací v jazycích národnostních menšin"
"058";"000700";"7240";"";"044";"10000101";"99991231";"Regionální kulturní zařízení"
"058";"000700";"7241";"";"045";"10000101";"99991231";"v tom: 234 210 Podpora rozvoje a obnovy mat.tech.základny regionálních kulturních zařízení"
"058";"000700";"7242";"";"046";"10000101";"99991231";"334 010 Reprodukce investičního majetku v působnosti MK"
"058";"000700";"7243";"";"047";"10000101";"99991231";"Ostatní výdaje na reprodukci majetku"
"058";"000700";"7244";"";"048";"10000101";"99991231";"v tom: 234 310 Podpora obnovy kulturních památek a ochrany kulturního dědictví"
"058";"000700";"7245";"";"049";"10000101";"99991231";"334 070 Náhrada objektů vydaných v restitucích"
"058";"000700";"7246";"";"050";"10000101";"99991231";"Centrum pro dokumentaci majetkových převodů kulturních statků obětí 2. světové války"
"058";"000700";"7310";"";"051";"10000101";"99991231";"Platy zaměstnanců a ostatní platby za provedenou práci"
"058";"000700";"7320";"";"052";"10000101";"99991231";"Povinné pojistné placené zaměstnavatelem"
"058";"000700";"7330";"";"054";"10000101";"99991231";"Převod fondu kulturních a sociálních potřeb"
"058";"000700";"7349";"";"056";"10000101";"99991231";"Platy zaměstnanců v pracovním poměru"
"058";"000700";"7350";"";"058";"10000101";"99991231";"Výdaje na výzkum a vývoj včetně programů spolufinancovaných z prostředků zahraničních programů"
"058";"000700";"7351";"";"060";"10000101";"99991231";"v tom: ze státního rozpočtu celkem"
"058";"000700";"7352";"";"061";"10000101";"99991231";"v tom: institucionální výdaje celkem"
"058";"000700";"7353";"";"062";"10000101";"99991231";"účelové výdaje celkem"
"058";"000700";"7362";"";"063";"10000101";"99991231";"Programy v působnosti poskytovatelů"
"058";"000700";"7363";"";"064";"10000101";"99991231";"Veřejné zakázky"
"058";"000700";"7394";"";"065";"10000101";"99991231";"Podpora projektů integrace příslušníků rómské komunity"
"058";"000700";"7395";"";"066";"10000101";"99991231";"Zajištění přípravy na krizové situace podle zákona č. 240/2000 Sb."
"058";"000700";"7410";"";"067";"10000101";"99991231";"Výdaje na programy spolufinancované z prostředků EU bez SZP - programovací období 2004 až 2006 celkem"
"058";"000700";"7411";"";"068";"10000101";"99991231";"v tom: ze státního rozpočtu"
"058";"000700";"7412";"";"069";"10000101";"99991231";"kryté příjmem z rozpočtu EU"
"058";"000700";"7430";"";"070";"10000101";"99991231";"Výdaje na programy spolufinancované z prostředků EU bez SZP - programovací období 2007 až 2013 celkem"
"058";"000700";"7431";"";"071";"10000101";"99991231";"v tom: ze státního rozpočtu"
"058";"000700";"7432";"";"072";"10000101";"99991231";"kryté příjmem z rozpočtu EU"
"058";"000700";"7450";"";"073";"10000101";"99991231";"Výdaje na společné projekty, které jsou z části financovány z prostředků ostatních zahraničních programů"
"058";"000700";"7451";"";"074";"10000101";"99991231";"v tom: ze státního rozpočtu"
"058";"000700";"7452";"";"075";"10000101";"99991231";"kryté příjmem z prostředků ostatních zahraničních programů"
"058";"000700";"7650";"";"076";"10000101";"99991231";"Platy zaměstnanců a ostatní platby za provedenou práci ve státní správě 9)"
"058";"000700";"7651";"";"077";"10000101";"99991231";"z toho: Platy zaměstnanců ve státní správě 9)"
"060";"000300";"3010";"";"001";"20150101";"99991231";"Příjmy celkem"
"060";"000300";"3011";"";"002";"20150101";"99991231";"Třída 1 - Daňové příjmy"
"060";"000300";"3012";"";"003";"20150101";"99991231";"Třída 2 - Nedaňové příjmy"
"060";"000300";"3013";"";"004";"20150101";"99991231";"Třída 3 - Kapitálové příjmy"
"060";"000300";"3014";"";"005";"20150101";"99991231";"Třída 4 - Přijaté transfery"
"060";"000300";"3020";"";"006";"20220101";"99991231";"Konsolidace příjmů"
"060";"000300";"3021";"";"007";"20220101";"99991231";"4132 - Převody z ostatních vlastních fondů"
"060";"000300";"3022";"";"008";"20220101";"99991231";"4134 - Převody z rozpočtových účtů"
"060";"000300";"3023";"";"009";"20220101";"99991231";"4139 - Ostatní převody z vlastních účtů"
"060";"000300";"3024";"";"010";"20220101";"99991231";"4140 - Převody z vlastních účtů přes rok"
"060";"000300";"3030";"";"011";"20220101";"99991231";"Příjmy celkem po konsolidaci"
"060";"000300";"3060";"";"012";"20150101";"99991231";"Výdaje celkem"
"060";"000300";"3061";"";"013";"20150101";"99991231";"Třída 5 - Běžné výdaje"
"060";"000300";"3062";"";"014";"20150101";"99991231";"Třída 6 - Kapitálové výdaje"
"060";"000300";"3070";"";"015";"20220101";"99991231";"Konsolidace výdajů"
"060";"000300";"3071";"";"016";"20220101";"99991231";"5343 - Převody na účty nemající povahu veřejných rozpočtů"
"060";"000300";"3072";"";"017";"20220101";"99991231";"5345 - Převody vlastním rozpočtovým účtům"
"060";"000300";"3073";"";"018";"20220101";"99991231";"5349 - Ostatní převody vlastním fondům"
"060";"000300";"3074";"";"019";"20220101";"99991231";"5350 - Převody do vlastních fondů přes rok"
"060";"000300";"3080";"";"020";"20220101";"99991231";"Výdaje celkem po konsolidaci"
"060";"000300";"3100";"";"021";"20150101";"99991231";"Saldo příjmů a výdajů po konsolidaci"
"060";"000300";"3200";"";"022";"20150101";"99991231";"Třída 8 - Financování"
"060";"000400";"4040";"";"001";"20150101";"99991231";"Bankovní účty státního fondu celkem"
"061";"000100";"110";"";"001";"10000101";"99991231";"Ústřední orgán státní správy"
"061";"000100";"111";"";"002";"20160101";"99991231";" zaměstnanci v precovním poměru vyjma zaměstnanců na služebních místech"
"061";"000100";"111";"";"003";"20150101";"20151231";"zaměstnanci ozbrojených sborů a složek ve služebním poměru"
"061";"000100";"111";"";"002";"10000101";"20141231";"z toho: příslušníci a vojáci"
"061";"000100";"112";"";"005";"20150101";"20151231";"s platy odvozenými od ústavních činitelů"
"061";"000100";"112";"";"003";"10000101";"20141231";" s odměňováním odvozeným"
"061";"000100";"112";"";"003";"20160101";"99991231";" zaměstnanci bezpečnostních sborů a ozbrojených sil ve služebním poměru"
"061";"000100";"113";"";"004";"20160101";"99991231";" zaměstnanci na služebních místech podle zákona o státní službě"
"061";"000100";"113";"";"002";"20150101";"20151231";"z toho: zaměstnanci v pracovním poměru"
"061";"000100";"114";"";"005";"20160101";"99991231";" zaměstnanci s platy odvozenými od platů ústavních činitelů"
"061";"000100";"114";"";"004";"20150101";"20151231";"státní úředníci"
"061";"000100";"120";"";"006";"20150101";"99991231";"Jednotlivé organizační složky státu - státní správa"
"061";"000100";"120";"";"004";"10000101";"20141231";"Jednotlivé organizační složky státu - státní správa"
"061";"000100";"121";"";"005";"10000101";"20141231";"z toho: příslušníci a vojáci"
"061";"000100";"121";"";"007";"20160101";"99991231";" zaměstnanci v precovním poměru vyjma zaměstnanců na služebních místech"
"061";"000100";"121";"";"008";"20150101";"20151231";"zaměstnanci ozbrojených sborů a složek ve služebním poměru"
"061";"000100";"122";"";"006";"10000101";"20141231";" s odměňováním odvozeným"
"061";"000100";"122";"";"010";"20150101";"20151231";"s platy odvozenými od ústavních činitelů"
"061";"000100";"122";"";"008";"20160101";"99991231";" zaměstnanci bezpečnostních sborů a ozbrojených sil ve služebním poměru"
"061";"000100";"123";"";"007";"20150101";"20151231";"z toho: zaměstnanci v pracovním poměru"
"061";"000100";"123";"";"009";"20160101";"99991231";" zaměstnanci na služebních místech podle zákona o státní službě"
"061";"000100";"124";"";"009";"20150101";"20151231";"státní úředníci"
"061";"000100";"124";"";"010";"20160101";"99991231";" zaměstnanci s platy odvozenými od platů ústavních činitelů"
"061";"000100";"130";"";"007";"10000101";"20141231";"Jednotlivé SOBCPO"
"061";"000100";"130";"";"011";"20150101";"99991231";"Jednotlivé SOBCPO"
"061";"000100";"131";"";"008";"10000101";"20141231";"z toho: příslušníci a vojáci"
"061";"000100";"131";"";"013";"20150101";"20151231";"zaměstnanci ozbrojených sborů a složek ve služebním poměru"
"061";"000100";"131";"";"012";"20160101";"99991231";" zaměstnanci v precovním poměru vyjma zaměstnanců na služebních místech"
"061";"000100";"132";"";"009";"10000101";"20141231";" s odměňováním odvozeným"
"061";"000100";"132";"";"015";"20150101";"20151231";"s platy odvozenými od ústavních činitelů"
"061";"000100";"132";"";"013";"20160101";"99991231";" zaměstnanci bezpečnostních sborů a ozbrojených sil ve služebním poměru"
"061";"000100";"133";"";"012";"20150101";"20151231";"z toho: zaměstnanci v pracovním poměru"
"061";"000100";"133";"";"014";"20160101";"99991231";" zaměstnanci na služebních místech podle zákona o státní službě"
"061";"000100";"134";"";"014";"20150101";"20151231";"státní úředníci"
"061";"000100";"134";"";"015";"20160101";"99991231";" zaměstnanci s platy odvozenými od platů ústavních činitelů"
"061";"000100";"140";"";"010";"10000101";"20141231";"Ostatní organizační složky státu"
"061";"000100";"140";"";"016";"20150101";"99991231";"Ostatní organizační složky státu"
"061";"000100";"141";"";"018";"20150101";"20151231";"zaměstnanci ozbrojených sborů a složek ve služebním poměru"
"061";"000100";"141";"";"017";"20160101";"99991231";" zaměstnanci v precovním poměru vyjma zaměstnanců na služebních místech"
"061";"000100";"141";"";"011";"10000101";"20141231";"z toho: příslušníci a vojáci"
"061";"000100";"142";"";"020";"20150101";"20151231";"s platy odvozenými od ústavních činitelů"
"061";"000100";"142";"";"018";"20160101";"99991231";" zaměstnanci bezpečnostních sborů a ozbrojených sil ve služebním poměru"
"061";"000100";"142";"";"012";"10000101";"20141231";" s odměňováním odvozeným"
"061";"000100";"143";"";"017";"20150101";"20151231";"z toho: zaměstnanci v pracovním poměru"
"061";"000100";"143";"";"019";"20160101";"99991231";" zaměstnanci na služebních místech podle zákona o státní službě"
"061";"000100";"144";"";"020";"20160101";"99991231";" zaměstnanci s platy odvozenými od platů ústavních činitelů"
"061";"000100";"144";"";"019";"20150101";"20151231";"státní úředníci"
"061";"000100";"500";"";"021";"10000101";"99991231";"Státní příspěvkové organizace"
"061";"000100";"501";"";"022";"20160101";"99991231";" zaměstnanci v pracovním poměru vyjma zaměstnanců na služebních místech"
"061";"000100";"502";"";"023";"20160101";"99991231";" zaměstnanci na služebních místech podle zákona o státní službě"
"062";"001500";"1501";"";"001";"20150101";"99991231";"Prostředky poskytnuté ze zahraničí a peněžní dary celkem"
"062";"001500";"1502";"";"002";"20150101";"99991231";"z toho: prostředky poskytnuté na stanovený účel celkem"
"062";"001500";"1503";"";"003";"20150101";"99991231";" prostředky poskytnuté bez uvedení účelu"
"062";"001500";"1504";"";"004";"20160101";"99991231";"Odvody neoprávněně použitých nebo zadržených peněžních prostředků podle § 44 odst.2 písm. a), b), g) a h) a penále za prodlení s nimi"
"062";"001500";"1504";"";"004";"20150101";"20151231";"Odvody neoprávněně použitých nebo zadržených peněžních prostředků podle § 44 odst.2 písm. a), b) a penále za prodlení s nimi"
"062";"001500";"1505";"";"005";"20150101";"99991231";"Příjmy z prodeje majetku, který pro ČR nabyla OSS darem nebo děděním"
"062";"001500";"1506";"";"006";"20150101";"99991231";"Příjmy z prodeje majetku, se kterým bylo zmocněno hospodařit Ministerstvo obrany"
"062";"001500";"1507";"";"007";"20150101";"20171231";"Prostředky převedené podle § 50 odst. 2"
"062";"001500";"1507";"";"008";"20180101";"99991231";"Prostředky poskytnuté z fondu zábrany škod"
"062";"001500";"1508";"";"009";"20180101";"99991231";"Celkem"
"062";"001500";"1508";"";"008";"20160101";"20171231";"Prostředky poskytnuté z fondu zábrany škod"
"062";"001500";"1508";"";"008";"20150101";"20151231";"Celkem"
"062";"001500";"1509";"";"010";"20160101";"20171231";"Celkem"
"301";"000100";"A.";"";"002";"10000101";"99991231";"Peněžní toky z provozní činnosti"
"301";"000100";"A.I.";"";"004";"10000101";"99991231";"Úpravy o nepeněžní operace ( + / - )"
"301";"000100";"A.I.1.";"";"005";"10000101";"99991231";"Odpisy dlouhodobého majetku"
"301";"000100";"A.I.2.";"";"006";"10000101";"99991231";"Změna stavu opravných položek"
"301";"000100";"A.I.3.";"";"007";"10000101";"99991231";"Změna stavu rezerv"
"301";"000100";"A.I.4.";"";"008";"10000101";"99991231";"Zisk (ztráta) z prodeje dlouhodobého majetku"
"301";"000100";"A.I.5.";"";"009";"10000101";"99991231";"Výnosy z dividend a podílů na zisku"
"301";"000100";"A.I.6.";"";"010";"10000101";"99991231";"Ostatní úpravy o nepeněžní operace"
"301";"000100";"A.II.";"";"011";"10000101";"99991231";"Peněžní toky ze změny oběžných aktiv a krátkodobých závazků ( + / - )"
"301";"000100";"A.II.1.";"";"012";"10000101";"99991231";"Změna stavu krátkodobých pohledávek"
"301";"000100";"A.II.2.";"";"013";"10000101";"99991231";"Změna stavu krátkodobých závazků"
"301";"000100";"A.II.3.";"";"014";"10000101";"99991231";"Změna stavu zásob"
"301";"000100";"A.II.4.";"";"015";"10000101";"99991231";"Změna stavu krátkodobého finančního majetku"
"301";"000100";"A.III.";"";"016";"10000101";"99991231";"Zaplacená daň z příjmů včetně doměrků ( - )"
"301";"000100";"A.IV.";"";"017";"10000101";"99991231";"Přijaté dividendy a podíly na zisku"
"301";"000100";"B.";"";"018";"10000101";"99991231";"Peněžní toky z dlouhodobých aktiv"
"301";"000100";"B.I.";"";"019";"10000101";"99991231";"Výdaje na pořízení dlouhodobých aktiv"
"301";"000100";"B.II.";"";"020";"10000101";"99991231";"Výdaje na půjčky osobám ve skupině"
"301";"000100";"B.III.";"";"021";"10000101";"99991231";"Příjmy z prodeje dlouhodobých aktiv"
"301";"000100";"B.III.1.";"";"022";"10000101";"99991231";"Příjmy z privatizace státního majetku"
"301";"000100";"B.III.2.";"";"023";"10000101";"99991231";"Příjmy z prodeje majetku Pozemkového fondu České republiky"
"301";"000100";"B.III.3.";"";"024";"10000101";"99991231";"Příjmy z prodeje dlouhodobého majetku určeného k prodeji"
"301";"000100";"B.III.4.";"";"025";"10000101";"99991231";"Ostatní příjmy z prodeje dlouhodobých aktiv"
"301";"000100";"B.IV.";"";"026";"10000101";"99991231";"Příjmy z vrácených půjček osobám ve skupině"
"301";"000100";"B.V.";"";"027";"10000101";"99991231";"Ostatní peněžní toky z dlouhodobých aktiv ( + / - )"
"301";"000100";"C.";"";"028";"10000101";"99991231";"Peněžní toky z vlastního kapitálu, dlouhodobých závazků a dlouhodobých pohledávek"
"301";"000100";"C.I.";"";"029";"10000101";"99991231";"Peněžní toky vyplývající ze změny vlastního kapitálu ( + / - )"
"301";"000100";"C.II.";"";"030";"10000101";"99991231";"Změna stavu dlouhodobých závazků ( + / - )"
"301";"000100";"C.III.";"";"031";"10000101";"99991231";"Změna stavu dlouhodobých pohledávek ( + / - )"
"301";"000100";"F.";"";"032";"10000101";"99991231";"Celková změna stavu peněžních prostředků"
"301";"000100";"P.";"";"001";"10000101";"99991231";"Stav peněžních prostředků k 1. lednu"
"301";"000100";"R.";"";"033";"10000101";"99991231";"Stav peněžních prostředků k okamžiku sestavení mezitímní účetní závěrky nebo k rozvahovému dni (z rozvahy účetní jednotky a zároveň podle vzorce: R. = P.+ F.)"
"301";"000100";"Z.";"";"003";"10000101";"99991231";"Výsledek hospodaření před zdaněním"
"302";"000100";"C.";"";"001";"10000101";"99991231";"Vlastní kapitál"
"302";"000100";"C.I.";"";"002";"10000101";"99991231";"Jmění účetní jednotky a upravující položky"
"302";"000100";"C.II.";"";"003";"10000101";"99991231";"Fondy účetní jednotky"
"302";"000100";"C.III.";"";"004";"10000101";"99991231";"Výsledek hospodaření"
